_std_obs,ValFuncLoss,_max_discrew,Beta,_lr_multiplier,_min_act,ExplainedVarOld,_max_act,_max_obs,_mean_act,_std_adv,KL,_min_adv,PolicyLoss,_min_obs,PolicyEntropy,_mean_adv,_MeanReward,_Episode,_min_discrew,_std_discrew,_max_adv,_mean_obs,ExplainedVarNew,_std_act,Steps,_mean_discrew
0.025860782230961547,0.002027661448601521,-0.0050000000000000044,1.5,1.0,-2.4663941860198975,0.06241858718013238,2.1002626419067383,0.6915435966967052,-0.09275097373407334,0.9999491285008723,0.008355028,-2.8657939756967314,-0.01893695,-1.4638436892697937,3.6761878,-1.4921397450962105e-16,-49.85,20,-0.2216874429313581,0.004059905757833363,3.8274020800189965,-0.11387909156104023,0.7096857053739596,0.3628046482266832,1000,-0.1176343753869424
0.010422587232735045,0.0031627328123949613,-0.0050000000000000044,2.25,1.0,-2.341658115386963,-0.6338865744979636,2.4007773399353027,0.6726690749507965,0.059445072062895635,0.9999672931962157,0.009688878,-1.9878839896138254,-0.017176062,-0.30613750450020377,3.7011294,4.263256414560601e-17,-49.75,40,-0.2216874429313581,0.00403325846555328,4.266001913995224,0.055153046708628244,0.21586438787038087,0.38512409023972066,1000,-0.11690060875683836
0.009790651899626142,0.00294787447662076,-0.0050000000000000044,2.25,1.0,-2.0174951553344727,-0.07247058235465298,2.1961112022399902,0.5088811616339127,0.017862072383984923,0.9999701230077762,0.0024695338,-1.7200869397595826,-0.005880758,-0.4601252705921199,3.7102764,0.0,-49.35,60,-0.2216874429313581,0.003971543031068632,3.0523621437269544,0.021057036114274123,0.2666827831481695,0.38889131811197447,1000,-0.11684250393664079
0.010989697942815506,0.0018430048028928133,-0.0050000000000000044,2.25,1.0,-2.5503599643707275,0.19214498017550408,2.3938755989074707,0.6476188082133641,0.01832061680126935,0.9999638285180404,0.0035380034,-1.691079071123088,-0.007963821,-0.5401393775266053,3.6980376,7.105427357601002e-18,-49.1,80,-0.2216874429313581,0.003971547772829263,2.4431055300196776,0.00869836793687008,0.5359499930726319,0.39334889205988116,1000,-0.11585299303267277
0.012988329387358081,0.0010346142354389356,-0.0050000000000000044,2.25,1.0,-2.2740941047668457,0.5466268936450325,2.4040849208831787,0.6793271823424641,0.011666355005349032,0.9999497744666096,0.0042393915,-1.771482010134912,-0.008585977,-0.54396422478641,3.6873908,3.1974423109204506e-17,-49.15,100,-0.2216874429313581,0.003920611971447276,2.799109832852001,0.012736752032854863,0.7413373351274184,0.396111046685827,1000,-0.11646168010687899
0.01207737404361863,0.0005362316824072904,-0.0050000000000000044,2.25,1.0,-2.352414846420288,0.7196677200349908,2.168328285217285,0.5240836626438883,0.017597647458896973,0.9999357819659017,0.0026072667,-1.908885322218383,-0.0064358558,-0.5227673687190221,3.6950116,-1.0658141036401503e-17,-49.6,120,-0.2216874429313581,0.004017610361409886,3.2224919368757208,0.009518066960581112,0.8667032962504584,0.389803013317074,1000,-0.117281556370686
0.014065679613787026,0.0002987035857157891,-0.0050000000000000044,2.25,1.0,-2.1872754096984863,0.8542509697163966,1.8628473281860352,0.5357486225022455,0.026788129466964166,0.9999055239640623,0.0036383474,-3.753156074299892,-0.007859266,-0.5449796542324948,3.707562,2.1316282072803006e-17,-48.85,140,-0.2216874429313581,0.003914297495558681,3.043455922678273,0.020618849728388844,0.9237831415419281,0.3994359846391069,1000,-0.11476967713037195
0.018422744947631155,0.00022732588967238647,-0.0050000000000000044,2.25,1.0,-2.9352731704711914,0.8964805834465797,2.282848358154297,0.6793699756743307,-0.02555739251873456,0.9998835003837253,0.003339849,-3.519313387792728,-0.0072500994,-0.8461694971746743,3.7122896,-3.1974423109204506e-17,-49.6,160,-0.2216874429313581,0.003982904179410044,3.018448800441079,-0.008322448675868715,0.946178608671503,0.39777466169009834,1000,-0.1169943261855528
0.012658309852887848,0.00028753572574713844,0.0,2.25,1.0,-2.3517768383026123,0.9073301162035454,2.267059087753296,0.6457578920381398,-0.03178996203641873,0.9998674378283504,0.0032152794,-2.6776201086295592,-0.00707608,-0.5922748075406175,3.7181892,0.0,-48.5,180,-0.2216874429313581,0.00406492439764059,3.7113948714060734,-0.0054534534033063705,0.9302488835250843,0.37746695354710913,1000,-0.11349407648454819
0.013405774553336226,5.51997735357288e-05,-0.0050000000000000044,2.25,1.0,-2.48032546043396,0.9801835315116557,2.2156896591186523,0.6187843342431668,0.01735149958654074,0.9997498259870207,0.003154892,-2.9442622279968154,-0.0075674653,-0.6156088238442441,3.7393334,-1.4210854715202004e-17,-49.45,200,-0.2216874429313581,0.0040038303548143705,3.6695521613824558,0.006058709768320076,0.9863239853520716,0.4069506888403443,1000,-0.1168154842584031
0.015305512978669618,6.936968807978906e-05,0.0,2.25,1.0,-2.207779884338379,0.9797815687651551,2.2645859718322754,0.6279248335480349,-0.014223042465979233,0.9997351720617791,0.003918715,-3.187559253052032,-0.00896994,-0.8393578303773341,3.7509937,1.4210854715202004e-17,-49.05,220,-0.2216874429313581,0.003930317902815925,3.4680367123309614,-0.013741042103947545,0.9824681285404903,0.4114472194981008,1000,-0.11582814027920539
0.02034636007456383,6.037304850292237e-05,-0.0050000000000000044,2.25,1.0,-2.544466495513916,0.981695952459978,2.1028056144714355,0.629559030731641,0.006176543783105444,0.9997259536011917,0.0026393994,-3.782862058864906,-0.0068101124,-0.8583981946294564,3.7499723,-2.1316282072803006e-17,-49.7,240,-0.2216874429313581,0.004014703869599367,3.515398082642278,-0.002774585818948297,0.9866848392860009,0.4190220262401455,1000,-0.11732526947037725
0.01702133713978017,0.00010134186090340731,-0.0050000000000000044,2.25,1.0,-2.286151885986328,0.969518785360118,2.384060859680176,0.5546048364106506,-0.029170583651866765,0.9997783948777684,0.004877819,-2.7740614884489903,-0.010355492,-0.7505283081724725,3.7555208,-2.842170943040401e-17,-49.3,260,-0.2216874429313581,0.003961069518287437,4.816179302751355,-0.013815811849325692,0.9744190205212938,0.41019391472386524,1000,-0.1162610107268933
0.018503123079457107,5.362596520444481e-05,-0.0050000000000000044,2.25,1.0,-2.2705183029174805,0.9834481239679,2.755737066268921,0.6948536424955131,0.06949826604698318,0.9997331563105529,0.003371889,-3.381277525380171,-0.0089738285,-0.8514782638234173,3.7566724,-4.263256414560601e-17,-49.75,280,-0.2216874429313581,0.0040302377373547015,3.5861406980539265,0.028229638075965773,0.9873324441261092,0.4300610754280258,1000,-0.11739862203828329
0.016405925308350465,5.130768738983422e-05,-0.0050000000000000044,2.25,1.0,-2.1549723148345947,0.9846561098328639,2.691704750061035,0.6942270472474917,0.0419668273763964,0.9997073265585121,0.0038440188,-2.52547660098913,-0.009236436,-0.7761301752493406,3.7629557,-1.4210854715202004e-17,-49.25,300,-0.2216874429313581,0.0039618487319055505,5.4208002856248525,0.018854144715489803,0.9870516869591025,0.42714629670480353,1000,-0.11678498205704121
0.02245381106011987,6.087563172095684e-05,-0.0050000000000000044,2.25,1.0,-2.11728835105896,0.9807564253253815,2.5296826362609863,0.769257699870345,0.06741507075564004,0.9997316616348546,0.004640128,-3.740683231433754,-0.011567231,-0.8747085284562466,3.7725654,2.1316282072803006e-17,-49.25,320,-0.2216874429313581,0.003968896983746626,3.365643231362112,0.014895358722252542,0.9849305535800954,0.45800374622851714,1000,-0.11637363961167442
0.020590730232744908,0.00010117115388167059,-0.0050000000000000044,2.25,1.0,-2.634552001953125,0.9679000431769369,2.2576980590820312,0.6735753258535954,0.028870299465488643,0.9997769249587657,0.0028921287,-3.011370201649825,-0.007745834,-0.9281088646624539,3.783748,-2.4868995751603507e-17,-48.55,340,-0.2216874429313581,0.003886327485422843,3.826865439040358,0.009960138533988815,0.9744163782237951,0.4576309352039263,1000,-0.11471753123500991
0.023703597513469392,4.448579113854096e-05,-0.0050000000000000044,2.25,1.0,-2.5276787281036377,0.983441500624372,2.2094998359680176,0.6414837164029363,0.019102791858371347,0.9997136299211525,0.0028824764,-2.837395261696179,-0.0070308726,-0.8015441214758117,3.7717805,0.0,-49.25,360,-0.2216874429313581,0.003957160270174886,2.7790974606556094,-0.0024352686987951437,0.9888456857147542,0.4845557288461495,1000,-0.11651492970251817
0.014507597684178284,0.0003033160254683815,0.0,2.25,1.0,-2.1847379207611084,0.912321694290492,2.2396433353424072,0.5590565880576169,0.01593143066391349,0.9998574563951562,0.004111351,-1.2978041167630063,-0.00857192,-0.7559580657711424,3.7564378,-5.684341886080802e-17,-46.9,380,-0.2216874429313581,0.003879040514615552,4.7612360706225605,0.014237574787166465,0.9233946635161899,0.42811943738184827,1000,-0.11127346425100851
0.024546576151649173,7.012248688981826e-05,-0.0050000000000000044,2.25,1.0,-2.2611353397369385,0.9818034654677624,2.3159608840942383,0.6285401253674776,-0.005053647388005629,0.9997395024095733,0.0033742494,-2.215496588383698,-0.009584449,-0.9427559909193933,3.750332,0.0,-48.8,400,-0.2216874429313581,0.003898634506124197,4.630379049284392,-0.012304347055445938,0.9832410917113867,0.4717998163153692,1000,-0.11648122023461896
0.01883780733118383,3.355124583763054e-05,-0.0050000000000000044,2.25,1.0,-2.3732500076293945,0.9753505927672312,2.3731143474578857,0.607109091218513,0.004757481182459742,0.9997614464697315,0.0017685802,-1.9641844408060678,-0.005083228,-0.8332100860535262,3.7531333,3.552713678800501e-18,-49.05,420,-0.2216874429313581,0.003926497337333967,4.031408019826406,-0.016148712974567065,0.9916536077597159,0.423878550837248,1000,-0.11669892448096345
0.021161499580432855,0.00010529212712990633,-0.0050000000000000044,1.5,1.0,-2.5526363849639893,0.9707652941152709,2.5691733360290527,0.649236901557222,0.029317842239746823,0.9997720471776623,0.0014644527,-2.1462197022637337,-0.004222215,-0.8371936017405558,3.7602994,1.7763568394002505e-17,-48.75,440,-0.2216874429313581,0.0038888780202691125,5.5450234972910675,0.005596115735356413,0.9729350844129218,0.46010499890658196,1000,-0.11506202474732027
0.02469109405282076,4.433538798867983e-05,-0.0050000000000000044,2.25,1.0,-2.7980642318725586,0.9876685322158739,2.5870296955108643,0.5977919657219146,-0.07390085330040892,0.9996836551650412,0.008264264,-3.446064068724362,-0.013689545,-0.831169969659664,3.7801368,-7.105427357601002e-18,-49.5,460,-0.2216874429313581,0.003995676123348151,4.951110047729774,-0.026956652570069056,0.9895016832454515,0.48557409173886024,1000,-0.11716476997698796
0.020747868687064946,4.58177597508677e-05,-0.0050000000000000044,2.25,1.0,-2.232959032058716,0.9869303896648031,2.3062710762023926,0.5803733531410445,-0.027265416122972966,0.9996937606136176,0.0041587437,-3.2651068980746727,-0.008885555,-0.9411948385305042,3.7783158,-1.7763568394002505e-17,-48.7,480,-0.2216874429313581,0.003855467166812528,4.9748725296905025,-0.008923345158895568,0.9881512950373387,0.4635900318890328,1000,-0.11609639296952382
0.02160318825612458,0.00012820135918068437,-0.0050000000000000044,1.5,1.0,-2.8431849479675293,0.9622394790595012,2.7124569416046143,0.6089445620581599,-0.020185215591802263,0.9997971119868301,0.0012170596,-1.4955627623043115,-0.0039868206,-0.8160471885158648,3.763229,-1.4210854715202004e-17,-48.0,500,-0.2216874429313581,0.00377688560446091,5.138239260226074,0.0002618569291008746,0.9662955885097334,0.46071270176096835,1000,-0.11362934612217228
0.023238993553236744,5.50297092314494e-05,-0.0050000000000000044,1.5,1.0,-2.962996006011963,0.9841700323899285,2.713719367980957,0.6733423412227081,-0.012050396062899382,0.9997010717017879,0.0045004105,-1.9401225222316252,-0.011105189,-0.8957371830705698,3.7671213,-2.842170943040401e-17,-49.05,520,-0.2216874429313581,0.003903132331745864,4.143157943712191,0.005511196033957835,0.9880281524432978,0.48214759881397173,1000,-0.11645234677258873
0.018853982649887416,0.00011173184488800308,0.0,2.25,1.0,-2.4254965782165527,0.9697692007014075,2.4010074138641357,0.6659800063140409,0.03237894806428812,0.9997661982688832,0.008634649,-1.4149144501893247,-0.015506797,-0.7104107252446311,3.76868,-2.842170943040401e-17,-47.9,540,-0.2216874429313581,0.003838730038399504,4.954501125037399,0.016643167253954705,0.9721455512616396,0.4515028173554433,1000,-0.11296149245679662
0.020088742922573385,4.9003120947026955e-05,-0.0050000000000000044,2.25,1.0,-2.8634910583496094,0.9863101604915658,2.5097014904022217,0.6538306088892147,0.014627231511753052,0.9996910359149809,0.0021324877,-1.929232078802057,-0.0065921843,-0.819679253543111,3.7533107,-1.4210854715202004e-17,-48.35,560,-0.2216874429313581,0.003829086251167446,5.409110724497258,-0.0025597459729656763,0.987366553833491,0.44652344857312937,1000,-0.11570851354972697
0.015916472532677566,4.3266415104160865e-05,-0.0050000000000000044,2.25,1.0,-2.7875680923461914,0.988063504472127,2.3442907333374023,0.6323775620234274,0.03386471989552956,0.9996578454771802,0.0034942806,-1.8528685609272677,-0.010865062,-0.6339275817893637,3.7796638,-1.4210854715202004e-17,-49.0,580,-0.2216874429313581,0.003920428658286826,3.77578971753281,0.023248223718373692,0.9890531879827531,0.428023248054622,1000,-0.11618631677756394
0.02042128833257484,0.0001718600710897626,-0.004975000000000005,2.25,1.0,-2.379347085952759,0.9500611446875683,2.5903661251068115,0.6771947872134665,0.060683920707320795,0.9998200376855129,0.002051961,-1.7097217252222892,-0.0069352877,-0.7497616032688027,3.7932482,0.0,-47.15,600,-0.2216874429313581,0.003694576023186445,5.532425114248982,0.023560215618660764,0.9559885814133259,0.4720357167152718,1000,-0.11340642578516068
0.018368384111197362,6.704593618488511e-05,-0.0050000000000000044,2.25,1.0,-2.8024449348449707,0.982278236980511,2.5322265625,0.5770773822649993,-0.005154470609559212,0.9997193134121315,0.0019094723,-1.9522232837461593,-0.004873128,-0.7201767122890271,3.7998657,0.0,-48.1,620,-0.2216874429313581,0.0038120123813510376,4.620556971445825,-0.0016578138678708457,0.9826106735377362,0.4715543780882239,1000,-0.11573970863444598
0.01854500587813174,8.995227439162358e-05,-0.0050000000000000044,1.5,1.0,-2.2940163612365723,0.9763007743240484,2.9439306259155273,0.5925409070052188,-0.03739444662956521,0.999746981385518,0.0012459682,-1.4733099508817415,-0.0043111164,-0.7675054291635729,3.786799,1.4210854715202004e-17,-47.7,640,-0.2216874429313581,0.003740817325048017,3.6916582835485596,-0.016624924239452474,0.9760070637710696,0.48420626929470095,1000,-0.11394679475739349
0.018101981302949578,3.567190137456797e-05,-0.0050000000000000044,1.5,1.0,-2.702918291091919,0.9888312518042921,2.2798540592193604,0.5695683225059838,-0.038473427344753876,0.9996588313007323,0.004294238,-1.862408913373282,-0.010910606,-0.7571293042251068,3.7782068,3.907985046680551e-17,-48.2,660,-0.2216874429313581,0.0037985853398928393,3.9045114071098856,-0.008155779960994433,0.9906583490622696,0.4703814241568607,1000,-0.11547490621587032
0.017165524742362784,0.00012807555425192025,-0.0050000000000000044,1.5,1.0,-2.3292245864868164,0.9654131684448853,2.2446298599243164,0.600865868623553,0.04250598193029873,0.9997845110290569,0.0047930307,-1.351552366151734,-0.007999466,-0.6688729741611762,3.7769372,-7.105427357601002e-18,-47.6,680,-0.2216874429313581,0.0037343835820143516,5.150078677300145,0.014935709264481258,0.9676636631837665,0.45560538840876774,1000,-0.11410928344907446
0.018914530286599573,8.74055493152436e-05,-0.0050000000000000044,1.5,1.0,-2.326171875,0.9763052677115807,2.2544400691986084,0.5955206181171744,0.00013646861442248337,0.9997563536859454,0.0030224877,-1.3801290906180692,-0.0069859372,-0.7785308770381351,3.7609403,1.4210854715202004e-17,-47.45,700,-0.2216874429313581,0.0036643602396567846,5.471307082768698,-0.01014942470467596,0.9765554354435027,0.4641492705616957,1000,-0.11428337873111458
0.021035382837413928,0.00011315258393500836,-0.0050000000000000044,1.5,1.0,-2.7807278633117676,0.9638327582166147,2.775738000869751,0.6204589325807289,-0.025723836571676657,0.9997874697115046,0.002530173,-1.3116894391886762,-0.007321056,-0.7381906975944856,3.7577696,-7.105427357601002e-18,-47.95,720,-0.2216874429313581,0.0037699114265125466,4.376224678471201,-0.0070622988226207856,0.970037269323545,0.4548386570479563,1000,-0.11351348542862714
0.019612782483492526,3.960648436531511e-05,-0.0050000000000000044,1.5,1.0,-2.7873854637145996,0.9904920199752957,2.1758148670196533,0.7122344056256573,0.029872064130729997,0.9996327690500948,0.004057976,-1.641388272254737,-0.010597147,-0.7481879928359997,3.7497494,7.105427357601002e-17,-48.55,740,-0.2216874429313581,0.003907155640037261,4.387888265199606,0.009745396665132551,0.9913482560350951,0.45490879680028673,1000,-0.11666134203760237
0.017887279707465193,3.9546384650272175e-05,-0.0050000000000000044,2.25,1.0,-2.6903271675109863,0.9864460031977652,2.680375099182129,0.6489696884132596,0.057196432426571846,0.9996741319036032,0.0060793646,-1.7540232666747968,-0.0105315335,-0.4737934412136903,3.7563267,-2.842170943040401e-17,-48.1,760,-0.2216874429313581,0.0038005893361741884,5.09436451530124,0.021998638028039644,0.9896879265098241,0.4477431650989655,1000,-0.11551259200767097
0.018429110208237766,6.547314507575329e-05,-0.0050000000000000044,2.25,1.0,-2.650683879852295,0.9812826881548319,2.885054349899292,0.6427792797515163,-0.006157206993710133,0.9997267596528459,0.0019803895,-1.7077686674096528,-0.0038912045,-0.755776724953443,3.7725124,2.842170943040401e-17,-48.25,780,-0.2216874429313581,0.0038186111812998293,5.989440032824309,0.0004987521515613045,0.9829292125754849,0.4246622283023406,1000,-0.11560088944551007
0.019438800512987905,5.349734085647825e-05,-0.0050000000000000044,2.25,1.0,-2.4518909454345703,0.9853954801925678,2.411121129989624,0.5501484741615876,0.0304484412886668,0.9997012547659897,0.002956479,-1.6559892166033698,-0.008847689,-0.7054644851012184,3.767187,-1.4210854715202004e-17,-47.75,800,-0.2216874429313581,0.0036764439861171703,3.560440530053693,-0.0008180463806308544,0.9854527954362696,0.4863254911731367,1000,-0.11467364746817865
0.019636551787434967,9.198202206595356e-05,-0.0050000000000000044,2.25,1.0,-2.372744560241699,0.9774765877490285,2.2219600677490234,0.5873127136923219,-0.003396307187329512,0.9997536660053331,0.0028505845,-1.3420724909535013,-0.0078327935,-0.7454602367180246,3.758694,-1.4210854715202004e-17,-47.55,820,-0.2216874429313581,0.003771428339967255,5.874004827028357,-0.010454683088151139,0.9756932068152318,0.4573824695412095,1000,-0.11527216285342139
0.021696239157139682,0.00010409621845467282,-0.0050000000000000044,2.25,1.0,-2.3717801570892334,0.9653248601215679,2.263613224029541,0.4717384757113692,-0.04581070683675353,0.9997873343067185,0.0034831155,-1.262896554977241,-0.008687834,-0.7685758618535776,3.755258,0.0,-46.65,840,-0.2216874429313581,0.003735220944038236,4.407986514875066,-0.023557158297371657,0.9721323093282842,0.4979757632213489,1000,-0.11356375944266577
0.021111599327246815,5.333643984931895e-05,-0.0050000000000000044,2.25,1.0,-2.8270137310028076,0.9841916769750154,2.3591718673706055,0.6306921032950147,0.0006561284305062145,0.9997046513348415,0.003106679,-1.7281383560583048,-0.009960771,-0.7571476616443698,3.7485409,2.842170943040401e-17,-48.15,860,-0.2216874429313581,0.0038113418745167834,4.905181654218726,-0.0074987418532909455,0.9861844376574799,0.5041786518024448,1000,-0.11557620817096996
0.017214168254407868,0.00010316362689568376,-0.0050000000000000044,2.25,1.0,-2.4709861278533936,0.9675222232710592,2.348221778869629,0.6473892032229297,-0.005399131170473993,0.9997885576899078,0.0033620885,-1.5979595149998913,-0.007296988,-0.768797214844467,3.7492902,0.0,-46.5,880,-0.2216874429313581,0.0035752145935179494,5.193845378548262,0.0032308568857915346,0.9720325598882884,0.4731933229757976,1000,-0.11376171268123443
0.019226201133537592,0.00022242121362128854,0.0,2.25,1.0,-2.5173592567443848,0.9342504107161774,2.33328914642334,0.5713182054186099,0.014236931345891208,0.999833285009916,0.0029302393,-1.112921722754691,-0.010421905,-0.7511072534796978,3.7734702,0.0,-45.85,900,-0.2216874429313581,0.0036359833069288454,4.435019789856318,0.004501936067968614,0.9391967298146245,0.4619298774497258,1000,-0.11047772945852634
0.01720719523297967,0.0001418686179676169,-0.0050000000000000044,2.25,1.0,-2.3753113746643066,0.9592141474010469,2.4807872772216797,0.6459555870002829,-0.033671366737922655,0.9998085753951288,0.0018883259,-1.6053354459840532,-0.006578552,-0.7810143033823302,3.7901144,-1.4210854715202004e-17,-46.15,920,-0.2216874429313581,0.003498378603066156,4.355665944650607,-0.004753796165977511,0.9601268213952747,0.46873158341629895,1000,-0.11273726144073165
0.017383887652895655,0.000532347493595812,-0.004975000000000005,2.25,1.0,-2.6595301628112793,0.8463050298005013,2.360259771347046,0.5907634315793453,-0.022502983931917696,0.9998902520459108,0.0020035752,-0.9101179281875421,-0.0051817033,-0.6317580542087399,3.792437,4.263256414560601e-17,-44.55,940,-0.2216874429313581,0.0036993099240456265,5.866808166655194,0.0029534385513091477,0.8590347031805776,0.5030048361000975,1000,-0.10860882548993255
0.016857566957437165,0.0003131896606067628,0.0,2.25,1.0,-2.603259563446045,0.9114004130325886,2.3487637042999268,0.4726377038430502,-0.015332874989253469,0.9998569574718946,0.0043526106,-1.5182349118462015,-0.012120255,-0.7659121991780361,3.7783308,0.0,-45.25,960,-0.2216874429313581,0.0036391343385772956,4.673360725481037,-0.0034267442642921396,0.913945875841211,0.48448216153474677,1000,-0.1097003714545084
0.015792474140130325,0.00012463571160251327,0.0,2.25,1.0,-2.9227230548858643,0.9364766720601674,2.2580666542053223,0.6663463586652699,0.062408130952622744,0.9998269231215979,0.0021179272,-2.8014045858637693,-0.007074734,-0.5556657780499045,3.7685506,2.842170943040401e-17,-45.45,980,-0.2216874429313581,0.003506886512014832,3.3827733939934697,0.027755642974435196,0.9645137811005073,0.4526077338063613,1000,-0.11028117199653492
0.01904548181295655,0.00020335399395321856,0.0,2.25,1.0,-2.5345563888549805,0.9267699018753902,2.243098258972168,0.5295446722982268,-0.041870429026312196,0.9998425672135308,0.0028222203,-2.856785106602653,-0.007583026,-0.7657793924507252,3.7785525,2.1316282072803006e-17,-44.7,1000,-0.2216874429313581,0.0034186184731953353,4.03217446317634,-0.006414407669453604,0.9412110940244189,0.4577063888205075,1000,-0.10981247447278225
0.017549764123483594,0.0002540227203463014,-0.0050000000000000044,2.25,1.0,-2.583573341369629,0.9171484955740405,2.5763416290283203,0.678608999226581,0.005402954164426774,0.9998501088904624,0.0018042126,-1.3402993936337035,-0.0071928236,-0.7053596739585365,3.7781582,-2.842170943040401e-17,-45.4,1020,-0.2216874429313581,0.003488769826943315,3.688773445277941,0.014404366970928808,0.9273623005492428,0.4907175869194877,1000,-0.10913748733274167
0.019246451028493122,0.00010559195018885442,-0.0050000000000000044,2.25,1.0,-2.3286244869232178,0.9697438827340378,2.7160356044769287,0.5758400203928328,0.014168074712506496,0.9997822149813891,0.0027425622,-1.5741675400961597,-0.009264927,-0.7515988840588098,3.7838986,0.0,-46.05,1040,-0.2216874429313581,0.0035104289484446227,4.741664490538011,-0.007933291058211705,0.9709618674721976,0.4716974620571253,1000,-0.11318795226851647
0.017094978724231633,0.00026525353661957323,-0.0050000000000000044,2.25,1.0,-2.4354875087738037,0.899882283912535,2.1514625549316406,0.5702806625129706,-0.022165593776560855,0.999864592784296,0.002164438,-1.4486738587650652,-0.006272953,-0.6441966265393222,3.7815354,0.0,-44.95,1060,-0.2216874429313581,0.0034010386927538095,4.302958664690474,0.0035012317165714862,0.9220677507473818,0.46741719071838667,1000,-0.10888596256613144
0.013745404194226946,0.00010571973993922934,-0.0050000000000000044,2.25,1.0,-2.669551134109497,0.9650902838019954,2.453853130340576,0.5281045686641254,-0.040719206960871814,0.9997825622277654,0.0026471594,-2.220230168795674,-0.007837074,-0.7218653418435229,3.7868514,7.105427357601002e-18,-45.7,1080,-0.2216874429313581,0.0034239768076335777,3.062711388931314,-0.011940541470569365,0.9701976012525713,0.4604119456397391,1000,-0.1120902118915603
0.014654598501704494,0.00015473786293262643,-0.0050000000000000044,2.25,1.0,-2.541883945465088,0.9478613804007239,2.3578803539276123,0.5471684397063556,0.017210625129955588,0.9998198414475266,0.0025918023,-1.9841100043689683,-0.008379148,-0.623365761600066,3.7827034,2.842170943040401e-17,-46.35,1100,-0.2216874429313581,0.003593750345725596,3.8194259982889727,0.02245214882326724,0.9570124723745996,0.46497854206999834,1000,-0.11151236016399813
0.014577776647778422,0.00029117432570075597,-0.0050000000000000044,2.25,1.0,-2.5436177253723145,0.9075942365177507,2.275874137878418,0.6314375420817567,-0.01438997468817979,0.99985804465808,0.0025517556,-1.0147937076508484,-0.008674728,-0.4912293397290542,3.78724,2.1316282072803006e-17,-45.1,1120,-0.2216874429313581,0.0034882482419769795,4.395125324738572,0.0037616930040802006,0.9187579508824323,0.4738663090135825,1000,-0.1082018396957506
0.015842064098457904,0.0001685757696588226,-0.0050000000000000044,2.25,1.0,-2.232609987258911,0.9572579055083444,2.5558619499206543,0.6047611079835106,0.008227977822651155,0.9998088755897104,0.0025996123,-1.9882484994083582,-0.0056897383,-0.615388576899677,3.7935598,-1.4210854715202004e-17,-46.45,1140,-0.2216874429313581,0.00359846609051635,4.629771185181948,0.010745004950707866,0.9539642069531058,0.4470314903462218,1000,-0.11171939909200053
0.013131143971347028,0.0003233599077799705,-0.004950125000000005,2.25,1.0,-2.588963508605957,0.8973642016762655,2.0716214179992676,0.5023706618063135,-0.022353666499955578,0.9998652535639697,0.0020404428,-2.031926659330879,-0.0053599994,-0.4413067793244431,3.8026376,0.0,-44.1,1160,-0.2216874429313581,0.003382270897183423,5.686649028868704,0.00973445017250648,0.9069775613182732,0.4408804088747439,1000,-0.10759905996772334
0.013818040699783983,0.0002335069840632051,0.0,1.5,1.0,-2.126911163330078,0.9365194630682232,2.3987796306610107,0.501305466288311,0.00483965446962975,0.9998331584411507,0.0014717295,-1.7423754998234569,-0.0057038083,-0.6995799966203091,3.8060017,-1.4210854715202004e-17,-44.75,1180,-0.2216874429313581,0.00343083063187746,4.629184049280242,0.009587200161154164,0.9345011196236316,0.44408568166359197,1000,-0.1083602138058454
0.017325595032720232,8.401295775917925e-05,-0.0050000000000000044,2.25,1.0,-2.5248024463653564,0.975029778819611,2.320502996444702,0.5119404680740348,-0.03189600905007683,0.9997510524805752,0.0070803603,-2.237668818718709,-0.017272297,-0.7469873767580768,3.8021479,2.4868995751603507e-17,-47.2,1200,-0.2216874429313581,0.0036739521359104364,3.710371334088513,-0.01370936711075048,0.9788776086662817,0.4895182980603312,1000,-0.11402701363059166
0.01758225897616943,0.0004434128765668052,-0.0050000000000000044,2.25,1.0,-2.606431722640991,0.8655071758632453,2.638629198074341,0.6186451819946197,0.010082763017853722,0.9998839778342329,0.0032182748,-1.2172520022022142,-0.009510696,-0.7579531582687704,3.8092468,0.0,-43.8,1220,-0.2216874429313581,0.003354266199904545,5.34207490039724,0.00669987335142421,0.8723413016784869,0.4751075561527516,1000,-0.10639014862085645
0.011761010400844405,0.00023657860854742074,0.0,2.25,1.0,-2.834092140197754,0.913716703306514,2.1012825965881348,0.6152545671443056,0.007091989217675291,0.9998562298888936,0.0017630697,-1.5800840178250843,-0.0059692697,-0.41663611494810876,3.8124275,-2.1316282072803006e-17,-43.65,1240,-0.2216874429313581,0.0032719277913310888,4.356321281652366,0.018648918924243574,0.9277246571634509,0.4593079301456079,1000,-0.10704264325525753
0.013188963133080536,0.0004237242787321204,0.0,2.25,1.0,-2.246833562850952,0.8461865757381217,2.3094983100891113,0.40030941451063456,-0.06519021693698596,0.9998914599486852,0.0025267557,-1.5820709177472427,-0.008619452,-0.6892562274460322,3.8109245,-4.263256414560601e-17,-41.45,1260,-0.2216874429313581,0.0032784193255294422,4.385990911781118,-0.022739896233177057,0.8707542194107765,0.46603162106204143,1000,-0.10182118138403828
0.01920976048917548,0.000391319591245208,0.0,2.25,1.0,-2.89660382270813,0.8637056790800547,2.7569937705993652,0.5553858550181742,-0.04204939624993131,0.9998806133129728,0.0024571142,-2.127965523706986,-0.0066740913,-0.5914519611072885,3.8161633,0.0,-43.3,1280,-0.2216874429313581,0.003294116039682862,3.380458583030988,-0.0046768905997338385,0.8816606038520003,0.5078479965317654,1000,-0.10557466068678803
0.01631104302925665,0.00044709983362459775,0.0,2.25,1.0,-2.9557676315307617,0.8716892039116034,2.4190921783447266,0.5569340365685022,-0.07490804069372825,0.9998794152638315,0.0018759784,-1.6406565361989252,-0.0058333445,-0.6354137937472774,3.803422,2.1316282072803006e-17,-42.9,1300,-0.2216874429313581,0.003490703775318303,4.571470389452531,-0.014794453093563083,0.8719984398965978,0.47756167442803854,1000,-0.10161216958956538
0.012360701524719547,0.00025798876586041454,-0.0050000000000000044,2.25,1.0,-2.362260341644287,0.9094043783030838,2.100832223892212,0.5644635407924675,-0.036827314010937695,0.9998640384691332,0.002170491,-1.7546541807964704,-0.0068205604,-0.42508112540906573,3.7975771,-1.4210854715202004e-17,-42.95,1320,-0.2216874429313581,0.0030858487644837337,4.019139084886033,0.008925710437808494,0.9164849162880566,0.4407290039713969,1000,-0.1077926578545657
0.015444238474633883,0.00017374226786934672,0.0,2.25,1.0,-2.5097200870513916,0.9218329689064256,2.4231584072113037,0.5954880669429929,-0.009502289662603289,0.9998560052629442,0.004338956,-2.55054882955632,-0.0146237975,-0.6756344689724424,3.8173146,0.0,-45.1,1340,-0.2216874429313581,0.0033865433056196924,2.8998866751881938,0.005228871491703887,0.9490140252736377,0.46772679211378637,1000,-0.10934057758071904
0.013437937187295933,0.00016164828663499652,0.0,2.25,1.0,-2.781822443008423,0.9451416716893716,2.67476224899292,0.5299090177543536,-0.046581356595736,0.9998334974414596,0.0028861468,-2.0633574579284972,-0.006679479,-0.5439923597916339,3.830019,2.1316282072803006e-17,-44.9,1360,-0.2216874429313581,0.003362001573255693,4.322887637485534,0.004025122113883874,0.9522301845610568,0.46285873959270885,1000,-0.10984605644469658
0.01659569300374386,0.0001238154278961479,-0.0050000000000000044,2.25,1.0,-2.3474016189575195,0.9523744395930018,2.546065092086792,0.5636131648863415,-0.016038251832593234,0.9998041723819477,0.0021408189,-2.6535832511669035,-0.006328783,-0.6829048401556038,3.8311157,5.684341886080802e-17,-45.95,1380,-0.2216874429313581,0.003561955575255985,4.014750533751428,0.0029362922654358275,0.9664974147110162,0.4555626147314801,1000,-0.11013793455023567
0.016040875528727933,0.0007218812413928319,0.0,2.25,1.0,-2.355844736099243,0.764652581877224,2.4517829418182373,0.39049249782818546,-0.05139074380077364,0.9999069921708682,0.002915938,-1.495237765506652,-0.008230677,-0.5770683087246934,3.814825,1.4210854715202004e-17,-41.35,1400,-0.2216874429313581,0.003527072935430467,3.7279658668484643,-0.0019690873958659576,0.7989946700265924,0.4683095498471272,1000,-0.09802980583078813
0.01496686775153541,0.0002757148531488219,0.0,2.25,1.0,-2.4548611640930176,0.8817612504630084,2.39318585395813,0.5176489554768312,-0.027380448376061396,0.9998706632146728,0.0033822057,-2.1680723899484575,-0.010712409,-0.6614830100931446,3.823959,1.4210854715202004e-17,-44.05,1420,-0.2216874429313581,0.003314801712985368,4.236334512457546,-0.007693488107669074,0.9221194206262884,0.4619973508126523,1000,-0.10788438194357586
0.012098297170070002,0.0005885369366684227,0.0,2.25,1.0,-2.5011215209960938,0.7988322853432501,2.7775285243988037,0.5090994335384637,-0.041035899437963964,0.9998998233856443,0.0036442522,-1.729094789278465,-0.009759439,-0.4175986008232044,3.8156018,0.0,-40.85,1440,-0.2216874429313581,0.003528127646819408,3.7833119361093352,-8.990393482304296e-05,0.8361305018686769,0.5071707449643115,1000,-0.0972732285829261
0.010771170586266686,0.00030212865306534847,0.0,2.25,1.0,-2.4921364784240723,0.8813318868994562,2.3199989795684814,0.541340090333247,-0.03685878746444359,0.9998666400075927,0.004874728,-2.6862978439691583,-0.0097969035,-0.3878468561489998,3.8215935,-2.842170943040401e-17,-43.95,1460,-0.2216874429313581,0.0032883843873649917,3.566877129360078,0.004267245370012746,0.910665022326568,0.4426309185937565,1000,-0.10597584343942121
0.014238535307361924,0.0005458747145698149,0.0,2.25,1.0,-2.4858593940734863,0.7595638498971846,2.741515874862671,0.41449374654839105,-0.08434025864209979,0.9999078407172618,0.002632198,-2.0875642175787403,-0.00923326,-0.6430011753341024,3.8143177,4.263256414560601e-17,-40.5,1480,-0.2216874429313581,0.0029851963502933307,3.9280916659542977,-0.0009832836548843414,0.8259091758470278,0.47817812433496776,1000,-0.10183677612681241
0.012442631534886539,0.00023762852403382573,-0.004900747503125005,2.25,1.0,-2.5556159019470215,0.9003752961272333,2.797264575958252,0.35346218119333617,-0.080982128493255,0.9998579216053146,0.0028254704,-2.09241426550454,-0.010420296,-0.6297065043869666,3.8066416,0.0,-43.3,1500,-0.2216874429313581,0.0032674439696036995,4.008989254732113,-0.0004834303461262416,0.927289393188042,0.4766151007623137,1000,-0.10489355070800661
0.013962544830502768,0.00065137996483786,0.0,2.25,1.0,-2.9554147720336914,0.7611071103272122,2.3090980052948,0.42486566788264746,-0.047293673256179315,0.9999087291037155,0.001690171,-1.5421923248487386,-0.005012897,-0.5388475201974497,3.812431,-1.4210854715202004e-17,-41.9,1520,-0.2216874429313581,0.0035459640032195743,4.8852041343604355,-0.004866066476214639,0.8186410640943559,0.483010780324978,1000,-0.10385209299522985
0.01603281007596377,0.00040767651023050356,0.0,2.25,1.0,-2.6019845008850098,0.8271204167642121,2.644517183303833,0.6362476644504608,-0.044354101376608016,0.9998870416210129,0.0025177551,-1.7074865977705422,-0.0075774686,-0.7228800621577717,3.822801,0.0,-39.85,1540,-0.2216874429313581,0.0030242794647746007,4.462147121196286,-0.013240854498034057,0.8781673621676931,0.5013064927977449,1000,-0.09746767180425749
0.01191586880272368,0.0004611475150942119,0.0,2.25,1.0,-2.6174890995025635,0.8446655645785399,2.1625795364379883,0.5031216179969539,-0.10382995659706648,0.9998863488220356,0.0020123683,-1.9911922359495358,-0.0051112594,-0.5144809832400828,3.820527,4.263256414560601e-17,-42.0,1560,-0.2216874429313581,0.0032893587193036293,3.187148163254182,0.002519790962950509,0.8657055327002957,0.47592064767297226,1000,-0.10211059988266703
0.013550006347718689,0.00033321347075005516,0.0,2.25,1.0,-2.6581389904022217,0.8389077342357404,2.46304988861084,0.5437890905863526,-0.04719287387304939,0.9998865163067597,0.002213005,-2.1613173132387944,-0.0073988177,-0.555077546367993,3.803843,-1.4210854715202004e-17,-41.0,1580,-0.2216874429313581,0.0031362347510480336,3.17706444286498,0.004797944651176399,0.8952616543808245,0.4787698456359254,1000,-0.10151455973046547
0.009679675503525558,0.0003405053238553584,0.0,2.25,1.0,-3.5948400497436523,0.8662325900742953,2.4877777099609375,0.35498691060970383,-0.1301708674186375,0.9998750399273337,0.0029874707,-1.6198759723583236,-0.008659057,-0.45367223157028647,3.793602,2.842170943040401e-17,-41.3,1600,-0.2216874429313581,0.002946946170213109,4.795119009067374,-0.0241574429492889,0.8866086856777067,0.46945732551105757,1000,-0.10105792807051213
0.012400806495575107,0.0005821319398799685,0.0,2.25,1.0,-2.558455228805542,0.7228017027243485,2.5449538230895996,0.4767281838671013,-0.06016429083573166,0.9999090327243325,0.0023576187,-1.5800324137894446,-0.007496805,-0.6384109139823577,3.7934659,1.4210854715202004e-17,-37.95,1620,-0.2216874429313581,0.002957443104159034,3.432780075547394,-0.009265412302329242,0.8039231674770958,0.4657320425973936,1000,-0.09388405206096687
0.013243012463626568,0.0003581360111758927,0.0,2.25,1.0,-2.592966079711914,0.8554480880494053,2.9879722595214844,0.4929114668777692,-0.06824898033984937,0.9998793722083478,0.002927135,-2.364076373476349,-0.008739106,-0.4687338139859778,3.8092592,-1.4210854715202004e-17,-38.4,1640,-0.2216874429313581,0.002669092934514415,3.98704109040839,0.013145698899891908,0.8691957619049427,0.4864411627988052,1000,-0.09414672299335936
0.013632294463470316,0.0005974845609913078,0.0,2.25,1.0,-2.7671124935150146,0.7733307472569964,2.229201078414917,0.4702501328389862,-0.10327009872731287,0.9999025140142249,0.0034607581,-2.283757769143265,-0.009768341,-0.4614165637304227,3.81422,1.4210854715202004e-17,-38.7,1660,-0.2216874429313581,0.0031738589034250005,3.2991777350580667,-0.01084123051467508,0.8117661084978106,0.4766634466322046,1000,-0.09759151749702775
0.010646722357241001,0.0005881629704824228,0.0,2.25,1.0,-2.5838510990142822,0.7477924798063349,2.444770574569702,0.4515641384627151,-0.044547339939977976,0.9999023319746377,0.0022233021,-2.133302080172576,-0.0057342267,-0.4323609911826873,3.8011203,6.394884621840901e-17,-36.5,1680,-0.2025213759353168,0.0027496960200726226,3.1674346195799536,-0.0006568989688934823,0.7890062468754112,0.47436362754623573,1000,-0.08941037384901036
0.011133360169853921,0.0009954302295697842,0.0,2.25,1.0,-2.66907000541687,0.6853868933004805,2.7320849895477295,0.34883579525822006,-0.11341936824802543,0.9999203694064824,0.0030085095,-2.42064960234524,-0.008155299,-0.4742980286372695,3.8151312,-4.263256414560601e-17,-39.1,1700,-0.2216874429313581,0.0037292696479205812,3.93383907337105,-0.0008113933091796134,0.7347706469341428,0.4544429409771467,1000,-0.09503180759742179
0.0137680476510595,0.0007066795084529773,0.0,2.25,1.0,-2.619163990020752,0.6331770847743083,2.5869760513305664,0.38095812576183014,-0.06489348172221798,0.9999202823167813,0.0038124053,-1.768618928685213,-0.010975209,-0.5208845004399772,3.823591,2.1316282072803006e-17,-35.7,1720,-0.2216874429313581,0.0030569959960985776,3.210474867319749,0.0034330787692824953,0.7986199792008374,0.4900299587994348,1000,-0.0863539909170994
0.011914341148688317,0.0007288154420175567,0.0,2.25,1.0,-2.5011913776397705,0.6742085139455256,2.6177542209625244,0.3903813702454911,-0.040022743666893804,0.9999101814854139,0.0043486906,-2.156855129207359,-0.009381336,-0.37631485757695937,3.815381,-1.4210854715202004e-17,-36.3,1740,-0.20766349687252247,0.002578548293048006,3.1375028571895927,0.006695845889707966,0.7219225817620405,0.49566662971536335,1000,-0.09166877584336873
0.00999954931035125,0.000525891839005883,0.0,2.25,1.0,-2.5267984867095947,0.6890643956220606,2.678173542022705,0.3236961244662937,-0.047183345964411275,0.9999121749340122,0.0022380026,-3.1072953993278336,-0.006360367,-0.3979808725345021,3.8296351,2.842170943040401e-17,-38.35,1760,-0.20746810810593122,0.0028280888802457767,3.082666201225346,-0.007024396411019739,0.8153883401784288,0.49207620699074167,1000,-0.09454212024860656
0.012271129453235921,0.0008418452078283117,0.0,2.25,1.0,-2.605445146560669,0.6689430624168917,2.9857897758483887,0.38603740960308514,-0.07622780422796495,0.9999144714246351,0.0031683308,-2.851237077534905,-0.009212523,-0.3118183628206841,3.8516757,1.2079226507921704e-16,-34.95,1780,-0.2216874429313581,0.0029468741204176237,3.2595144821575137,0.003819670324384017,0.7185849148267778,0.5062061622883176,1000,-0.08201437021605955
0.01192911029771858,0.0006809035374988286,0.0,2.25,1.0,-2.525729179382324,0.6112288118628251,2.427781343460083,0.38581960560834544,-0.09055260865431046,0.9999190500819172,0.0026476292,-2.06282859808382,-0.008849716,-0.34066207033464474,3.853701,1.4210854715202004e-17,-34.1,1800,-0.21678669542823312,0.0027406409074709386,3.296356511563618,-0.014957841116905376,0.7525411939198782,0.4968452722841375,1000,-0.08339387066674993
0.012498958054095906,0.000507509066714555,0.0,2.25,1.0,-2.5130772590637207,0.791217355102704,2.4435296058654785,0.3756791391184747,-0.00374827563931467,0.9998990702570549,0.0034669384,-2.823864970529055,-0.012488687,-0.29088693172451036,3.8444462,1.4210854715202004e-17,-37.3,1820,-0.21693189227902926,0.0028564672811685144,3.3020008178095948,0.019033061134896237,0.8225445680421508,0.5090667766414457,1000,-0.09146785291011315
0.010961806695925332,0.0006084307860268547,0.0,2.25,1.0,-3.0486693382263184,0.5040710786911526,2.4178390502929688,0.35913804060658183,-0.03562197640095838,0.9999245818412899,0.004347372,-2.55591800726484,-0.012179374,-0.3344887445240602,3.8507576,-3.552713678800501e-18,-30.45,1840,-0.20741971558058278,0.002442428395772407,2.95082716385372,-0.0018980177365352765,0.7729176840550149,0.4895882989443737,1000,-0.07225663133682801
0.012420475916545609,0.000563888415034832,0.0,2.25,1.0,-2.4725565910339355,0.5659080299346297,2.5997114181518555,0.30147931916164683,-0.05741398919245694,0.9999175878259043,0.0031535004,-2.690675138608353,-0.007811214,-0.3408103892983466,3.8362677,-2.1316282072803006e-17,-34.7,1860,-0.21777632455412874,0.0024440388606804786,2.3405646546020895,-2.8707583425097487e-05,0.7912364908007543,0.48449780782195273,1000,-0.08355260868907534
0.010250982674807436,0.000793464837355875,0.0,2.25,1.0,-2.8535261154174805,0.5776359207589408,2.5235185623168945,0.28853341880489874,-0.03860473753511905,0.9999208060426302,0.0059404373,-2.245646955688311,-0.013564058,-0.30845940474238803,3.8287823,0.0,-33.15,1880,-0.20765667459112222,0.0027800993454012834,2.6151634409371,0.0020026348424467683,0.7164031663832734,0.4899690296456012,1000,-0.07437662522646477
0.009441271375517327,0.0005889023867415195,0.0,2.25,1.0,-2.7783749103546143,0.5321949676527367,2.450962543487549,0.31530715126198844,-0.04788982959254645,0.9999102212636958,0.0055489456,-2.891845661232273,-0.017953223,-0.2815521818518271,3.822847,5.684341886080802e-17,-27.7,1900,-0.20977501280231628,0.0017260144913458827,2.854860184460285,-0.001143480472418895,0.6620625434612109,0.475932384488044,1000,-0.06421065138987586
0.01177632452114576,0.00040405436769946803,0.0,2.25,1.0,-3.276998996734619,0.538873094277684,3.1015231609344482,0.3800514925911164,-0.05895203074492747,0.9998951690513217,0.0036444084,-3.0475437831275145,-0.010182602,-0.2643439114988734,3.799913,0.0,-24.75,1920,-0.159067076072962,0.0013650653400589508,2.70865894924406,0.003906634906029999,0.7093098760821726,0.5036315931229725,1000,-0.055979783443668635
0.00998243452050685,0.0006476321533949094,0.0,2.25,1.0,-3.2285494804382324,0.40630921795867914,3.3129634857177734,0.34307831626809415,-0.03266691890876973,0.9999139654647325,0.004237074,-2.92143922856342,-0.012433145,-0.26635620717339764,3.7839003,-1.4210854715202004e-17,-25.0,1940,-0.18174453199693733,0.0016328076082334165,2.7340365498081223,-0.009289458942574153,0.6258461016883407,0.5093174893098432,1000,-0.05403014846971849
0.01015282908582589,0.0004712238851190975,0.0,2.25,1.0,-2.5610828399658203,0.4394687899329016,3.5384936332702637,0.3214801252682109,-0.04721913092618343,0.9998829962610827,0.0053270245,-2.955834056671372,-0.0144635625,-0.246298937804937,3.773622,2.842170943040401e-17,-19.55,1960,-0.13941322406649084,0.0009179668917973992,2.530810371510839,0.015935051896827875,0.5006278630868453,0.4617853446225814,1000,-0.03951773691069414
0.008450756123104121,0.00045518969571623136,0.0,2.25,1.0,-2.2793829441070557,0.5021253068829687,2.8566229343414307,0.31581631384064546,-0.019163671512855217,0.99989570952912,0.0047107106,-3.410243966239209,-0.013901154,-0.25383904060817963,3.7687364,-7.105427357601002e-18,-20.85,1980,-0.16308420363850418,0.0012164023470346143,2.4649312394419,0.009108557881676829,0.6308070031271064,0.47298674805299057,1000,-0.043301304502791446
0.009563253797735405,0.0004891664214285343,0.0,2.25,1.0,-2.5758626461029053,0.4070424283073685,2.5735535621643066,0.30588984266788544,-0.04954434240993578,0.9998913327282912,0.005891882,-3.446156599686864,-0.018718285,-0.2700131694737347,3.7573774,3.552713678800501e-17,-19.4,2000,-0.14813370472883816,0.000970545605047352,2.319474600373751,0.010223505385920014,0.4963363496031935,0.49425116848482364,1000,-0.03898632332721335
