_min_act,_max_obs,KL,ValFuncLoss,_mean_obs,_std_obs,_lr_multiplier,_max_act,_mean_adv,_min_adv,PolicyEntropy,_min_discrew,Beta,PolicyLoss,Steps,ExplainedVarNew,_std_discrew,_min_obs,_Episode,_std_act,ExplainedVarOld,_max_adv,_MeanReward,_std_adv,_max_discrew,_mean_act,_mean_discrew
-2.4961400032043457,0.6077003935909941,0.0056248903,0.003705494654971526,-0.06889187329709826,0.014221410902687817,1.0,2.2591397762298584,-2.842170943040401e-17,-2.741905944995757,3.6599529,-0.2216874429313581,1.0,-0.014443645,1000,0.06253821312823926,0.003898455506408051,-0.8830935198729988,20,0.375191575688786,-0.4375123700856314,2.712051508316228,-48.7,0.9999579634292548,-0.0050000000000000044,-0.0089883150459209,-0.11532445111694724
-2.1633317470550537,0.514255922157311,0.0012302158,0.003371458551857741,-0.014826600114944714,0.012234758091274308,1.0,2.385775566101074,3.907985046680551e-17,-1.8491968961327727,3.6510696,-0.2216874429313581,0.6666666666666666,-0.01217142,1000,0.17376070909303676,0.004042633821034218,-0.4970066580731176,40,0.37286982545558606,-0.09143375272279397,2.954123829548626,-49.75,0.999962907511638,-0.0050000000000000044,-0.0018086657638195901,-0.1175183841544816
-2.0338406562805176,0.49979271672353875,0.00066476344,0.0016222966753748956,-0.007321027598907079,0.011193886140429182,1.0,2.1819396018981934,-1.7763568394002505e-17,-1.8463715989067013,3.6477497,-0.2216874429313581,0.4444444444444444,-0.008040812,1000,0.5802811416009358,0.003839766092241302,-0.47749358841394474,60,0.37056216686365606,0.14052729338283143,3.0026427059263345,-48.2,0.9999611524427371,-0.0050000000000000044,0.004758085604611551,-0.11531185667648433
-2.6888668537139893,0.5137596964595901,0.0010631433,0.00110940558875353,0.0027059939166441532,0.011470861062606558,1.0,2.0758326053619385,3.552713678800501e-18,-1.9414423727155798,3.645831,-0.2216874429313581,0.2962962962962963,-0.009785764,1000,0.7250786530563318,0.0040343034679382935,-0.5312712439084628,80,0.3752896647164259,0.45448480007939573,3.2056190154874935,-49.6,0.9999520073270822,-0.0050000000000000044,0.008798435847624205,-0.11643145684072621
-2.1887848377227783,0.4368106598197865,0.0025913299,0.0007339746804502084,-0.000835386719109115,0.013759748146996084,1.0,2.3761556148529053,0.0,-2.512409965498471,3.6456304,-0.2216874429313581,0.2962962962962963,-0.012217591,1000,0.829395379054738,0.004057225329590265,-0.7180889877852621,100,0.363762047208321,0.48538051943408955,3.0251234503411024,-49.95,0.9999492288811834,-0.0050000000000000044,0.015471628246159526,-0.11755303012874078
-2.6360673904418945,0.4932289068834105,0.0023583628,0.0003601409873423102,-0.005976530010913843,0.010700546160287431,1.0,2.231353998184204,2.4868995751603507e-17,-2.782351665071388,3.6411867,-0.2216874429313581,0.2962962962962963,-0.01164833,1000,0.9103476291180851,0.003923548463625471,-0.687260271939643,120,0.3645656654943884,0.6680534438870989,3.6584253094008403,-48.5,0.9999392356401826,-0.0050000000000000044,-0.0073185853770701215,-0.11460102156558381
-1.943738579750061,0.5552527864946146,0.0028480245,0.0001626040593275012,-0.0044757986042639215,0.011390548509249348,1.0,1.9147366285324097,0.0,-2.3804069343319574,3.6370692,-0.2216874429313581,0.2962962962962963,-0.01258578,1000,0.9593857466729961,0.003972738847405247,-0.4241671233155748,140,0.35668097760757295,0.82607104199467,3.508432590059628,-49.2,0.9999114045061542,0.0,-0.004812435763160466,-0.11560182947185386
-2.303828239440918,0.7328124453757371,0.0055877236,0.00014144134339331505,-0.013349515465354697,0.014463656773457664,1.0,2.1460251808166504,0.0,-2.688834254855375,3.6345863,-0.2216874429313581,0.2962962962962963,-0.015002832,1000,0.9678426467821684,0.00402144976641878,-0.7996293533226626,160,0.375066542919435,0.8646811411804731,4.323860979884034,-48.85,0.9998946839900702,0.0,-0.01799829337000847,-0.11564149177961752
-2.0645065307617188,0.5742720731667582,0.0072849216,7.039124784751982e-05,-0.005842330504319775,0.013826813110016354,1.0,2.129246234893799,-3.552713678800501e-17,-3.366524613979692,3.649571,-0.2216874429313581,0.4444444444444444,-0.018693319,1000,0.9835741228119491,0.004069059578502995,-0.561017881619792,180,0.3559178781492213,0.9257314522001211,4.927041845134258,-50.0,0.9998622280797909,-0.0050000000000000044,-0.005189671802916564,-0.11768397713319553
-2.5721118450164795,0.5805088918662407,0.0035360015,5.4621841531597354e-05,0.008318895349829146,0.012552318937536113,1.0,2.1080987453460693,-3.1974423109204506e-17,-3.6248088087934893,3.6690817,-0.2216874429313581,0.4444444444444444,-0.015479827,1000,0.9866325899625628,0.00405569329317755,-0.4982662209609461,200,0.36527669419428255,0.9428350133161185,3.944448491166557,-49.75,0.9998436581440551,-0.0050000000000000044,0.026329026886611245,-0.1176094752619424
-2.480851411819458,0.7110744477920361,0.00414844,8.403171102181721e-05,0.0067185535375509494,0.012028282380514782,1.0,2.223416566848755,2.842170943040401e-17,-3.539617923373891,3.6650214,-0.2216874429313581,0.4444444444444444,-0.017679658,1000,0.9795158784551931,0.00393951017392093,-0.5268324426307381,220,0.36064466761357217,0.9521099681023436,4.966259863212515,-49.05,0.9998299848921702,-0.0050000000000000044,0.05290919376706006,-0.1161177653428583
-2.1715753078460693,0.8467583235376183,0.0031861535,0.00015100455090680403,0.013412057510169786,0.014217538008591848,1.0,2.143826961517334,1.4210854715202004e-17,-2.2750391232761538,3.682158,-0.2216874429313581,0.4444444444444444,-0.015859026,1000,0.963430951972367,0.004045518447974388,-0.4056450610688364,240,0.3765160229132436,0.9069615348727128,5.243443802944825,-48.7,0.9998663220099826,-0.0050000000000000044,0.0659363363198936,-0.11440729791350526
-2.385101556777954,0.4831417679993132,0.0043622027,6.954162098959227e-05,0.010154287612250896,0.015143675551079405,1.0,2.419764518737793,1.4210854715202004e-17,-2.9765921006484723,3.6869526,-0.2216874429313581,0.4444444444444444,-0.015444972,1000,0.9828267148414099,0.004029739066627254,-0.5381095081271432,260,0.36641692427283945,0.9673728330651405,3.4495398433722197,-49.4,0.9997946003632516,-0.0050000000000000044,0.064855339693313,-0.11558164304657163
-2.0511879920959473,0.6999263397955239,0.012574998,4.2324857450497706e-05,0.011397322361846816,0.016580425155256207,1.0,2.490081787109375,1.4210854715202004e-17,-3.769246438170503,3.6614642,-0.2216874429313581,0.6666666666666666,-0.03286805,1000,0.9897772145785492,0.004044791849752693,-0.6101722660370843,280,0.39302981026205236,0.9533194174849399,3.003379717870587,-49.75,0.9998284065214634,-0.0050000000000000044,0.05795599217747804,-0.11708565518497295
-2.294529914855957,0.6245063942655102,0.0033890842,4.43408998811406e-05,0.0037716439286847423,0.011493791491401359,1.0,1.9600671529769897,-3.552713678800501e-18,-3.7127801841704704,3.657757,-0.2216874429313581,0.6666666666666666,-0.010689107,1000,0.9888172849013473,0.003959249229897867,-0.48134143153317893,300,0.3618767647334854,0.9804537648026385,3.2334412346872257,-49.25,0.999745064179566,-0.0050000000000000044,0.04626089696062263,-0.11611401435198576
-2.1066956520080566,0.6767149980928869,0.0040981513,0.0001010752503763685,0.009004974426084764,0.014849683063263956,1.0,2.0418035984039307,-1.4210854715202004e-17,-3.506981860076693,3.65665,-0.2216874429313581,0.6666666666666666,-0.013927103,1000,0.9783387948804427,0.003956054194446037,-0.6174845053605166,320,0.3701497905747185,0.9507270463707613,5.8474830584114095,-49.05,0.9998304407565543,-0.0050000000000000044,0.05621918942919001,-0.11608570243650317
-2.1020495891571045,1.0503496613010272,0.012494932,6.392199550106049e-05,0.010175900232845654,0.02137816784903171,1.0,2.2239038944244385,-2.842170943040401e-17,-4.394425980317001,3.6614819,-0.2216874429313581,1.0,-0.020149231,1000,0.9844241516386281,0.0039598059203330765,-1.1612356920685412,340,0.40057777029773073,0.9440762306269815,3.5523157809660666,-49.4,0.9998417216209929,-0.0050000000000000044,0.050553824317961696,-0.11670125987164832
-2.380800485610962,0.9079087214852394,0.0052373805,3.860602708123169e-05,0.01719727606337164,0.022969891708115076,1.0,2.2043027877807617,1.4210854715202004e-17,-3.23650180790638,3.6478674,-0.2216874429313581,1.0,-0.016142141,1000,0.9909715167117055,0.004006828833772522,-1.016690110317784,360,0.39308635570678463,0.975008113831279,3.641887378719204,-49.7,0.9997737485329314,-0.0050000000000000044,0.032166103729628956,-0.11723104873703039
-2.485471725463867,0.8948531355930421,0.005070506,5.720067777152579e-05,0.006951825382651177,0.016904132803979597,1.0,2.2207083702087402,7.105427357601002e-18,-2.7669199009847545,3.6445746,-0.2216874429313581,1.0,-0.012314625,1000,0.9861041002068888,0.00399927066075538,-0.7208068881607292,380,0.37092828635503317,0.9726947618032523,4.9889468680596565,-49.4,0.9997821483834355,-0.0050000000000000044,0.015114642185304547,-0.11693818866493805
-2.419171094894409,0.827469000712526,0.008380318,6.57852161597448e-05,-5.791026533311025e-05,0.015113965830250257,1.0,2.0588178634643555,1.4210854715202004e-17,-3.0004634296960395,3.6513395,-0.2216874429313581,1.5,-0.017181845,1000,0.9836705244155843,0.003853253106831769,-0.8099645335325356,400,0.37192885494922834,0.9626980925706058,4.186630465348365,-48.45,0.9998033687847651,-0.0050000000000000044,-0.010637702204927336,-0.11502592403413524
-2.023076295852661,0.9610033534449953,0.004316619,4.5632540688109654e-05,0.002384858055264619,0.017279742092366247,1.0,2.563655138015747,1.4210854715202004e-17,-2.3779327736102687,3.6456337,-0.2216874429313581,1.5,-0.016617093,1000,0.988790841200047,0.004035935722287317,-0.9602858337884816,420,0.38862755253374803,0.9730757612269039,5.105853385518686,-49.5,0.999762015780283,-0.0050000000000000044,0.030291376026812943,-0.11611414009482345
-2.08988618850708,0.8999780792725239,0.003849101,2.882057293247383e-05,0.007750793863843153,0.01766548439585087,1.0,2.442412853240967,3.552713678800501e-17,-2.6991814767612943,3.6367621,-0.2216874429313581,1.5,-0.010490504,1000,0.9930202825121833,0.004037074875723496,-0.9747278123359457,440,0.3854839614389285,0.9872264766153996,4.859934704900781,-49.85,0.999690721755397,-0.0050000000000000044,0.016761300863232464,-0.1174529324830118
-2.5312793254852295,0.7083887319362691,0.0020737448,9.763976309184308e-05,0.009102525858518142,0.01750105787360989,1.0,2.085038185119629,4.263256414560601e-17,-2.9249908911912326,3.6454043,-0.2216874429313581,1.5,-0.011227863,1000,0.9752002154749855,0.0038814158140913794,-0.904944917469019,460,0.3992436755807424,0.9514416372369651,6.560289297043392,-48.05,0.9998149535415698,-0.0050000000000000044,0.017476819564821198,-0.11484875280945889
-2.0463602542877197,0.9000794662667883,0.0021196,8.206057388293824e-05,-0.005165487519712284,0.01567550304238008,1.0,1.950677514076233,7.105427357601002e-17,-2.3306365552880464,3.6419535,-0.2216874429313581,1.5,-0.011128614,1000,0.9825019691870217,0.0038203734271885234,-0.6520080425294573,480,0.37982645759114575,0.9735764977724007,4.20203105763806,-48.6,0.9997694252970794,-0.0050000000000000044,-0.021402668416965753,-0.11503512250717865
-2.3356282711029053,1.006314571471034,0.0032023115,4.368887705144114e-05,0.006152393662645165,0.02116766182688677,1.0,2.5985898971557617,2.842170943040401e-17,-2.7845535102869516,3.6407518,-0.2216874429313581,1.5,-0.014885653,1000,0.991682650235782,0.0039818520602292904,-1.0510233095654167,500,0.4137381664408799,0.9797011356472859,3.649599826976157,-49.5,0.9997521760276463,-0.0050000000000000044,-0.0008985578266438096,-0.11705037024153188
-2.515864610671997,0.884143239998261,0.0047185873,5.879412937314907e-05,-0.0002851080031758116,0.027799431518223477,1.0,2.2821426391601562,-7.105427357601002e-18,-4.798533592677185,3.6434033,-0.2216874429313581,1.5,-0.016829852,1000,0.9887983876504249,0.003964106335100011,-1.0987445951544768,520,0.4332123589554258,0.9652514251953433,4.698461515129225,-49.1,0.9997979590428887,-0.0050000000000000044,0.0014364977891091258,-0.11669218777979062
-2.4428627490997314,0.8812293979602136,0.0014487038,0.00011261489401376896,0.0002080568181411501,0.01784049342812902,1.0,2.153857707977295,0.0,-2.0130048974995667,3.6532264,-0.2216874429313581,1.0,-0.008830424,1000,0.9720785716541377,0.0039629548082749985,-0.9013217979669614,540,0.4147096011779573,0.9547370180412844,5.6443406292492835,-48.4,0.9998083553880668,0.0,-0.005234451389638707,-0.11420989086514186
-2.291059970855713,0.6502926924494837,0.007792508,4.096201752834339e-05,-0.0034328669810335445,0.015416710217534121,1.0,2.3231098651885986,-2.1316282072803006e-17,-3.276081877211298,3.6503344,-0.2216874429313581,1.5,-0.017174862,1000,0.989715864840994,0.003937019740838708,-1.01237903777803,560,0.4045040328505303,0.9810557430249535,4.592369680906646,-49.1,0.999733801861387,-0.0050000000000000044,0.012390382328070701,-0.11610745693020241
-2.1291441917419434,0.7786538443076216,0.0032653927,0.00010099074641094807,-0.0031166731656125466,0.015875421934792862,1.0,2.602846384048462,-2.842170943040401e-17,-1.978129015256225,3.6539762,-0.2216874429313581,1.5,-0.013310458,1000,0.974222109843166,0.003913760850615823,-1.0368660796570932,580,0.3869305350975532,0.9607822569020606,4.152669836200208,-48.55,0.9998089704853532,-0.0050000000000000044,0.023580609989003277,-0.11392800292345592
-2.093810796737671,0.7478208669237189,0.0067606447,3.628913326631406e-05,-0.019359115161442866,0.014470079864744438,1.0,2.1351518630981445,1.4210854715202004e-17,-2.650015564544896,3.6528568,-0.2216874429313581,2.25,-0.01854988,1000,0.991526044062285,0.004000446821074727,-0.9069244865315119,600,0.37389998412844117,0.9828295035439681,3.9316146456349994,-49.2,0.9997305383004853,-0.0050000000000000044,-0.021897201533894985,-0.11668359252112895
-2.156801223754883,0.5115824539212543,0.0014556344,0.00017021822604334507,-0.018367746471652437,0.01593889516210828,1.0,2.197446823120117,-2.1316282072803006e-17,-1.8373483533872337,3.6456797,-0.2216874429313581,1.5,-0.009489263,1000,0.9567815312268639,0.003880797407483698,-0.7217011101262146,620,0.3701400830317197,0.904499058694526,4.167444699836488,-47.8,0.9998604522863255,-0.0050000000000000044,-0.026199939825804906,-0.11173435574897578
-2.116162061691284,0.44247257261640716,0.0020946,6.653734270498923e-05,-0.004390740825643407,0.01144537612941596,1.0,2.2168195247650146,-8.526512829121202e-17,-2.9064726132991012,3.6413722,-0.2216874429313581,1.5,-0.011419389,1000,0.991097679681356,0.0040369292853316184,-0.7849515901961049,640,0.37110872116243027,0.9730854744484541,3.521391125104845,-49.65,0.9997588837921512,0.0,0.013160636031418108,-0.11661019353101605
-2.0923874378204346,0.8245734602456603,0.0020324453,5.0606576365552754e-05,-0.0035024510309073498,0.015050041759902629,1.0,2.0608348846435547,1.4210854715202004e-17,-3.3763505458574947,3.6431782,-0.2216874429313581,1.5,-0.011369671,1000,0.9911349742551074,0.003913542350970534,-0.8094113014139012,660,0.3763482156443533,0.9827579977983361,4.271853037891541,-48.65,0.9997072667861162,-0.004975000000000005,0.005022484807530418,-0.11566208287172214
-2.6792502403259277,0.9078340460281371,0.0016115856,6.229017446500058e-05,-0.0001709785058625614,0.016663854883083237,1.0,2.3104469776153564,5.684341886080802e-17,-2.083475543766781,3.6323528,-0.2216874429313581,1.5,-0.006539291,1000,0.9852165938822183,0.004073511379792428,-0.9600567540940811,680,0.39002726576716934,0.9487228795757155,6.240141276860913,-48.95,0.9998183143957634,-0.0050000000000000044,0.023290629362047184,-0.1145131797109043
-1.973103404045105,0.4835287882773709,0.0032939701,9.82140778742667e-05,0.012248474718886307,0.010828319919302727,1.0,2.3941869735717773,0.0,-3.011350296480201,3.622518,-0.2216874429313581,1.5,-0.012207851,1000,0.9752355108307907,0.003807118506071486,-0.493184232575726,700,0.375897131234023,0.9446570728347491,3.2977089785351903,-48.15,0.9998233681422072,-0.004950125000000005,0.04924432480498217,-0.11370894078173709
-1.9221086502075195,0.6881306306861756,0.0037475089,5.578076273204336e-05,-0.002081031646298935,0.012420039185169084,1.0,1.8797105550765991,5.684341886080802e-17,-2.471980128687521,3.6286774,-0.2216874429313581,1.5,-0.011345491,1000,0.9886255706658355,0.0039535981804443765,-0.41854723213890205,720,0.349501679461668,0.9824200390376869,4.901399459843144,-49.0,0.9997063938815617,-0.0050000000000000044,0.030156801085802726,-0.11529652068460886
-2.2735085487365723,0.8868152765076487,0.0035244212,0.00012816185703290797,-0.014572735828703312,0.019812137710247524,1.0,2.080657482147217,-7.105427357601002e-18,-1.2685217259866866,3.6417332,-0.2216874429313581,1.5,-0.0139241535,1000,0.9678464427084162,0.00398378864516514,-1.072360504158264,740,0.37966425829830264,0.9331483128879353,5.54483116395949,-48.3,0.9998366982739183,-0.0050000000000000044,0.013225497894803994,-0.11329984530275593
-2.179007053375244,0.8497814505653463,0.0017587811,8.569193442204585e-05,0.005811834847488893,0.013839556705799673,1.0,2.1470932960510254,0.0,-3.4962973561266812,3.6420202,-0.2216874429313581,1.5,-0.010742753,1000,0.9777753185671383,0.0038345132601864357,-0.802990866327325,760,0.3960074340872145,0.9545148404300955,2.74840603943003,-48.0,0.9998038393024732,0.0,0.0428562665139325,-0.11274768124422355
-2.1890146732330322,0.8756434362634716,0.0050682295,7.235106688443236e-05,0.004317852130545332,0.013263644652131769,1.0,2.30220890045166,-2.842170943040401e-17,-3.434189847214722,3.6356287,-0.2216874429313581,1.5,-0.018315282,1000,0.9860793350476684,0.003918134134178391,-0.7224349308237461,780,0.3721649239768968,0.9574503923355403,3.7560646485388385,-48.85,0.9997971107992791,-0.0050000000000000044,0.053811152972164565,-0.11545326909855226
-2.2285258769989014,0.4324612207197265,0.0017445657,6.340900860646981e-05,-0.0052545931695481335,0.01273997543166392,1.0,2.229052782058716,-7.105427357601002e-18,-3.374727647958495,3.6322746,-0.2216874429313581,1.5,-0.011115628,1000,0.9846166897195937,0.0038888708314315967,-0.6378686442097798,800,0.37657508079808494,0.9725506407413087,4.636518233226528,-48.75,0.9997667056846049,-0.0050000000000000044,0.04351406333176419,-0.11513210720021085
-2.166550636291504,0.8058240970946631,0.0039840327,6.901220424731112e-05,0.004700470195329252,0.01520102270882327,1.0,1.9645715951919556,2.842170943040401e-17,-2.725392788599754,3.643628,-0.2216874429313581,1.5,-0.011802278,1000,0.9826135771430967,0.00396246817251095,-0.8779202870349965,820,0.3817330799831884,0.969118243560876,4.984381577402337,-48.9,0.999772336715465,-0.0050000000000000044,0.03313816871255403,-0.11452695568503403
-2.3110716342926025,0.7199458393288326,0.0029644384,0.00011376642835605596,0.0014468319212247063,0.012626602048543038,1.0,2.2842512130737305,7.105427357601002e-18,-1.5073276107171312,3.642568,-0.2216874429313581,1.5,-0.011599552,1000,0.970474015411893,0.0037258710232527647,-0.4681506979426891,840,0.3708969034549636,0.8807528429244198,4.419975472569719,-47.1,0.9998704916939702,-0.0050000000000000044,0.04310380317934323,-0.11064725097384503
-2.275352716445923,0.9975695129391766,0.007910543,8.186475484099307e-05,-0.002183613892638038,0.015169944245323546,1.0,2.405975818634033,-6.394884621840901e-17,-2.9861407503321105,3.6525812,-0.2216874429313581,2.25,-0.018306974,1000,0.9825562242362321,0.00400746227167585,-0.9180910263769863,860,0.38074684794178465,0.9607238333358823,3.88257588165143,-49.3,0.9997908629287051,-0.0050000000000000044,0.0030826633009128275,-0.11580045291981224
-2.2666139602661133,0.4802836930982773,0.0021934293,0.00015946468548213338,-0.005619644917158623,0.010273758830371404,1.0,2.538209915161133,1.4210854715202004e-17,-1.9561106469527494,3.6480837,-0.2216874429313581,2.25,-0.00877358,1000,0.9628918510080577,0.003849246469719032,-0.41730061854109607,880,0.3680342350238877,0.9067886404267134,4.4413150113520725,-47.25,0.9998609075255331,0.0,0.011262612696620636,-0.11218539457213411
-2.4491426944732666,0.7400904488406522,0.0020764954,0.00010582906845304455,-0.021689714203055523,0.017250993650078532,1.0,2.0986669063568115,-1.4210854715202004e-17,-2.0544795815764045,3.6501222,-0.2216874429313581,2.25,-0.0091123665,1000,0.9721307892082843,0.0036338131416768673,-1.0859787622654236,900,0.39001826118913696,0.956427273791003,5.520892663117061,-46.85,0.9998137157118117,-0.0050000000000000044,-0.055472601875022516,-0.11155969463334961
-2.230811357498169,0.4680181809560476,0.002293643,0.00012219824258249067,-0.0033325744206660814,0.01375126683445119,1.0,2.2208733558654785,2.1316282072803006e-17,-2.3875632766997223,3.6528678,-0.2216874429313581,2.25,-0.010180574,1000,0.9686192479548804,0.003892732912979296,-0.7767826449643002,920,0.3873889245142095,0.9411920643947154,4.014004416852985,-47.65,0.9998290852671137,0.0,0.005862694356241264,-0.11164505932623274
-2.4008162021636963,0.44473066336788364,0.0018007853,0.00011638642518476368,-0.008679875693539842,0.013398486175921107,1.0,2.1950368881225586,4.263256414560601e-17,-1.8478249323300888,3.6408243,-0.2216874429313581,2.25,-0.0102947485,1000,0.9683741629741376,0.003670909863969915,-0.800732265913046,940,0.3884249065171316,0.9419161294962886,4.315459520234077,-46.85,0.9998337506235484,-0.0050000000000000044,-0.026123877225327306,-0.11137448723656997
-2.4318668842315674,0.4962076177912272,0.0018689366,8.68621409789324e-05,0.0067412323990627045,0.011716959598306195,1.0,2.1161611080169678,-4.263256414560601e-17,-2.6927786573928456,3.6391194,-0.2216874429313581,2.25,-0.011517832,1000,0.9788986236610433,0.0038400453782838993,-0.5828042018857109,960,0.3967236586144568,0.9641926505278029,3.739330082055286,-48.15,0.9997890290849661,0.0,0.02010299486661097,-0.11267333099504658
-2.0211856365203857,0.5168448012669679,0.0015630753,6.660316111751874e-05,0.013292806777312849,0.012396187436611814,1.0,2.112684726715088,1.4210854715202004e-17,-2.2680361987242477,3.628632,-0.2216874429313581,2.25,-0.010079408,1000,0.9825941771825161,0.003815612763822881,-0.5573699086744239,980,0.3820244726015666,0.9730032192317063,4.537646461144231,-47.95,0.9997649855644702,-0.004900747503125005,0.01996234239079058,-0.11249740232251508
-1.9704958200454712,0.47293540238182946,0.0029961679,7.705209795661859e-05,-0.0054825601458850385,0.010546251374638632,1.0,2.419494867324829,-4.263256414560601e-17,-2.3554884229021096,3.6203144,-0.2216874429313581,2.25,-0.01882499,1000,0.9802778537553618,0.003774590426809238,-0.4234670659687257,1000,0.36225239518597907,0.9605519724930633,3.772721544234744,-47.8,0.9997922009081495,0.0,0.02974590840586461,-0.11163002996990962
-2.5295090675354004,0.6834367016091089,0.003929229,8.270171842517737e-05,-0.0010146708681097532,0.017178424073939963,1.0,2.0184319019317627,1.4210854715202004e-17,-2.8104908453347357,3.6095266,-0.2216874429313581,2.25,-0.022647843,1000,0.9777071124820843,0.003709065168311432,-1.1376047226772052,1020,0.4023286935889213,0.9534440578311548,4.8817525176788505,-47.25,0.9998201503910186,-0.0050000000000000044,-0.041721514303004366,-0.11339075447856448
-2.4689083099365234,0.5226469906227196,0.0014910593,0.00011507921757494753,0.0010097077512261294,0.013071809579612001,1.0,2.254430055618286,0.0,-1.8308828611121426,3.6025515,-0.2216874429313581,1.5,-0.010150516,1000,0.970764065318825,0.0038756029625425974,-0.6006396911940365,1040,0.37429937719059314,0.9438445380271964,3.979570820874665,-47.45,0.9998185980026847,0.0,0.006826225725701079,-0.11131550076500224
-2.0159785747528076,0.6031996419150707,0.0052776327,0.00012315362740158227,-0.011329671354586783,0.012791222249126676,1.0,1.9933881759643555,0.0,-2.9632487106156455,3.611133,-0.2216874429313581,1.5,-0.019392598,1000,0.9672912809666763,0.003493257124969836,-0.9299773516647876,1060,0.3820239896382631,0.9261696820199901,2.8031691259594234,-45.05,0.9998471206749223,0.0,-0.032853475838783196,-0.10504230613072907
-2.2110769748687744,0.5321407122918567,0.0027375675,0.00012269528812651096,-0.007930135592631607,0.010949451917526746,1.0,2.1434974670410156,5.684341886080802e-17,-1.9928828190963657,3.5989573,-0.2216874429313581,1.5,-0.01143298,1000,0.9676704252688069,0.0037476849360099473,-0.5030978763667401,1080,0.3759407783472248,0.9489203105227678,3.914648585132156,-46.5,0.999817058698862,0.0,0.02127756878081709,-0.10790281434473141
-1.9775835275650024,0.4285095240910292,0.007256118,0.00017765940783931501,-0.004104311532173303,0.01371874157173828,1.0,2.4906771183013916,1.4210854715202004e-17,-2.2807176464195513,3.5932217,-0.2216874429313581,2.25,-0.01670092,1000,0.9547446084614618,0.0037015131247686676,-0.5588442520486419,1100,0.3781630931414983,0.9088514452068852,3.2042946222088506,-46.65,0.9998586538236773,-0.0050000000000000044,-0.007930077580735087,-0.10875009695088855
-2.0562350749969482,0.6435151284624369,0.0021816422,0.0003282737727885355,0.006573373101567436,0.012084965340308826,1.0,2.038487195968628,-1.7763568394002505e-17,-2.1715209164654565,3.5822124,-0.2216874429313581,2.25,-0.012966559,1000,0.9159702897933293,0.0036668292840798707,-0.5466861242180586,1120,0.3598251179429135,0.8560679407099091,4.628210370959068,-44.95,0.9998845053519982,0.0,0.03567434119037353,-0.10417838654638126
-2.122739315032959,0.5157677464699307,0.0025168655,0.0002095139907200404,0.004524674394092562,0.01130051173157706,1.0,2.19999361038208,-3.552713678800501e-18,-1.8413693282552845,3.5574994,-0.2216874429313581,2.25,-0.014679635,1000,0.9417182776022507,0.003588115502005965,-0.41192798341965314,1140,0.361797110956282,0.9047599079634033,4.041543277567873,-45.65,0.9998666060531607,0.0,0.029029388895549346,-0.10910932613172127
-2.042449474334717,0.6658132714339228,0.0015187695,0.00044895863741856466,-0.006880768311021064,0.012134214569872976,1.0,1.99306321144104,-2.842170943040401e-17,-1.8128909435427727,3.5483928,-0.2216874429313581,2.25,-0.01014834,1000,0.8859000827138095,0.0034763071056358595,-0.9634927140584767,1160,0.38138458408109194,0.7977335097694277,2.9447255339713,-41.6,0.9999012560212343,0.0,-0.0014269065932603553,-0.09633877581124634
-1.9707438945770264,0.38525385084639824,0.003276855,0.0003293838856279281,-0.00037716568009693173,0.011475806854594617,1.0,2.0443968772888184,-3.552713678800501e-17,-2.092235068739897,3.5519757,-0.2216874429313581,2.25,-0.019510027,1000,0.8927676639088392,0.002982811214811178,-0.5857053350295912,1180,0.35876451624555067,0.7880033854266815,5.004912990316827,-39.55,0.999897429891003,0.0,0.0195074410920497,-0.09363517937016909
-1.8461164236068726,0.4361927708953185,0.0024759928,0.00038457156049522505,-0.009729121939664867,0.009910600994477773,1.0,2.1194331645965576,4.263256414560601e-17,-2.583920105491301,3.54503,-0.2216874429313581,2.25,-0.013665795,1000,0.8838677889061062,0.0031876878850798365,-0.4170545726889456,1200,0.3662233360926639,0.8323080628654322,2.9519683499386797,-41.7,0.9998864901133008,0.0,0.01612841582484543,-0.09517355747274009
-2.1049909591674805,0.5485720789801779,0.0026837646,0.0003462285162804594,0.01157150711761283,0.010121938057996807,1.0,2.191469192504883,0.0,-1.9946320806934401,3.5174818,-0.2216874429313581,2.25,-0.012950223,1000,0.8880944466398369,0.0030778954361776636,-0.3655568391920459,1220,0.3666402868165828,0.8332941418533301,4.4779965422112635,-39.65,0.999890340229961,0.0,0.04816928140516393,-0.09224811825123112
-2.103451728820801,0.40066807115338826,0.002592826,0.0003032023367782932,-0.009760448268104132,0.012178617211945743,1.0,2.053860902786255,2.842170943040401e-17,-2.8641755965088564,3.5192547,-0.2216874429313581,2.25,-0.013854748,1000,0.9152063487059379,0.003517606801684717,-0.6385272370367033,1240,0.3827753684401385,0.8393876690817509,3.8727822790656545,-39.9,0.9998935008131352,0.0,-0.014353616793639957,-0.09239423408325115
-2.273714065551758,0.43619171406414453,0.0040389365,0.0003602297282169277,0.00601335238208074,0.01047570629679758,1.0,2.1777257919311523,-3.552713678800501e-18,-3.6353666059204426,3.5370502,-0.2216874429313581,2.25,-0.015194269,1000,0.8802569139880372,0.003008164994132308,-0.5419589534181625,1260,0.35989190680201294,0.7288070848175267,2.70515294327172,-42.4,0.9999058971971574,0.0,0.026537480884813704,-0.10166801940107437
-1.9597954750061035,0.4525747431626585,0.0028477132,0.00029379567176257337,-0.011476316129185687,0.010567993895053258,1.0,2.0234642028808594,-2.842170943040401e-17,-2.5284916945823883,3.5271685,-0.2216874429313581,2.25,-0.015666941,1000,0.9110605417899961,0.003086780286078815,-0.4473241504157031,1280,0.3607105349475257,0.8297991103808051,3.0046029297539985,-41.8,0.9998886564090407,0.0,0.01090257474372629,-0.09944408578246401
-1.962751865386963,0.4688439345242211,0.0024345021,0.0003890701665846269,0.0084282170253504,0.01225560732178851,1.0,2.1049554347991943,7.105427357601002e-18,-2.096711652775925,3.5210867,-0.2216874429313581,2.25,-0.014124038,1000,0.892142820547466,0.0030344001958747435,-0.5181689050435406,1300,0.37000687916934727,0.754097541730684,2.8297264140346567,-39.35,0.9999011006887164,0.0,0.03304545081965625,-0.08992030195068945
-1.9304304122924805,0.456288408106974,0.0017414389,0.0006773628412543519,0.01362570087450073,0.010711081971186481,1.0,2.151585817337036,8.526512829121202e-17,-1.9765318736053825,3.5139284,-0.2216874429313581,2.25,-0.011277717,1000,0.7785833820668261,0.0029878307181183056,-0.4581153401615422,1320,0.3635286217584015,0.5557500945064773,2.53778071482503,-34.5,0.9999232215976872,0.0,0.029985805783304387,-0.07846692173918411
-2.0790352821350098,0.38660704589071876,0.0028992651,0.0005603212391886307,-0.0009537917405822648,0.012158207593568705,1.0,2.207080841064453,-2.842170943040401e-17,-2.2308694885289726,3.5004468,-0.2216874429313581,2.25,-0.013774764,1000,0.8157163690920212,0.003027658752802295,-0.5718686011659575,1340,0.36830502791480085,0.7283062958381857,2.785534037275529,-35.65,0.9999094489581748,0.0,-0.002408114619087428,-0.0779550455409304
-2.0117602348327637,0.3844099729004879,0.003622762,0.0006177909278063465,0.0034440277694873117,0.009887182015665517,1.0,1.9326987266540527,1.4210854715202004e-17,-2.47419833249892,3.475356,-0.21685983969731068,2.25,-0.016049774,1000,0.7801645904699417,0.002804266825326472,-0.45093086867955656,1360,0.3453353140346752,0.6812293435412393,2.7354890312900633,-35.45,0.9999105777828788,0.0,0.015464538862463087,-0.0800284667576847
-2.089991331100464,0.3929109143207476,0.004310134,0.0004590589181722995,0.001037345790634348,0.010657800282597052,1.0,2.146705389022827,9.947598300641403e-17,-2.432918061788484,3.4628744,-0.2216874429313581,2.25,-0.01950993,1000,0.8181981774132094,0.0024093982716627492,-0.3663767219091329,1380,0.3664187378439684,0.711052468674783,2.7082407477446937,-32.7,0.9999031263941437,0.0,0.017108410113723948,-0.07192026794627279
-2.1278412342071533,0.37642522491571734,0.002910709,0.0006556950004985542,0.006319734178850917,0.0105384876091452,1.0,2.4008796215057373,-1.0658141036401503e-17,-2.064456519265931,3.459345,-0.217736918068623,2.25,-0.016048035,1000,0.7626862400103828,0.0027612425138073995,-0.3537321567384237,1400,0.36253268955178614,0.5828445571695857,3.2588997710664795,-31.35,0.9999213668310322,0.0,0.015492881048005074,-0.06961375539020545
-2.098942279815674,0.37904647119058155,0.00828077,0.0003310706202281678,0.006090988392681594,0.010425072848502808,1.0,2.1955456733703613,-3.552713678800501e-18,-2.6091393678115553,3.4739785,-0.17430320183488637,3.375,-0.028319856,1000,0.8329568710684425,0.001981836495876916,-0.3729649592157,1420,0.37818645911253523,0.7426820093587927,3.058799554754556,-30.9,0.9998899073497685,0.0,0.01922381754545495,-0.06553916107381288
-2.2105712890625,0.4055442505800519,0.0032707101,0.0008561204596504872,-0.009623860494758689,0.01011614285315827,1.0,2.1215872764587402,5.684341886080802e-17,-2.8866715027969074,3.475154,-0.21683558038457676,3.375,-0.0145333065,1000,0.6288010689918999,0.002202148183984561,-0.42203000231863674,1440,0.3626978254175866,0.28440372499325905,2.394035444307002,-27.55,0.9999325051274327,0.0,-0.011734639440430327,-0.05871812593982357
-1.9709433317184448,0.34074269104703514,0.0021322893,0.00033454707730164006,0.0026361497768359224,0.01070485215569801,1.0,2.2242860794067383,-7.105427357601002e-17,-2.5852682772160067,3.461091,-0.18304945748404058,3.375,-0.015064746,1000,0.8353647093817584,0.0019650834976988555,-0.3910497707581767,1460,0.35557310123840546,0.6369233841337945,2.848108788179101,-27.2,0.9999004442614723,0.0,0.012456967499805615,-0.056936913318074545
-2.0784952640533447,0.3138385685474407,0.0027015181,0.00043968217659433973,0.009223058307038543,0.010730752490454486,1.0,2.279278516769409,4.263256414560601e-17,-2.849732525752724,3.441667,-0.19228694622184667,3.375,-0.016434949,1000,0.7161810340377048,0.0015387930161056918,-0.373362867535756,1480,0.3615715207193752,0.5246436145861777,3.2526456034743907,-26.15,0.9999029050937414,0.0,0.02159665166964987,-0.0564150271999294
-2.4325737953186035,0.3059676361550233,0.002497382,0.00028321410524816603,-0.004159315687242125,0.010226831254863683,1.0,2.0795438289642334,0.0,-2.205115047699251,3.4247508,-0.15746315342843453,3.375,-0.016160116,1000,0.7443729396056709,0.0010507954218934997,-0.3509310321915509,1500,0.38060374584860424,0.4207361666829621,3.3712808133239838,-20.5,0.9998925923590362,0.0,-0.010907209414232056,-0.03987447393591643
-2.0856945514678955,0.34934235665239344,0.002852346,0.0003534386011122024,0.006822806933051319,0.009920818019871812,1.0,2.3821754455566406,-7.105427357601002e-18,-2.409389537696297,3.4068046,-0.20042273190256393,3.375,-0.016318645,1000,0.7594775834741747,0.0014691635238303293,-0.3603862624017326,1520,0.3605972013900254,0.5793518112235496,3.3218461189172053,-23.4,0.9998947511664882,0.0,0.019065431234193967,-0.050842165830376956
-2.1805734634399414,0.3687220219655567,0.003875646,0.00029359830847703363,0.016538845614816625,0.010939724972990256,1.0,2.4036648273468018,0.0,-3.130826383247388,3.393726,-0.1458195599498337,3.375,-0.018561669,1000,0.7419019277044563,0.001080355920199769,-0.3355352043827337,1540,0.3676425131978428,0.4835934926460379,2.9144059565410436,-19.3,0.9998867126315694,0.0,0.011816424958291464,-0.03746956059606157
-2.208125352859497,0.29088682242023345,0.0022214,0.00036142466811633087,-0.01281337341290343,0.00926353590845058,1.0,1.9115411043167114,2.842170943040401e-17,-2.825552457912882,3.3637092,-0.16507906765994118,3.375,-0.016788183,1000,0.669906925663631,0.0010718023997995545,-0.33610209764948357,1560,0.36566318246826096,0.5457659325046355,3.472173524989566,-21.45,0.9998825866221225,0.0,-0.012257820214843378,-0.04606695962390529
-2.2948157787323,0.2632830770860554,0.0049895556,0.0004561121975753393,0.0008558774407653592,0.009776491360737544,1.0,2.147378444671631,4.263256414560601e-17,-3.2775430715132403,3.3383546,-0.19187287968255082,3.375,-0.023125011,1000,0.6852407219115966,0.0014469660931538128,-0.389915482141155,1580,0.36535114287303044,0.4749993808158519,2.5990646027070734,-20.35,0.999900342945952,0.0,0.005255236463272013,-0.04025974946928119
-2.6840925216674805,0.374362784243433,0.0034733892,0.00016984609420348543,0.01313117296677892,0.010748781310804076,1.0,2.2806293964385986,-5.684341886080802e-17,-3.3564568112410904,3.3170626,-0.12355014762688199,3.375,-0.020203304,1000,0.7541311798832242,0.0006851743709482401,-0.3375186872957307,1600,0.36118849979198975,0.5154390647070415,2.4907999392964117,-18.05,0.9998583942698922,0.0,0.021142073054332286,-0.03349773720774493
-2.2520689964294434,0.3247210825691999,0.0031117736,0.0002570174328810519,-0.010712823227969508,0.01097999108040946,1.0,2.721781015396118,3.552713678800501e-17,-2.5393642241246517,3.2870245,-0.15036291446560807,3.375,-0.021558357,1000,0.7358206478067203,0.0009693925663682961,-0.3624394579617893,1620,0.36165939739794345,0.5058359001004964,2.8495594187931594,-18.15,0.9998829269011807,0.0,-0.022052247199695556,-0.03985507192283491
-2.275477647781372,0.3504400152067575,0.0033500062,0.0003218394705628179,0.0008644039944386653,0.01261531400907517,1.0,1.980085849761963,0.0,-3.3388336584222262,3.2683342,-0.14677727015489517,3.375,-0.021873698,1000,0.6251144703320235,0.0008105406860017765,-0.4343028887306786,1640,0.37986262415417826,0.33980330987617446,3.066235078584033,-17.55,0.9998885592665692,0.0,-0.005651738614425994,-0.03385438152786834
-2.9869344234466553,0.30329055190629534,0.0043220986,0.00026428636653229136,-0.008666926013043417,0.010560617331656953,1.0,2.2202723026275635,-5.684341886080802e-17,-2.8284929791243356,3.2408316,-0.12887929324163727,3.375,-0.022205826,1000,0.686349044964069,0.000818020384893866,-0.3391301636846679,1660,0.376783480885526,0.5444128536097097,2.8670541893809274,-16.35,0.9998647819514218,0.0,-0.03525102749606594,-0.03071067932471833
-2.227163076400757,0.3335472622297066,0.0034102174,0.00017933559390980258,0.0002608760094077529,0.011500288962880051,1.0,2.0066254138946533,-1.0658141036401503e-17,-3.6507791731647052,3.215592,-0.10993320656446628,3.375,-0.019644825,1000,0.7007522931068866,0.000595420485946722,-0.36816175889010555,1680,0.3632715788493853,0.5396289864139291,2.6919153837445413,-14.4,0.9998471001037502,0.0,0.008312947464408353,-0.02683914287676963
-2.2961583137512207,0.35018228543831986,0.0030846086,0.00022056574115481435,-0.00444767556649078,0.010906829555001914,1.0,2.438936471939087,-1.1368683772161603e-16,-2.6842679351552485,3.193309,-0.1014746076680467,3.375,-0.016900785,1000,0.4507833804437247,0.00033287197884313013,-0.3494533767898537,1700,0.3674759358568189,-0.035244360818293075,3.1428200932042563,-9.35,0.9998516256893464,0.0,-0.004634409684687853,-0.014874176725702704
-2.2447829246520996,0.33269548006314376,0.002144952,0.00015208807404765588,-0.005257987496684886,0.010890642329141399,1.0,2.4403014183044434,-5.684341886080802e-17,-3.0582055423721757,3.1660428,-0.08586513047333794,3.375,-0.015112216,1000,0.5545713888453465,0.00032721761887867214,-0.29375289097816376,1720,0.380095003172392,0.2733008455019055,2.409106495607774,-9.65,0.9998296676315511,0.0,-0.01937665910855867,-0.017631254640433174
-2.1868581771850586,0.30295862184761985,0.002317948,0.00017362016179492767,-0.011515272990560517,0.007429464294479139,1.0,2.226628065109253,-4.263256414560601e-17,-3.2429690673773157,3.145838,-0.10024048518619066,3.375,-0.017573109,1000,0.5115173565413138,0.00035495742556644855,-0.2976327536530634,1740,0.3739495215526082,0.4770735304941507,2.8231698429623293,-9.0,0.999814040035827,0.0,-0.03307097553857602,-0.017292942639780717
-2.4145963191986084,0.27808798741925994,0.0032281927,0.00012080020684723815,-0.01441495173523657,0.010779348698827828,1.0,2.2520859241485596,5.684341886080802e-17,-3.81937991053329,3.1287057,-0.07792184208598671,3.375,-0.01793537,1000,0.5310770364954784,0.00024102576124290204,-0.31541675777175165,1760,0.3594292583833779,0.3074176612402586,2.5190462846133674,-9.65,0.9997996654277701,0.0,-0.04564068469638005,-0.01615166090973039
-2.2847445011138916,0.3343245356113439,0.0030874703,0.00010471448405556785,0.000714915367886173,0.00928539456630879,1.0,2.2376925945281982,-1.4210854715202004e-17,-4.200799000009932,3.1152844,-0.07866113270373029,3.375,-0.020828346,1000,0.6331182283210628,0.00027849132353700205,-0.33719661815257,1780,0.3540993714665661,0.5332945234643717,2.3699858377489478,-9.8,0.9997738894324918,0.0,0.004828634072095155,-0.01565521736892695
-2.0285778045654297,0.3477527587171862,0.0027001896,7.121251575297294e-05,-0.002493015931877511,0.010982111465823358,1.0,2.640239953994751,-5.684341886080802e-17,-3.592193043757111,3.092565,-0.05757539603229934,3.375,-0.016558617,1000,0.43492607281317996,0.00012536947863796372,-0.2846777120228961,1800,0.36522793809236687,0.1621845872979375,2.652055906456871,-7.2,0.9997520571632784,0.0,-0.00193309642188251,-0.01121801638955753
-2.146167278289795,0.32082136644855713,0.0035792822,7.048492179431893e-05,0.010113600285222091,0.007842005054347907,1.0,2.01635479927063,3.1974423109204506e-17,-4.196244639325004,3.062724,-0.06935886130150097,3.375,-0.021653935,1000,0.37943042766819957,0.00011221126001554311,-0.2785010024404993,1820,0.3599175197421067,-0.10658840824655225,3.3073439073253956,-6.5,0.9997622505808292,0.0,0.028114267142722384,-0.010994686967113932
-2.628438949584961,0.3244458621489985,0.003824215,9.193518661401189e-05,0.001357516447488414,0.010520934877783704,1.0,2.404019832611084,3.552713678800501e-17,-4.069886243148227,3.0321207,-0.07931014914201076,3.375,-0.023951504,1000,0.47161392027401583,0.0001716152765118867,-0.35468961515929087,1840,0.36775378149863713,0.3455098546159139,2.6316897024706187,-7.65,0.9997639196161877,0.0,0.0039050088437506928,-0.01251960569948746
-2.270782470703125,0.28528555940475536,0.00442266,8.23774878575705e-05,-0.0025243007282538753,0.011600071682962093,1.0,2.6658976078033447,-7.105427357601002e-17,-5.232934632009173,3.0122986,-0.06746137263469934,3.375,-0.02191918,1000,0.27840567765169333,0.0001033648383467383,-0.33160461651583445,1860,0.36392321970822744,-0.14921782332219435,2.369620231158302,-5.2,0.9997498635632439,0.0,0.004000468312879093,-0.006609997433468921
-2.1077330112457275,0.2767011739741606,0.0037669446,4.263821815437207e-05,-0.009588892602538642,0.009159678094746132,1.0,2.3742313385009766,1.0658141036401503e-17,-4.458894241432203,2.9892166,-0.04628984534084231,3.375,-0.01882414,1000,0.4129626547883207,7.222064697183991e-05,-0.3128145976932534,1880,0.3589519298370216,0.3297877604931825,2.183822702979954,-4.8,0.9996414531446259,0.0,-0.03389432503972785,-0.005855197753754185
-2.279754400253296,0.2886567591836215,0.0033656321,3.0153656673276354e-05,-0.014976540371019505,0.012118632437197366,1.0,2.5331342220306396,4.263256414560601e-17,-4.346008587848511,2.9720953,-0.06891369425243771,3.375,-0.019472672,1000,0.6310689823533506,8.16193398105972e-05,-0.36093568821879735,1900,0.3629628902754849,0.4768808817096909,3.570401402518742,-5.2,0.9996407608501574,0.0,-0.0407177208091598,-0.0068070450033648955
-3.0545976161956787,0.32902182655700146,0.0053582774,8.796078425026288e-05,-0.0037078893486705367,0.012365333539094749,1.0,3.046783447265625,-7.105427357601002e-18,-4.046814665960889,2.9485936,-0.06508727990099827,3.375,-0.02654762,1000,0.45827422514550487,0.00016112827341905513,-0.36260620894224804,1920,0.36801403558247864,0.3550326793090659,1.9552554688320336,-6.5,0.9997567937489228,0.0,-0.017807978108234236,-0.008949891058747913
-2.0828704833984375,0.2816244652467595,0.004026978,5.0286204284873834e-05,-0.0191708884265317,0.012130198762987716,1.0,2.2847816944122314,-1.4210854715202004e-17,-4.1601024496540795,2.9353583,-0.045375080063254566,3.375,-0.020273589,1000,0.35858943514990893,7.675795549827646e-05,-0.3093136653747167,1940,0.35598355949547933,0.2420594677054969,2.7813024607866925,-4.85,0.9996693935394451,0.0,-0.033791412976803256,-0.006123826662292872
-2.6516926288604736,0.2666093157009761,0.0030481508,4.6966962481532175e-05,0.001870743834703259,0.010325355087427976,1.0,2.1337804794311523,1.1368683772161603e-16,-3.9230604808578184,2.922828,-0.05238769123475886,3.375,-0.021833807,1000,0.19925381671448628,5.742963949115953e-05,-0.3132680885488252,1960,0.3445237521053307,-0.02326690381375629,3.606094584726428,-4.2,0.9996573688109711,0.0,-0.010642886227113195,-0.003976582154129111
-2.648463726043701,0.31109558225744516,0.0030393086,2.867542507320331e-05,0.013878350642843493,0.01039021819895263,1.0,2.8433821201324463,-2.842170943040401e-17,-4.222209886312024,2.905816,-0.04483830574701005,3.375,-0.017191602,1000,0.4229107404830673,4.860605399159916e-05,-0.32381566962949515,1980,0.37099471112503424,-0.2140531899953051,3.091904154228444,-4.65,0.9996569802403439,0.0,0.03160253433778416,-0.006138545104248183
-2.6582841873168945,0.31243235306572703,0.0037730215,3.312147127369826e-05,-0.012723504724589156,0.01211906189785566,1.0,2.6235849857330322,-1.4210854715202004e-17,-4.633949024439061,2.8804412,-0.05985966573905252,3.375,-0.022962213,1000,0.42145009952968027,5.7106203249199614e-05,-0.28601710850157147,2000,0.3775956367715104,0.23692110655175946,2.3361322479225675,-4.3,0.9996107079066008,0.0,-0.04657836769707501,-0.004816034872995295
