_MeanReward,Steps,_mean_obs,_min_obs,_max_obs,_std_obs,_mean_act,_min_act,_max_act,_std_act,_mean_adv,_min_adv,_max_adv,_std_adv,_mean_discrew,_min_discrew,_max_discrew,_std_discrew,_Episode,NewPolicyLoss,PolicyEntropy,KL,Beta,_lr_multiplier,BaselineLoss,CriticLoss
-49.55,1000,0.006769462874367692,-1.0121264083683037,0.5873097035221985,0.013683240184221184,0.002854900570702739,-2.9187958240509033,2.054628372192383,0.37063793713172954,0.0,-1.9162669425267904,2.9805782918195862,0.9999581291597127,-0.11650414467400114,-0.2216874429313581,-0.0050000000000000044,0.004006598036363946,20,-0.004508398,3.7043204,0.012148462,1.5,1.0,0.002122326848674374,0.004747314
-50.0,1000,0.007585966824393101,-0.7255825483925734,0.4375917272170642,0.011043225589734485,0.01823881821593386,-1.8869134187698364,2.1950318813323975,0.37122204920385865,0.0,-1.9907846620682008,3.1857670164799563,0.9999619189754351,-0.11768397713319553,-0.2216874429313581,-0.0050000000000000044,0.004069059578502995,40,-0.2304793,3.7136261,0.008430283,2.25,1.0,0.0021839211653870622,0.32991624
-49.8,1000,0.0175028611605523,-0.4028123224833887,0.4996602084245389,0.009391244280066768,0.045118464833401956,-1.9147287607192993,2.103666305541992,0.37053589656344915,1.0658141036401503e-17,-1.5421110213741032,3.337085959723712,0.9999611546014066,-0.11747880089184391,-0.2216874429313581,-0.0050000000000000044,0.004043974978702799,60,-0.36148864,3.7104502,0.003263185,2.25,1.0,0.0011056547228672582,1.1233666
-48.9,1000,0.011721642152624388,-0.6413124174560442,0.7244847079107547,0.012139596811813822,0.012151346257305705,-2.165517568588257,2.1251611709594727,0.3979099303507311,-2.842170943040401e-17,-2.173888063543033,3.161417752957563,0.999915329064399,-0.11584575636829388,-0.2216874429313581,-0.0050000000000000044,0.003907482571466402,80,-0.45661193,3.7119684,0.0028604784,2.25,1.0,0.00011461272201058933,1.0894463
-49.1,1000,0.009982219621889658,-0.6344962612426795,0.6409667520409824,0.010219776958344943,0.010603280519251712,-2.18015193939209,2.6102592945098877,0.39245323837843576,1.4210854715202004e-17,-3.317335028948196,4.203229947101831,0.9998091621371279,-0.11556332459855709,-0.2216874429313581,0.0,0.003979791680939015,100,-0.3427095,3.708326,0.0036406417,2.25,1.0,6.884399334387817e-05,1.043555
-49.5,1000,0.008111175412759467,-0.6109277427132294,0.6820129047035197,0.011460659781724053,0.002960379118041601,-2.3224070072174072,2.458101272583008,0.38501301099752683,-1.0658141036401503e-17,-2.0535557830445375,4.719901164479092,0.9997090060655599,-0.11590968888889228,-0.2216874429313581,-0.0050000000000000044,0.004066182446470431,120,-0.25891763,3.6961412,0.002649909,2.25,1.0,7.587722296347446e-05,0.7596284
-49.05,1000,0.007504214607982984,-0.6869873469554131,0.5169333606672419,0.013468157541670894,-0.013034388033323921,-2.376276969909668,2.258305311203003,0.39945972909821253,2.842170943040401e-17,-1.8502924965180336,5.328045919108258,0.9997894790439387,-0.11512236805868435,-0.2216874429313581,-0.0050000000000000044,0.004019906631921195,140,-0.22173342,3.6852026,0.004059664,2.25,1.0,0.00012690019161602095,0.7091254
-49.7,1000,-0.002603917027576374,-0.5071318402946952,0.5595087799259818,0.009250881853418777,-0.02011322662961902,-2.2722630500793457,2.0473320484161377,0.3862854625431082,7.105427357601002e-18,-2.972261175858903,4.282091450428408,0.9994684117279785,-0.11729443613144185,-0.2216874429313581,-0.0050000000000000044,0.00401573249182078,160,-0.20281956,3.6600294,0.0028588213,2.25,1.0,1.5237769052516167e-05,0.705131
-49.65,1000,0.01056717047215075,-0.6206076560287801,0.6174074173305745,0.009990301730309055,0.019472973944735714,-2.1478776931762695,2.11669659614563,0.37944986470613196,0.0,-2.8157367275958545,3.5820724163474407,0.9994995210668632,-0.1170332496088619,-0.2216874429313581,-0.0050000000000000044,0.004006885771895755,180,-0.19825722,3.6613445,0.0036285007,2.25,1.0,1.7165819826970846e-05,0.7035537
-48.9,1000,0.020289531206212335,-0.511835659209387,0.5985484999987242,0.011157049322437005,0.04262388950772583,-2.241316556930542,2.0788307189941406,0.3969688982366292,0.0,-1.8050389717600797,4.887944412780661,0.9996579991821328,-0.11601708731443544,-0.2216874429313581,-0.0050000000000000044,0.0038723963651250432,200,-0.19793761,3.6648488,0.0023469254,2.25,1.0,3.884139968715736e-05,0.71134126
-49.5,1000,-0.010026038752228296,-0.6644409920536298,0.41121907344357705,0.010950501709657362,0.029706180850684178,-2.5306053161621094,2.247462511062622,0.3819663393373989,1.4210854715202004e-17,-3.0756456873924147,4.824410435395806,0.9995725997025101,-0.11619417719298676,-0.2216874429313581,0.0,0.004025977084679394,220,-0.19812979,3.6545014,0.00274786,2.25,1.0,3.058425483314073e-05,0.7149978
-49.05,1000,0.00959740118891943,-0.4196428801066982,0.7346458351204624,0.009267344081365522,0.009363671098137275,-2.0896663665771484,2.150700807571411,0.3638191180869727,-1.4210854715202004e-17,-1.4006649952441907,5.49790111011832,0.9997072117430919,-0.11576073118334904,-0.2216874429313581,-0.0050000000000000044,0.003925361177037005,240,-0.19705981,3.6430106,0.0019054026,2.25,1.0,6.023620929979563e-05,0.71561414
-47.7,1000,-0.00018465322453399427,-0.38224629147849054,0.4546773245441945,0.008387587784194215,0.024045602217782288,-2.222303867340088,2.2038097381591797,0.3740965486517312,2.842170943040401e-17,-1.025643749362445,8.237619998511882,0.9998266197971271,-0.1135480412825232,-0.2216874429313581,0.0,0.0038312726578904853,260,-0.19686627,3.6178083,0.0014346611,1.5,1.0,0.00018519933243534194,0.71733856
-47.4,1000,-0.0026520014305909325,-0.6928659960851705,0.512527677972596,0.009695190826057137,0.023724581046728418,-2.2251672744750977,2.318765640258789,0.3779788073824103,-1.4210854715202004e-17,-0.8916139404076122,5.066419712304774,0.9998504389774252,-0.11155181390430352,-0.2216874429313581,-0.004803465217877188,0.003946363060410061,280,-0.19665225,3.6185615,0.0037501706,1.5,1.0,0.0003079017976966279,0.7176907
-48.45,1000,0.007019358695495603,-0.4977316796515899,0.7722971236133449,0.011881963547693808,0.032966349979280496,-2.11777400970459,2.2265336513519287,0.3638494013241917,2.842170943040401e-17,-1.9519534621262387,4.294652904780607,0.9997498690499351,-0.11430099288061342,-0.2216874429313581,-0.0050000000000000044,0.0038595300411646354,300,-0.19653347,3.6256416,0.0052507697,1.5,1.0,7.882778134206331e-05,0.7184659
-46.85,1000,0.0027323073454450933,-0.3760328090992703,0.42855630393828803,0.008487222153284376,0.01997141254809685,-1.7755649089813232,2.2901928424835205,0.3678741202603235,-4.9737991503207014e-17,-1.201393007562181,4.647811375698655,0.9998358893358309,-0.10918231668320842,-0.2216874429313581,0.0,0.0038299674504547626,320,-0.19666184,3.6449118,0.0070029553,2.25,1.0,0.00023408870326419265,0.7204784
-46.85,1000,-0.006600264459692168,-0.4895843210134201,0.5029258641690012,0.009050288681555609,0.033410873099113815,-2.2143077850341797,2.883955478668213,0.3923863672097231,-1.4210854715202004e-17,-1.389954789999921,4.300662809254675,0.9998401639905301,-0.10966419366881015,-0.2216874429313581,0.0,0.003695374281772879,340,-0.1964101,3.6498952,0.0025262753,2.25,1.0,0.0002189406838795469,0.7218302
-45.85,1000,0.004804880429738483,-0.45012957311063967,0.3813477790768169,0.0089768332738791,0.028748827928327954,-2.2876698970794678,2.472546100616455,0.3927047515154339,0.0,-1.3453566866815463,3.4922384119805163,0.9998588773340282,-0.1057281452579422,-0.2216874429313581,0.0,0.003621176316242666,360,-0.19618249,3.6384645,0.0031426938,2.25,1.0,0.00024203449097183276,0.7209142
-47.1,1000,0.005677744592500285,-0.4027163090280421,0.7315236959498279,0.01029282580048797,0.05284893645299599,-2.377396583557129,2.5180110931396484,0.38798138004998706,7.105427357601002e-18,-1.6320420610207462,4.1751230646212205,0.9998123774585542,-0.11044561524147636,-0.2216874429313581,0.0,0.0037475044936970954,380,-0.12418619,3.6303506,0.0034867302,2.25,1.0,0.000189707465787471,0.48133805
-47.0,1000,0.0179764979682731,-0.5008596882794684,0.5369105245766879,0.010330217702291018,0.07515992618788732,-2.067880630493164,2.175335645675659,0.3894915132723301,7.105427357601002e-17,-1.6508305514048862,3.4985740543896475,0.9998220683817476,-0.11156071096188866,-0.2216874429313581,0.0,0.003625206381790412,400,-0.1960289,3.633697,0.003219512,2.25,1.0,0.00017513537355931557,0.75479186
-44.55,1000,0.010305087153850319,-0.3192287624069718,0.5753184797114942,0.009967045251954566,0.053465155563433654,-2.036712408065796,2.5205283164978027,0.37494439195203055,-2.842170943040401e-17,-1.1352353924276064,3.415241186843451,0.9998869296212857,-0.1030377952030952,-0.2216874429313581,0.0,0.0037164874749909885,420,-0.12082514,3.6337287,0.0034877115,2.25,1.0,0.0004384829451250797,0.47828704
-45.05,1000,-0.005607859699398328,-0.39376854007600887,0.40612064782182455,0.009440663046640554,0.020493295196210966,-1.981109857559204,2.652705192565918,0.3800315139240976,-4.263256414560601e-17,-1.3981118912847217,3.5980654441235016,0.9998726372953866,-0.10461543376403969,-0.2216874429313581,0.0,0.003621911078316727,440,-0.17378427,3.6466293,0.0035467674,2.25,1.0,0.0003698628447939377,0.6752337
-44.1,1000,-0.005765524226464538,-0.399221665079369,0.427678276804752,0.007975149378867256,0.04012328828230966,-2.33020281791687,2.3883657455444336,0.37868366775459694,2.842170943040401e-17,-1.5606507344965204,4.688631552385555,0.999865568936577,-0.1040110387445431,-0.2216874429313581,0.0,0.003463602703212736,460,-0.19547375,3.6511521,0.0037127119,2.25,1.0,0.00036349508475077533,0.74215794
-37.5,1000,0.0015966809496212723,-0.39610094638339205,0.4061807626628355,0.009088024983726583,0.03667945681628771,-2.1865622997283936,2.272916555404663,0.39931595110043794,4.796163466380676e-17,-1.4394343188904077,3.3930435579958,0.9999132755924325,-0.08701891177798848,-0.2216874429313581,0.0,0.0029643128038623753,480,-0.19549763,3.64009,0.0048037795,2.25,1.0,0.0009323498890272408,0.72218657
-41.3,1000,-0.01171749392099853,-0.3897186673467874,0.42198666211495073,0.009683147797927791,0.03608386459934991,-2.111208200454712,2.055971384048462,0.3851433351055288,2.842170943040401e-17,-2.000347318779289,2.8026338353651457,0.999850734012867,-0.09718181935969947,-0.20713173338491997,0.0,0.002853802505819295,500,-0.18288381,3.6256676,0.002317199,2.25,1.0,0.0002746830297981504,0.67364466
-42.15,1000,0.011825324285256813,-0.3670542573060366,0.4062362845094585,0.01133205051879182,0.03963577375700697,-2.12091326713562,2.351520538330078,0.3961004719450586,5.684341886080802e-17,-2.462118843797212,2.9171148942081944,0.9998653842681791,-0.0980685330517181,-0.2216874429313581,0.0,0.003057673110843647,520,-0.14261018,3.6167803,0.00482473,2.25,1.0,0.0002971460293184157,0.54065156
-36.85,1000,0.01616252078515997,-0.4041750959442558,0.41521365063536864,0.011882647888596718,0.050891208788962104,-1.885572075843811,2.7635433673858643,0.3917111007134184,0.0,-1.9264451819501456,3.912726273402171,0.9999050313500373,-0.0881421828143177,-0.2216874429313581,0.0,0.002708803315346022,540,-0.19581631,3.608162,0.003856341,2.25,1.0,0.000536413706296387,0.73771006
-36.35,1000,-0.00656543125387583,-0.34332359993558265,0.3162057130389857,0.009670866029472074,0.018023543518618682,-1.9639664888381958,2.207368850708008,0.3897922359642039,-1.4210854715202004e-17,-2.4340472367250867,2.874454377013231,0.9998821029202095,-0.08147090717347266,-0.2038229524610931,0.0,0.002432089187274082,560,-0.19513495,3.5980504,0.003721104,2.25,1.0,0.0003461247194011961,0.72454494
-36.5,1000,-0.0021853335788183403,-0.4521253645581536,0.38658571605578507,0.010324746954944642,0.0552943978800904,-2.4261341094970703,2.4662532806396484,0.39647318932809456,-5.684341886080802e-17,-2.7420258798858126,2.9740292390079315,0.9998980668810737,-0.08368982310786538,-0.2087382279460185,0.0,0.002473116186189986,580,-0.1667027,3.6143963,0.004419485,2.25,1.0,0.00042550953619360066,0.6199472
-35.9,1000,0.01617646552217744,-0.30061739006281213,0.4230571664138361,0.010597897371715917,-0.007562626364291646,-2.3791184425354004,2.4163658618927,0.40972740169724753,-1.4210854715202004e-17,-2.0790229423064304,3.1537708082465237,0.9998781035870435,-0.07967291023475594,-0.21295320547505947,0.0,0.0027301242910693223,600,-0.16388102,3.624659,0.004589565,2.25,1.0,0.0003995913217399494,0.61728585
-30.65,1000,0.0025005201172536564,-0.3598506346262087,0.3660940443621538,0.009285043441841733,0.005168402586947196,-2.43931245803833,2.3799917697906494,0.3927033461114655,1.4210854715202004e-17,-2.503277648376707,2.4297259304945507,0.9999128367754794,-0.06955195922972923,-0.18930180163327578,0.0,0.0019059547989676749,620,-0.1670114,3.6171577,0.0048082094,2.25,1.0,0.0006061931036646516,0.6349778
-30.25,1000,0.0014216973385788455,-0.36711633777899083,0.352972081306131,0.008086634544238297,0.05152062831888907,-1.9255633354187012,2.282695770263672,0.38591901744176044,-1.4210854715202004e-17,-2.773983523805134,2.3842953193768937,0.9998870104451018,-0.06778773158472354,-0.2125272361595234,0.0,0.0017720132157878958,640,-0.19467187,3.603773,0.0042047384,2.25,1.0,0.00044113271603430206,0.7299554
-28.2,1000,0.0037525244624351875,-0.3159044623384782,0.36793397991181587,0.00963535975268248,0.01638255116296932,-2.1637816429138184,2.089073657989502,0.38542873959966306,1.4210854715202004e-17,-2.9430773511280655,2.262622823597956,0.9999007800238744,-0.06323823465456838,-0.1812445654583542,0.0,0.0017783793210500475,660,-0.18538275,3.5852144,0.0045151953,2.25,1.0,0.0005057352142806014,0.6849188
-26.65,1000,-0.00023136678750224096,-0.39504856495469653,0.3942916793206714,0.011072808600987905,0.015130636771209538,-2.5011608600616455,2.496497392654419,0.40804373677780537,-1.4210854715202004e-17,-2.933443369758149,2.9112532623127527,0.9998910008535201,-0.05582816878655846,-0.1781804838689254,0.0,0.0016629047419396063,680,-0.19477157,3.5620897,0.004964373,2.25,1.0,0.000494161568477854,0.71033335
-21.05,1000,-0.0008935776425246524,-0.26907494013114786,0.35098011384868927,0.008539824854015382,0.035128801409853624,-2.0424797534942627,2.8672876358032227,0.40972902870451056,4.9737991503207014e-17,-2.1279745039372084,2.2192545784329147,0.999909322650363,-0.043928347896036876,-0.1537283563335926,0.0,0.001379738672785128,700,-0.19461794,3.5303934,0.005012764,2.25,1.0,0.0006875180506002017,0.7055479
-20.85,1000,0.011070818054793615,-0.3246095214014407,0.31753626690750403,0.008435325971128803,0.03067453281604685,-2.4327938556671143,3.290580987930298,0.4103657453078879,-5.684341886080802e-17,-2.8197893327575616,2.686837156648653,0.9998878150709557,-0.041314667760444276,-0.15572557013959662,0.0,0.001185778343275977,720,-0.19456689,3.494371,0.003947056,2.25,1.0,0.0005146549033131369,0.70351815
-17.65,1000,0.014273451050769837,-0.2674112413508279,0.34348920510435066,0.008692851508068816,0.05498606705595739,-2.3805410861968994,2.2379724979400635,0.38280365969504054,-2.842170943040401e-17,-4.132646853629536,1.9274665109840707,0.9998939460304468,-0.03438070810248514,-0.181929694792033,0.0,0.0008552315233941824,740,-0.17329705,3.4649553,0.0065683513,3.375,1.0,0.0003853296663877264,0.63257575
-17.75,1000,0.004025268692487549,-0.29205473939590587,0.3489639491680301,0.009526855002814796,0.027129933110554703,-2.3372268676757812,2.803914785385132,0.4092564283630161,2.842170943040401e-17,-3.9886730015844596,1.9692780384154334,0.9998856051345482,-0.03527735162354793,-0.18961131882036428,0.0,0.0009923683861798329,760,-0.18968122,3.4501204,0.0054507484,3.375,1.0,0.00047611295451236406,0.69061714
-15.15,1000,0.00043852018935113766,-0.28040429483406293,0.3211454399497144,0.008052370331114675,0.019997690662974493,-2.331592082977295,2.2012076377868652,0.4099244755189111,8.526512829121202e-17,-3.2514080380156947,2.5372701353415374,0.9998736895221236,-0.03012047966387927,-0.11269376249636506,0.0,0.0004891172047842502,780,-0.10350081,3.4209082,0.0032652793,3.375,1.0,0.00025367409883714985,0.40959373
-11.8,1000,-0.01673357097944607,-0.3185082147288839,0.3199565599753697,0.008058784596444754,0.004993429929716513,-2.3702006340026855,3.0877623558044434,0.4046115035875791,6.394884621840901e-17,-3.5294394174975374,2.6579910272306364,0.999828257790587,-0.02099184769417142,-0.0986353664320172,0.0,0.0003270569510863837,800,-0.19112284,3.397977,0.0026219052,3.375,1.0,0.00016082693682071896,0.7340219
-13.5,1000,0.005648916198841198,-0.282507751705425,0.30901518433277514,0.009846388950586048,0.035725614637020044,-2.2605276107788086,2.756560802459717,0.4085045669955245,-4.618527782440651e-17,-3.091004300303013,2.223352245791597,0.9998290802431212,-0.02558978733692401,-0.09194113431771538,0.0,0.00041604919008933315,820,-0.17251766,3.364976,0.0035712824,3.375,1.0,0.000187293272355956,0.65381336
-12.45,1000,-0.0012566537141091938,-0.34417764026081304,0.32449471547059044,0.010571581464621066,0.019403112564235925,-2.212925434112549,2.403397560119629,0.4252713618760918,2.842170943040401e-17,-3.754835096527347,2.2156007202141854,0.9998326004104535,-0.02080884173504191,-0.10179104560756325,0.0,0.0003796747327723274,840,-0.1780682,3.3539958,0.004117031,3.375,1.0,0.00017880905916217856,0.6651062
-9.0,1000,-0.007569446870322131,-0.3494475836189325,0.3286378261384351,0.008920477333822768,-0.012825084674870596,-2.2919018268585205,2.7248964309692383,0.42243990092835726,-4.263256414560601e-17,-3.1900686146258646,2.319578591527243,0.9998083392398964,-0.01657453133264856,-0.07774519394107812,0.0,0.00024395313936471396,860,-0.19349219,3.3568912,0.0039360058,3.375,1.0,0.0001527359296742191,0.71006995
-8.0,1000,0.0023490502915417284,-0.2801085880603174,0.33058908691529526,0.00996439055539051,0.027833363040117548,-2.6376001834869385,2.2017135620117188,0.4042168537699453,-3.1974423109204506e-17,-3.296100358045961,2.9279501237564363,0.9997651545400015,-0.013745759616128762,-0.06100936135880258,0.0,0.00014902625463319657,880,-0.19105306,3.3407369,0.0036859002,3.375,1.0,0.00010207271511993294,0.6916905
-8.5,1000,0.01413622098101106,-0.28724054087779066,0.3478653426640889,0.0103610914046005,0.027654099699808286,-2.5299179553985596,2.210824489593506,0.4158283089981095,-2.1316282072803006e-17,-4.12279133276625,2.0122916878149,0.9997901783806012,-0.014642265258812613,-0.07299720128863872,0.0,0.00018770588732197114,900,-0.19432382,3.3155932,0.004214344,3.375,1.0,0.00011323743250674187,0.6973083
-5.65,1000,0.009261802321486306,-0.2453154150459559,0.3067463731557671,0.007434051803147647,0.04402369922830258,-2.182910919189453,2.99405574798584,0.4060744315351782,-1.9539925233402755e-16,-4.270215288514743,2.861730974954685,0.999663013045339,-0.007272183185060919,-0.0606749893243256,0.0,8.132818303051095e-05,920,-0.16303158,3.2834182,0.0033600435,3.375,1.0,5.81009305112573e-05,0.5971091
-6.5,1000,-0.004992058000596533,-0.2996273700485209,0.3080584981291704,0.008018279137850031,0.04319281385489739,-2.356727361679077,2.827760934829712,0.4134488074896264,0.0,-6.481130080494137,1.6376505438359883,0.9997618086003334,-0.009994386691752696,-0.08808808495798207,0.0,0.00014314542562442165,940,-0.16854572,3.252566,0.00341656,3.375,1.0,9.384904122144672e-05,0.6255438
-6.2,1000,-0.01536547487346208,-0.2798713035048466,0.31019101739567595,0.008415217000710707,0.007520823603030294,-2.564027786254883,2.367415189743042,0.4149034144450893,5.684341886080802e-17,-5.088002101500778,2.062196211286599,0.9997220395809127,-0.0096993780900053,-0.062126514509384646,0.0,0.00012625430672820773,960,-0.1751025,3.2138734,0.0043369858,3.375,1.0,7.879704245174177e-05,0.6493302
-5.55,1000,-0.002294096682834118,-0.2923015426607141,0.3284483420796341,0.009726699578807377,0.007664215594064445,-3.1756441593170166,2.625311851501465,0.4181375120920108,-4.9737991503207014e-17,-4.728993126851501,2.121967951461937,0.9996986610560138,-0.00658015837429171,-0.06397410994230704,0.0,9.849503072459967e-05,980,-0.15579358,3.1739268,0.0038590708,3.375,1.0,5.7978817099526264e-05,0.5866421
-4.2,1000,0.001866766388019578,-0.30422322864119156,0.29789626168577726,0.008336765702081408,-0.0014985860920278355,-3.303529739379883,2.4697351455688477,0.41103752887236694,-2.842170943040401e-17,-4.88105226184277,2.251792116645157,0.9996330221645631,-0.005160543962350636,-0.042193476695703204,0.0,3.555586937360604e-05,1000,-0.1900181,3.1470313,0.0024522888,3.375,1.0,3.534290443801494e-05,0.70257413
-5.05,1000,0.005576506073429406,-0.31429657943324435,0.3268092138106236,0.011487499570561624,0.012846884465776384,-2.782581090927124,2.6869611740112305,0.4394116654264562,-2.1316282072803006e-17,-7.5180347604858415,2.1372191065264317,0.9996049474609255,-0.005735180934585486,-0.047903707473408566,0.0,4.984885722143564e-05,1020,-0.18648036,3.1345053,0.006105163,5.0625,1.0,3.3162563755121984e-05,0.6813125
-4.25,1000,0.007560296006492574,-0.2630164141720123,0.28791063070612477,0.008248993665381376,0.0508452902387362,-2.1527678966522217,2.8491766452789307,0.4034732957671769,0.0,-3.6119513557693814,1.6843762410116303,0.9996232465710085,-0.00544093199445107,-0.0394967053363662,0.0,6.053153431658349e-05,1040,-0.16151507,3.1097322,0.0018907926,5.0625,1.0,4.35698832275353e-05,0.5970907
-4.0,1000,-0.00023294368854854194,-0.2991525571117643,0.31723880155106043,0.009887426499282889,0.00844344653445296,-2.4243392944335938,2.5607218742370605,0.414889508086592,2.1316282072803006e-17,-5.875179268587752,2.24306666272532,0.9995348394255936,-0.00465388625353267,-0.038445422266191354,0.0,3.0832583094903605e-05,1060,-0.18630545,3.0827289,0.0019652422,5.0625,1.0,2.570153778691e-05,0.6845449
-3.45,1000,0.005803820922656754,-0.3007530450061148,0.31459274192566233,0.011152405185629353,0.011499666511197574,-2.614056348800659,2.7565226554870605,0.42801544319633544,2.4868995751603507e-17,-5.071645405640219,1.7173958192241259,0.9994756419423168,-0.0031991504237967767,-0.03159633611550257,0.0,2.703151514392461e-05,1080,-0.18932167,3.0635428,0.0020657617,5.0625,1.0,2.070316842628786e-05,0.68813896
-3.0,1000,-0.003670050353882271,-0.30837937124058623,0.30898829645517994,0.008797527758657797,0.0116091239429079,-2.59462833404541,2.2350471019744873,0.3935289937627818,0.0,-7.039322263647951,1.4808874372917173,0.9994885682366341,-0.0031777312899196174,-0.03807953985612056,0.0,2.5756494721255727e-05,1100,-0.1617107,3.0379117,0.0017954045,5.0625,1.0,2.0801839159578803e-05,0.5933534
-3.8,1000,0.00043998574972571803,-0.27922155184362757,0.28894269150626983,0.008836938871241382,0.010372047384968027,-2.7535290718078613,2.82833194732666,0.41503718341449625,1.4210854715202004e-17,-4.3573424336402535,1.3957355776116693,0.9995864919712001,-0.0044115503936735185,-0.037300807733218144,0.0,4.1943141142544505e-05,1120,-0.18975794,3.0207396,0.0018861187,5.0625,1.0,2.594579505104475e-05,0.6914973
-3.4,1000,-0.010952892112858884,-0.3059280338669389,0.2983701977637616,0.010023631663396562,0.005328259114699904,-2.705493927001953,2.3760147094726562,0.4165468904690117,-2.842170943040401e-17,-7.041573305669928,1.890212475196666,0.9995134367803962,-0.0029570641034722353,-0.03838938860362922,0.0,2.4296517938362076e-05,1140,-0.18277389,2.9983263,0.0016182857,5.0625,1.0,1.9249827998955717e-05,0.6662959
-3.8,1000,0.007521823267352237,-0.31927893754995057,0.3149967778048046,0.010358192619844919,0.029905014663236217,-2.658414363861084,3.1736905574798584,0.41911992182952423,2.1316282072803006e-17,-6.341950099847372,1.8685385761657567,0.9994902497611802,-0.0026270891310763355,-0.03406920659578298,0.0,2.5391580838778436e-05,1160,-0.1798575,2.976058,0.0019256145,5.0625,1.0,1.905970943201502e-05,0.65149575
-2.95,1000,-0.0009807979042158199,-0.2989541198938698,0.30131742127276273,0.00952880312883769,0.004873154376167804,-3.0640246868133545,2.7278292179107666,0.42368957747813885,1.4210854715202004e-17,-5.7109163856095835,2.1809855282797623,0.9993172269326523,-0.0021396926073745156,-0.024508038109665006,0.0,1.386015318107111e-05,1180,-0.16961913,2.9694493,0.0018983171,5.0625,1.0,9.827337798882361e-06,0.6218964
-2.95,1000,-0.004798125447987885,-0.29235812508478215,0.2972501483451914,0.009149455000632323,0.012937395406072028,-3.2985153198242188,3.0314278602600098,0.4083736825022243,-2.842170943040401e-17,-6.425336718706762,1.7987246354045552,0.9994833023091984,-0.0025649438604223615,-0.03708904072260476,0.0,2.2589786669963827e-05,1200,-0.1636208,2.953998,0.0022074545,5.0625,1.0,1.970534745873083e-05,0.6078005
-2.8,1000,0.0008396984337070766,-0.28000234047386713,0.309289317949602,0.012264950749872926,0.03102901969884988,-2.9294650554656982,3.093742847442627,0.42059752943728507,2.842170943040401e-17,-7.082338423333077,1.86008969828351,0.9992623380610218,-0.0014933615100656001,-0.029053167837698506,0.0,1.1958888137227385e-05,1220,-0.13510732,2.9339533,0.002470285,5.0625,1.0,1.0043367476868022e-05,0.5210546
-2.75,1000,0.006926215438136957,-0.273563225297976,0.3147647183548643,0.010016213611163468,0.02481863709259778,-2.9100396633148193,2.781446933746338,0.42380755505408274,1.4210854715202004e-17,-6.7271890902519,2.007934819380044,0.9992161137356655,-0.0021072663659355067,-0.023840827763409542,0.0,1.1046254269208742e-05,1240,-0.15705013,2.9254522,0.002473322,5.0625,1.0,8.27033598137525e-06,0.6027087
-2.9,1000,-0.003206206113670256,-0.2901999483524902,0.3203475439863686,0.011864866687894132,0.006633167320571374,-2.4902923107147217,3.262178897857666,0.44277969398698475,0.0,-5.547014242552904,1.3755222354404808,0.9993963922922386,-0.0019095806192752415,-0.0323067308012084,0.0,1.8761959142415555e-05,1260,-0.1888953,2.9112866,0.0022278293,5.0625,1.0,1.544634362991683e-05,0.70254636
-2.0,1000,-0.0038906051580904003,-0.28302058479040576,0.3182600723361806,0.008244852117788403,0.0075504334061406555,-3.003058433532715,3.0216639041900635,0.42389441659087657,-2.3092638912203255e-17,-5.194193003246693,2.531081655955193,0.9989344705051051,-0.0012992380742226607,-0.014925125000000013,0.0,5.894593916486722e-06,1280,-0.1759117,2.8997881,0.0025231026,5.0625,1.0,4.2799595097381935e-06,0.6437017
-2.6,1000,0.003093839753864982,-0.28822653737535314,0.3188329870480486,0.010947289721093725,0.029049024218460544,-2.6269474029541016,3.046444892883301,0.4376269885639532,5.684341886080802e-17,-8.398396356599127,1.7456888537541106,0.9992284952033892,-0.0010006076036478992,-0.03305958057025893,0.0,1.0447185875322926e-05,1300,-0.18755649,2.8892634,0.002498875,5.0625,1.0,8.783145740382087e-06,0.6770283
-2.6,1000,0.011673559821014609,-0.27423572806759966,0.32390743032391894,0.009198708504185691,0.034578258578316305,-3.075685977935791,3.3114447593688965,0.4171388737825462,3.1974423109204506e-17,-6.280546499978507,1.3587087542357692,0.9992703726205365,-0.0018387695913031383,-0.024419123805062986,0.0,1.314799658900304e-05,1320,-0.18122502,2.870141,0.002071101,5.0625,1.0,9.62262601646266e-06,0.6525046
-2.5,1000,0.011740089650378373,-0.27708081101774096,0.3012931010482468,0.009281158647971629,0.03914214642287698,-3.274217367172241,3.057321310043335,0.4023032350439837,7.105427357601002e-18,-6.769939004546666,1.3550028738385977,0.9993193328008133,-0.0016184605781112084,-0.027408236334194896,0.0,1.430981251948842e-05,1340,-0.18883987,2.845643,0.002733491,5.0625,1.0,1.0239627627654743e-05,0.67095786
-2.75,1000,-0.004882973196426038,-0.2940078926651635,0.299932000341051,0.011639665532780315,-0.018394231090554967,-2.886152505874634,3.142669677734375,0.4207155383199509,-2.842170943040401e-17,-7.595524781426314,1.600177690839224,0.9992712696590282,-0.0010512268255133304,-0.028395927233292668,0.0,1.0295202108987287e-05,1360,-0.16306642,2.8383496,0.003660834,5.0625,1.0,8.725097222635779e-06,0.5934415
-2.2,1000,-0.0013717667086943354,-0.3197363259587155,0.3018958629153416,0.008581102699700702,0.03117981556430459,-2.9671850204467773,3.2321078777313232,0.4264675929576026,2.842170943040401e-17,-5.695817745293655,1.6605832226507118,0.9991422935788264,-0.0014666892073209373,-0.019270389977726315,0.0,8.41252726026609e-06,1380,-0.15054768,2.8236637,0.002137921,5.0625,1.0,7.058883765254476e-06,0.5629458
-2.05,1000,-8.680491984251912e-05,-0.28767539078283305,0.309387810811267,0.008882972267485972,0.03724291726661613,-3.2092056274414062,3.1593003273010254,0.4299903159573465,-2.1316282072803006e-17,-7.219122086279437,1.3875325990519278,0.998963040853437,-0.000889395397507442,-0.014925125000000013,0.0,5.581179768182912e-06,1400,-0.18372767,2.8197198,0.0020153981,5.0625,1.0,4.386713451180564e-06,0.6807333
-2.05,1000,0.007045938412129589,-0.2647431584949585,0.31095749758005675,0.008340095669840484,0.051396298945415766,-2.8529839515686035,3.590327024459839,0.4302086293026351,-2.1316282072803006e-17,-8.194670847616537,1.7159196220615707,0.9990347063629943,-0.0011871305112090451,-0.019850499375000018,0.0,6.17738307139377e-06,1420,-0.18362151,2.8095126,0.0014185767,3.375,1.0,4.824062406026164e-06,0.668626
-2.0,1000,0.00414618091540029,-0.2725387843841275,0.2830061272705842,0.009252805665178037,0.03389552985434421,-3.2335426807403564,3.045893669128418,0.40889048756814983,-7.105427357601002e-18,-9.630444017930479,1.9820750244681926,0.9989330102020031,-0.00053951210473652,-0.019850499375000018,0.0,4.355499274277671e-06,1440,-0.19001311,2.7917051,0.0030163957,3.375,1.0,3.881967812036008e-06,0.6774066
-2.45,1000,0.014000496323194628,-0.2760896774123691,0.3051577042693674,0.010168658994365254,0.029950349042657764,-2.9594836235046387,2.916524887084961,0.4276231491552975,-1.4210854715202004e-17,-8.027131647915065,1.9602045230626086,0.9990746170140217,-0.0008977363058264856,-0.019850499375000018,0.0,7.003049186036666e-06,1460,-0.18357858,2.7775218,0.005701716,3.375,1.0,5.34594178967469e-06,0.65288365
-2.05,1000,0.001801565781884688,-0.275436203976852,0.28973734776422555,0.00901395428063302,0.02541469903907273,-3.0432469844818115,3.0680739879608154,0.44764936130341454,-2.4868995751603507e-17,-6.466975561804781,1.894360961803922,0.999067993658957,-0.0013460034615526777,-0.01951670734177184,0.0,7.3160802182959535e-06,1480,-0.18704419,2.77481,0.0038103273,3.375,1.0,5.649973292678642e-06,0.66212785
-2.45,1000,0.0031621919947045414,-0.26967607256533527,0.3076282241574991,0.009381418242339486,0.042885334141086785,-3.1541290283203125,3.083970308303833,0.44306629678990156,7.105427357601002e-18,-6.25294616808535,1.7446269483059724,0.9992870443212534,-0.0014934077529016243,-0.02757480798361881,0.0,1.347915145500096e-05,1500,-0.1649328,2.7672477,0.0040807305,3.375,1.0,1.1524674495496526e-05,0.5959176
-1.9,1000,0.0059225545819791845,-0.2690813995029053,0.31119770407468894,0.009657001317395752,0.03252321727853268,-3.4272799491882324,3.268324851989746,0.4350623384529134,-2.842170943040401e-17,-9.042759053265264,2.285400290429931,0.9990900154367547,-0.0006174419092071197,-0.019850499375000018,0.0,5.201527126157159e-06,1520,-0.19010931,2.7492151,0.005242121,3.375,1.0,4.559092669565754e-06,0.6780445
-2.15,1000,-0.010507639790400404,-0.30140158871070044,0.2855173843331299,0.008671404805406003,0.02097582888411125,-3.3419995307922363,2.4951422214508057,0.4350164701478592,0.0,-9.307217750324881,1.601153756984466,0.9990468318534861,-0.0010353781234967404,-0.019704572891787814,0.0,6.0405187187175135e-06,1540,-0.17694344,2.7520308,0.004349509,3.375,1.0,4.844105764195668e-06,0.63422424
-2.55,1000,-0.006935323686526484,-0.28870768510537403,0.3227085876333881,0.010689676770085463,0.044026660833274944,-3.1697380542755127,2.9096591472625732,0.4542189808941053,0.0,-10.444822471515517,1.4717334349229538,0.9990625705349059,-0.0005854742243907618,-0.024653964592877206,0.0,6.400071117276255e-06,1560,-0.18623838,2.754986,0.0060389116,5.0625,1.0,4.6720078089892835e-06,0.6615133
-2.35,1000,0.005213846175973368,-0.30281858452416577,0.3092694271180417,0.010204270328985689,0.01751578481984325,-3.1339259147644043,3.237874984741211,0.4330607550301368,-2.842170943040401e-17,-8.966653672986698,1.9920210871348945,0.9991229994405588,-0.0012538895207575803,-0.024088213626511746,0.0,7.460332092897126e-06,1580,-0.18360491,2.7457504,0.003470014,5.0625,1.0,5.712353453074626e-06,0.64950866
-2.2,1000,0.005276781556521282,-0.298797872405935,0.3200551599048047,0.010235849413972027,0.0346525035930099,-2.7959046363830566,3.3668386936187744,0.44650324205527336,1.4210854715202004e-17,-7.417067785452821,1.7015551430061258,0.9991066318582998,-0.0012122431098319961,-0.019850499375000018,0.0,8.001336948554507e-06,1600,-0.18005794,2.7383108,0.0032487775,5.0625,1.0,6.602293865441767e-06,0.6412046
-2.6,1000,0.015406978473244543,-0.30782556082705387,0.30880149873247403,0.009813033497994844,0.06175901297316887,-3.3334434032440186,3.148181200027466,0.4418206068871468,-3.552713678800501e-18,-6.326981209912716,1.5166455059885702,0.9992504586329731,-0.00149565667187242,-0.02428376692750656,0.0,1.2056665827832832e-05,1620,-0.18239553,2.7476044,0.0022301795,5.0625,1.0,9.020204500476022e-06,0.6505738
-2.3,1000,-0.011827807549873223,-0.31124072931204555,0.3094470422661338,0.01110972929756924,0.004610758997849189,-3.191467046737671,3.3138656616210938,0.453514732740634,-1.7763568394002505e-18,-6.978785529787253,2.1192167553527006,0.9990989385002941,-0.0010006506336212707,-0.0195397806198712,0.0,6.371861405431606e-06,1640,-0.18508413,2.7556288,0.0016313255,5.0625,1.0,5.0075882229507555e-06,0.65774435
-2.15,1000,-0.0012826145094915588,-0.2828861085801194,0.30062861518428496,0.009302365866180936,0.01947607921040617,-3.3560171127319336,3.170815944671631,0.4454161848849837,0.0,-9.016302603187546,1.4535692344205309,0.9988815460656507,-0.0005514198394432769,-0.019825872503125015,0.0,4.698358215368853e-06,1660,-0.18322417,2.7617218,0.0034657829,5.0625,1.0,3.7213482566503176e-06,0.6460999
-2.0,1000,-0.0035962348988738176,-0.27035925187416465,0.30105861201129014,0.009055673879750281,0.03446655061095953,-3.2516536712646484,2.4896600246429443,0.4157270294350343,1.4210854715202004e-17,-6.297177771750041,2.1790168991262564,0.9990145034877818,-0.001096709919374894,-0.01918413429800175,0.0,6.757699573695431e-06,1680,-0.16981974,2.7569828,0.0018306907,5.0625,1.0,5.148725092198966e-06,0.6093402
-2.25,1000,-0.005216016093587562,-0.30626646807032576,0.2993262054712165,0.009584286791219926,-0.00145388722862117,-3.47627854347229,3.0606207847595215,0.4405164482236377,-3.552713678800501e-18,-8.055742118990626,1.5112416875061478,0.9990879874088496,-0.0012097622095081561,-0.024081780120385008,0.0,8.905326978732895e-06,1700,-0.18620259,2.737292,0.0027354292,5.0625,1.0,6.30786217050302e-06,0.66064584
-2.0,1000,0.007920030217835517,-0.2628756645173157,0.3114276307128513,0.008044108445823173,0.06653106269123964,-3.1027374267578125,3.3542439937591553,0.4060827536321934,-4.9737991503207014e-17,-7.639009121565803,1.678545868255924,0.9990668221186497,-0.0010151724695946877,-0.023858605232570457,0.0,7.076014621105077e-06,1720,-0.1721263,2.7273235,0.0014488426,3.375,1.0,5.692030823182792e-06,0.61953723
-2.1,1000,-0.0018606415836584479,-0.2975643991307577,0.3062402903905953,0.009614564438263423,-0.0013955886100884528,-3.0350961685180664,2.9918131828308105,0.4329763655739703,-7.105427357601002e-18,-8.740197239654561,1.4503366130856827,0.9989023297148053,-0.0004490134471267558,-0.019448177401373105,0.0,4.072396665071559e-06,1740,-0.12898357,2.723867,0.0055543645,3.375,1.0,3.286825521419492e-06,0.48751217
-2.35,1000,0.020076439079114532,-0.3110948892931521,0.3101630585881644,0.011523162781443027,0.03444988624798134,-3.9694457054138184,3.303025245666504,0.45056817498755375,0.0,-8.164264070317609,2.0039920941275122,0.9988945672165762,-0.0005966024895805004,-0.019850499375000018,0.0,5.01710355951724e-06,1760,-0.15020593,2.7087889,0.005435454,3.375,1.0,3.089834565039294e-06,0.57321143
-2.2,1000,0.002257802887250471,-0.2967675038754582,0.2977186652392585,0.007959635253500519,0.04226680148986634,-3.3833870887756348,3.523820400238037,0.42526996584198223,-1.4210854715202004e-17,-9.0988175264058,1.7290518953111629,0.998969532109224,-0.0005915938285529546,-0.019850499375000018,0.0,5.030930562598669e-06,1780,-0.18443605,2.7015498,0.0035883482,3.375,1.0,3.345666938582664e-06,0.6822637
-2.25,1000,0.0017433407124645228,-0.2552437490065277,0.2983533095382483,0.009566399939275284,0.028816041130688974,-3.7535483837127686,3.092261791229248,0.42387629287731454,1.4210854715202004e-17,-6.132837891888295,2.1803871485756883,0.9989663126531227,-0.0014191022628172697,-0.019850499375000018,0.0,7.484175193030393e-06,1800,-0.17644231,2.6733553,0.0033066568,3.375,1.0,4.644106661423469e-06,0.6332928
-2.4,1000,0.001089990283729078,-0.29141105408372164,0.3063217564635948,0.010892190567590868,0.027215020280331372,-3.1830809116363525,3.3181023597717285,0.45538328780319315,0.0,-8.743562442956218,1.5953617685448513,0.9990899337859865,-0.0008421655728760398,-0.019680675652328877,0.0,6.238584275766081e-06,1820,-0.18186864,2.6533256,0.004146901,3.375,1.0,5.205977476003439e-06,0.64519596
-2.85,1000,0.006737048969010341,-0.26439536414534526,0.31609800406142524,0.011373654954767028,0.030706418456335087,-2.9314165115356445,3.5622634887695312,0.4393882376093011,2.842170943040401e-17,-5.289239099109182,1.0395255973061575,0.9994492087755966,-0.002339500335094795,-0.03035761325913303,0.0,2.7260573650062917e-05,1840,-0.1830129,2.631321,0.0031472603,3.375,1.0,1.958789486217768e-05,0.64159256
-1.95,1000,0.007357714091621612,-0.2631521728233061,0.3216565194776951,0.009221270482545799,0.04438675263512414,-2.353240966796875,3.6620912551879883,0.4082306199438177,-4.9737991503207014e-17,-7.9667895885730875,1.7762102811449978,0.9989083135609071,-0.0005229945334486047,-0.019850499375000018,0.0,4.070007665292854e-06,1860,-0.166629,2.6146646,0.004829746,3.375,1.0,7.1943077266667345e-06,0.5935725
-1.85,1000,0.005361482173353433,-0.28466556256130415,0.27460259548065485,0.008214334503061527,0.04004506181669421,-2.7995493412017822,2.789271831512451,0.419588735196478,1.4210854715202004e-17,-6.5252760267909435,2.2319495724247918,0.9990044267487745,-0.001122824465956473,-0.014925125000000013,0.0,5.334017800552502e-06,1880,-0.1684595,2.610858,0.0024634344,3.375,1.0,4.119069307844617e-06,0.6073321
-2.0,1000,0.0098640906076276,-0.2703910658997999,0.27344309237249254,0.009563358576714868,0.030849398479331283,-2.8553099632263184,2.8511900901794434,0.4249584923811829,-1.4210854715202004e-17,-10.087072601958077,1.4218455826374363,0.9990625027188417,-0.0008192587062500552,-0.029229181831794418,0.0,6.779241420413296e-06,1900,-0.1734721,2.6068788,0.007197324,5.0625,1.0,5.554323014843371e-06,0.6183815
-2.0,1000,-0.0018347372478590706,-0.26771926869738644,0.30526743987335575,0.009134496518842546,0.003452587756095454,-3.051586151123047,3.053169012069702,0.4446377748303493,0.0,-7.394530304674978,1.5502367781189101,0.9988398991290094,-0.000578910756012685,-0.014925125000000013,0.0,4.189937639963361e-06,1920,-0.18071932,2.5989738,0.002433282,5.0625,1.0,3.0702705228873035e-06,0.64471984
-2.4,1000,0.006841133314667764,-0.2869495603234087,0.2910989362058587,0.011102025677749093,0.012926318412646652,-3.259892463684082,3.060988426208496,0.4472170774981571,0.0,-8.183368808671169,1.2954439254761543,0.9989731108199693,-0.0009506686982808031,-0.019850499375000018,0.0,6.356674654916874e-06,1940,-0.18462624,2.5846112,0.003782015,5.0625,1.0,4.0833189452037935e-06,0.6474849
-2.15,1000,0.020471570853603786,-0.2889625874078112,0.2849603378638272,0.009193878047933132,0.04476581203890964,-2.9097468852996826,3.9523510932922363,0.45623237454558957,5.684341886080802e-17,-9.566158108340618,2.0690932530684756,0.9988349846520914,-0.0005234176818353045,-0.019850499375000018,0.0,4.796625739343319e-06,1960,-0.17779996,2.576749,0.0014608002,3.375,1.0,3.0033560938229507e-06,0.6253996
-1.65,1000,0.0038345075107226933,-0.23901938246233415,0.2755364183892423,0.0075473118164030295,0.030264709510607644,-3.0338969230651855,3.6769204139709473,0.41811735322637567,-2.3092638912203255e-17,-6.46423222500372,2.0432307092632884,0.9989497503244373,-0.0008342384607854322,-0.01840815730336464,0.0,5.9654360316627775e-06,1980,-0.17140606,2.5554895,0.0026868558,3.375,1.0,4.766378904897175e-06,0.6088514
-2.25,1000,0.0007266812869892836,-0.2907982575683313,0.3122209756912828,0.01191829715717336,0.0068413022286258635,-3.832707166671753,4.090646266937256,0.4708718458766445,1.4210854715202004e-17,-8.893196514205263,2.019700011549849,0.9988789783413529,-0.00044679575558459543,-0.019609698464399035,0.0,4.234968570776605e-06,2000,-0.17777137,2.53673,0.0065007666,5.0625,1.0,3.228180668226151e-06,0.6286789
-1.95,1000,-0.002240722773336815,-0.2836669835950355,0.29399643669066167,0.010294816543565555,-0.002727435058448464,-3.4109246730804443,4.221005439758301,0.44239894144707687,-7.105427357601002e-18,-7.707602236775958,1.8673360811256614,0.9987583575940723,-0.0007079637995002346,-0.014925125000000013,0.0,4.392671452104226e-06,2020,-0.18335745,2.5344334,0.0036434259,5.0625,1.0,3.2342530687828877e-06,0.646307
-1.65,1000,-0.00278357290372358,-0.28977254345023784,0.3068027031611361,0.009667646748708686,0.022218837641878052,-3.55495285987854,3.9716806411743164,0.43952656959139097,1.9539925233402754e-17,-9.123901745462797,2.6496617137938374,0.9986393802380071,-0.0004442681221845272,-0.014925125000000013,0.0,3.074435857906615e-06,2040,-0.16742052,2.526176,0.002532081,5.0625,1.0,2.3102375111390364e-06,0.5968468
-1.8,1000,-0.0034254341704590854,-0.2876326314951993,0.3010906197775662,0.00879610502862848,0.03760083504579961,-3.171678304672241,4.586049556732178,0.43489391922091725,-7.105427357601002e-18,-11.035647283945199,1.883497856876897,0.9986464364115105,-0.0002992011243750003,-0.019850499375000018,0.0,2.987824668937741e-06,2060,-0.14602092,2.5205865,0.004492772,5.0625,1.0,2.259645354873036e-06,0.53629637
-2.1,1000,0.008768473602891009,-0.2794160114026123,0.3083910644545812,0.010994935057611949,0.018983579273568467,-3.3737564086914062,3.9695277214050293,0.4644886226270082,0.0,-9.784432147091584,1.8935643213439892,0.9987292012375222,-0.0004121861821201964,-0.019633239034571898,0.0,3.945662929494939e-06,2080,-0.18263271,2.5204625,0.0027746959,5.0625,1.0,2.1576461122213368e-06,0.6596105
-1.65,1000,-0.015828527109226727,-0.3015596519876073,0.289154562629194,0.007193235019340006,-0.0009591128423344344,-3.522986650466919,2.8404898643493652,0.4130707450633808,2.842170943040401e-17,-8.928855951528574,1.8335902759506901,0.9987311167599334,-0.00042085067723775607,-0.014925125000000013,0.0,3.2040847223108173e-06,2100,-0.1801252,2.5068057,0.0034029759,5.0625,1.0,2.2756989474535825e-06,0.63731086
-1.65,1000,0.0018260845871710834,-0.31672504531750667,0.27276942263219234,0.008270906962282209,0.01544232035195455,-3.787412166595459,3.683743476867676,0.39386731068149816,7.105427357601002e-18,-10.543066977941153,2.2113357979562327,0.9985732425537027,-0.00047215219892912896,-0.019850499375000018,0.0,3.2964538395238874e-06,2120,-0.18415853,2.4883177,0.0030462898,5.0625,1.0,2.2120617473605046e-06,0.63794094
-1.85,1000,-0.005434854218188344,-0.28844869458304967,0.29604610254208363,0.009241742252619535,0.019653570072317963,-3.5535635948181152,2.9206011295318604,0.408823873030975,7.105427357601002e-18,-11.701038705740723,2.5781691272541916,0.9986540045275609,-0.0004409071716188886,-0.019633239034571898,0.0,3.337131162169578e-06,2140,-0.1478394,2.4829714,0.0011306735,3.375,1.0,2.1964991694010853e-06,0.5360813
-2.1,1000,0.00865152357093132,-0.3083253897647757,0.322402332918192,0.009685835610516613,0.011455610126431566,-3.3258817195892334,3.253260850906372,0.43813559211174696,7.105427357601002e-18,-7.458409658920709,1.9725886698291188,0.9987439266907594,-0.0006445134099726267,-0.01891545338840954,0.0,4.685082581498274e-06,2160,-0.18014893,2.4825149,0.0053026895,3.375,1.0,2.8860527195476037e-06,0.63900566
-1.9,1000,0.002299212961452215,-0.2980348099765203,0.31279391085328423,0.00942617924783136,0.03505671239458025,-3.262737512588501,4.419312953948975,0.4449038986520557,7.105427357601002e-18,-9.408464632488219,2.0579888896404164,0.9987314888836347,-0.0004054012383624072,-0.019850499375000018,0.0,3.713047902283646e-06,2180,-0.18264693,2.462768,0.0034707745,3.375,1.0,2.712372780682439e-06,0.64245164
-2.0,1000,-0.0034554719447806143,-0.28089958913118274,0.3264589032226025,0.009804260038687082,-0.0021326486855978146,-4.004923343658447,3.425074577331543,0.42944674163280666,2.842170943040401e-17,-8.787567797833233,1.7387725079860459,0.9987242774389212,-0.0004573478638736925,-0.019850499375000018,0.0,4.290990955089585e-06,2200,-0.1717998,2.444271,0.007388054,5.0625,1.0,2.5420703929741327e-06,0.5991106
-2.05,1000,0.011209606087525088,-0.29186949499868264,0.3105978332251662,0.009710750901821935,0.031094618862029164,-4.056083679199219,3.6993215084075928,0.4354145079746844,1.4210854715202004e-17,-10.758187827222011,1.9963379985267131,0.9989330189197873,-0.0006027283217403405,-0.02475124687812502,0.0,5.762194137698651e-06,2220,-0.16745453,2.4315174,0.0036870595,5.0625,1.0,3.4966989951597815e-06,0.59333
-1.75,1000,0.0060375818736846595,-0.29016794767198834,0.28657758769849145,0.01010342252097236,0.034461605579010214,-3.2773633003234863,3.5010666847229004,0.42521327674866055,0.0,-9.4082100136398,3.165673356060849,0.9984786256445493,-0.00029422599937500024,-0.014925125000000013,0.0,2.7692527553850694e-06,2240,-0.16935761,2.4208033,0.0024975017,5.0625,1.0,1.6952050958924649e-06,0.6065049
-1.9,1000,0.02046719596704481,-0.2642178923560991,0.3054324996714164,0.010510824600750104,0.041940773165086286,-3.3399600982666016,3.2394065856933594,0.4316141408157304,-1.4210854715202004e-17,-8.662901525980969,3.0166406602489997,0.9984834669529062,-0.0004296178944324666,-0.014925125000000013,0.0,3.298967452772882e-06,2260,-0.16958115,2.4162285,0.003192402,5.0625,1.0,1.826355260653805e-06,0.6055486
-1.5,1000,0.0069033731093113195,-0.2876384902730143,0.30101517091798,0.008664723364880512,0.051533008557278666,-3.5555579662323,3.6245555877685547,0.40593155100789513,0.0,-9.082094195514067,2.803755170870132,0.9980362976055536,-0.0002245752500000002,-0.014925125000000013,0.0,1.9145915446186903e-06,2280,-0.17573525,2.4198544,0.0036951199,5.0625,1.0,1.0863453086771358e-06,0.6216117
-2.05,1000,0.0010416586633634488,-0.27837533207043486,0.3076052538726828,0.011562520027601095,0.010496774249710142,-3.66243052482605,3.578040838241577,0.4481842711037528,-1.7763568394002505e-17,-7.508237078461988,2.220198039275652,0.9987526078300281,-0.0005278741204686689,-0.014925125000000013,0.0,4.062995631771253e-06,2300,-0.1855245,2.4154243,0.004230413,5.0625,1.0,2.7000605649522123e-06,0.6441694
-2.0,1000,-0.012004830317670861,-0.27733703119628855,0.3022770643329249,0.009927439936892931,0.0018317919473629445,-3.044102430343628,3.1777453422546387,0.4150365000194421,0.0,-11.349645252203313,2.4358297374904945,0.9987219454065261,-0.0004518808814261991,-0.019850499375000018,0.0,3.934758917622386e-06,2320,-0.1856555,2.4005184,0.0037168888,5.0625,1.0,2.243942439324376e-06,0.6370462
-2.0,1000,-0.011494541573411295,-0.2780773728668616,0.29508367678432723,0.010697701553664327,-0.014631360017927364,-3.68481183052063,3.2340095043182373,0.43948258795081285,0.0,-9.410846021651603,3.3129673126008665,0.9986170066429527,-0.0005300103421582794,-0.019850499375000018,0.0,4.206422951266536e-06,2340,-0.17858312,2.403579,0.0014532991,3.375,1.0,2.1188979282257896e-06,0.61635244
-1.9,1000,0.004463979895348995,-0.290812491870412,0.30270276723576617,0.008758958360828288,0.022403355808928608,-3.399855375289917,3.6250550746917725,0.4409890691960605,-2.842170943040401e-17,-7.078906126769788,2.1894871109644343,0.9985452342389418,-0.00037070048898740706,-0.014925125000000013,0.0,2.9754181758457902e-06,2360,-0.17813994,2.3978186,0.0030541043,3.375,1.0,1.7292738628376169e-06,0.6171986
-2.0,1000,-0.008216810609097486,-0.28093160474257184,0.3014841650289479,0.010511291689584906,0.030195844111964108,-3.779313087463379,3.992288827896118,0.4365566233134083,2.1316282072803006e-17,-9.036981670763433,2.8386818674695906,0.9986655379104846,-0.0005507796175320649,-0.01942556213936624,0.0,4.2918546280526165e-06,2380,-0.1821227,2.3772535,0.003650661,3.375,1.0,2.449455133124376e-06,0.62588066
-1.5,1000,0.005987143920598143,-0.28412973176067124,0.296152039453094,0.007775100367696617,0.06125829211121891,-3.120558500289917,4.307530879974365,0.3979302242813233,-7.105427357601002e-18,-9.595026934777644,3.554322742632863,0.9982872624064888,-0.00024440062500000024,-0.014925125000000013,0.0,2.349570740827738e-06,2400,-0.1746138,2.3867135,0.003849459,3.375,1.0,1.2774015079103558e-06,0.6074789
-1.85,1000,-0.008319522420381703,-0.28452661851684014,0.3009538913244253,0.008884963310010267,0.034722104442073035,-3.1985583305358887,4.132730960845947,0.420198976202098,-3.1974423109204506e-17,-10.449304660091297,3.2154142573975606,0.9986416249657856,-0.0005590297029026905,-0.019609698464399035,0.0,3.990303808082527e-06,2420,-0.17609513,2.3959801,0.0059897276,3.375,1.0,2.411485210894432e-06,0.60805523
-1.95,1000,0.00135503500507523,-0.28161591843529893,0.30471609122574517,0.010797214379508032,0.040391609323909505,-3.193692445755005,3.739025592803955,0.4464478434790548,1.4210854715202004e-17,-8.421393113327976,4.426875523124759,0.9984267193321061,-0.0004445430194324666,-0.014925125000000013,0.0,3.5086798481289588e-06,2440,-0.1749126,2.3796258,0.0044820616,3.375,1.0,1.7103327995174e-06,0.6089721
-2.1,1000,0.0098629956920822,-0.26899715412762476,0.30204140378824396,0.009460831589234353,0.04532370860897936,-3.15299916267395,3.5619864463806152,0.45718693623792606,7.105427357601002e-18,-7.812070485933645,2.690723458475191,0.9987009008692498,-0.0008604351291079062,-0.019801368765609395,0.0,5.482245929376443e-06,2460,-0.1808742,2.3525183,0.0037488274,3.375,1.0,2.5332046259210034e-06,0.62477607
-2.3,1000,0.020341998635050387,-0.2978525435554053,0.3134606227440342,0.011667329824889452,0.012158837558003142,-3.610365629196167,3.9762606620788574,0.46306191516305745,-4.263256414560601e-17,-8.970404297032537,2.784174224303522,0.9986521842838599,-0.0004897199884174702,-0.014925125000000013,0.0,4.460637429751601e-06,2480,-0.14653672,2.3437452,0.0052559543,3.375,1.0,2.307574017867277e-06,0.5269332
-1.8,1000,-0.009388601013707035,-0.2839630229904924,0.28203859164068196,0.009063843706304612,0.005763431380037218,-3.658876419067383,3.5065231323242188,0.433924428263449,-7.105427357601002e-18,-11.775659157803936,3.3337193356099606,0.9986581711302754,-0.00030407712125312525,-0.019850499375000018,0.0,2.7613959999030857e-06,2500,-0.1775542,2.3448277,0.0033654184,3.375,1.0,1.6095982695626941e-06,0.6269166
