_max_obs,_max_act,TotalPolicyLoss,_Episode,CriticLoss,BaselineLoss,_mean_act,_std_adv,_mean_adv,_std_obs,_min_act,PolicyEntropy,_std_act,_mean_discrew,KL,_std_discrew,_max_discrew,Beta,Steps,_lr_multiplier,_max_adv,_min_adv,_MeanReward,_mean_obs,_min_obs,_min_discrew
0.5058561540311588,2.256147861480713,-0.27305567,20,0.07779015,0.002281014618275287,0.021920803699467795,0.9999684371261364,-1.4210854715202004e-16,0.009693228240739255,-2.007805824279785,3.6846623,0.369519454198117,-0.11518663129039786,0.008935304,0.003862337883572021,-0.0050000000000000044,1.5,1000,1.0,3.7192743424244568,-2.7493959562436054,-48.65,-0.010613484191671395,-0.6380927994130166,-0.2216874429313581
0.8517482645777429,2.1041433811187744,-0.12944548,40,0.10143927,0.0018588122008964785,0.01354772717517335,0.9999557870257784,7.105427357601002e-17,0.010074996904992249,-1.9725401401519775,3.668826,0.3770918369259059,-0.11768397713319553,0.006245254,0.004069059578502995,-0.0050000000000000044,2.25,1000,1.0,3.7737346041017843,-2.04050228218635,-50.0,-0.00489071813664881,-0.5571518893791219,-0.2216874429313581
0.7791825194439951,2.2713828086853027,0.17778319,60,0.79257333,0.0007973730283046181,0.037983056043973194,0.9999508150686616,0.0,0.011052895767355717,-2.054058313369751,3.674417,0.3763283195202869,-0.11707380753501567,0.0034846088,0.00398724234809504,-0.0050000000000000044,2.25,1000,1.0,3.8110906536059486,-1.7433843537185905,-49.25,-0.002429723657251195,-0.5365461575241864,-0.2216874429313581
0.81130715262144,2.272529125213623,0.14446296,80,0.21280321,0.0001416537524761022,0.015202339105308056,0.9999302021908985,-3.1974423109204506e-17,0.012018162123300933,-2.3585588932037354,3.6818132,0.3856447419537361,-0.11738222983478845,0.0028169742,0.00403880372372478,-0.0050000000000000044,2.25,1000,1.0,3.0160376208228423,-1.7229790919124532,-49.7,-0.008118946530850085,-0.49864242923302227,-0.2216874429313581
0.7483401888085016,2.398576259613037,0.12929146,100,0.064819254,1.9108096433607967e-05,0.04172454005514737,0.9998116308480128,-3.552713678800501e-18,0.012014980989431724,-2.027064323425293,3.6845832,0.38311029235327326,-0.11752558369521948,0.004238107,0.004047536550008691,-0.0050000000000000044,2.25,1000,1.0,3.203715565817274,-3.413443392853901,-49.85,0.006952824888572958,-0.7957617251788015,-0.2216874429313581
0.4693120228096631,2.0691335201263428,-0.049616657,120,0.1453411,1.384872115289694e-05,0.022953612223325762,0.9996240120844724,4.9737991503207014e-17,0.01241189747571741,-2.218407154083252,3.7036815,0.37841283736843623,-0.11754436132511023,0.004406565,0.0040576943128916,-0.0050000000000000044,2.25,1000,1.0,3.811990786476986,-5.589547173601049,-49.95,-0.0015190116310968612,-0.7578962528696325,-0.2216874429313581
0.734625138856015,2.1002228260040283,-0.1457288,140,0.28187037,2.332258590937353e-05,0.05110039749718271,0.999587942958207,3.552713678800501e-18,0.012504174620513255,-1.9460058212280273,3.6892672,0.37377044957658145,-0.11671597529996396,0.0031853127,0.003966106772679245,-0.0050000000000000044,2.25,1000,1.0,5.712332679593714,-2.914884089687467,-49.35,0.013521589096514585,-0.45206354532908144,-0.2216874429313581
0.5530655094900564,2.1963307857513428,-0.15404852,160,0.17092451,0.00017941226856496738,0.05029691763839219,0.9998064640650953,0.0,0.010799321871958794,-2.195556879043579,3.672751,0.3780120225406161,-0.11471554741097711,0.0022594368,0.004012465928800606,-0.0050000000000000044,2.25,1000,1.0,5.751498067215276,-1.6142121171372743,-48.65,0.0010387654796383628,-0.8162150099807051,-0.2216874429313581
0.6319720641361265,2.198347330093384,-0.10491457,180,0.03201909,3.8601173888824135e-05,0.03637903882627143,0.9996160415935365,3.552713678800501e-18,0.010977345639353712,-2.1025454998016357,3.6625211,0.36729834490844304,-0.11691855635477642,0.0028318134,0.0039661261080912525,-0.0050000000000000044,2.25,1000,1.0,5.437620524979279,-1.7783011787359528,-49.35,0.00434220300207146,-0.45591657835308613,-0.2216874429313581
0.4751707265651557,1.9210476875305176,-0.10262634,200,0.047648728,2.9212909056914553e-05,0.01781931403593626,0.9995735002256476,-7.105427357601002e-18,0.010020381374895896,-2.257887125015259,3.6623998,0.370932595900649,-0.11700543523801685,0.0028156394,0.004013523934444317,-0.0050000000000000044,2.25,1000,1.0,6.0271334830403,-2.1563644011619867,-49.65,-0.007293485482889195,-0.4988805683662754,-0.2216874429313581
0.6292155452244507,2.232414960861206,-0.06776776,220,0.012654629,3.36155616451908e-05,0.03994876018189825,0.999621297779275,0.0,0.009809285210634764,-2.0331029891967773,3.6493986,0.38672568234999166,-0.11639950976589904,0.0025739756,0.003931557379452733,-0.0050000000000000044,2.25,1000,1.0,5.31283700144251,-1.4193493223977212,-49.2,0.0024261160257102827,-0.4939948897749485,-0.2216874429313581
0.53796559699974,2.1473820209503174,-0.07687842,240,0.036307387,1.7868970981928988e-05,0.03177776784455637,0.9994638259276505,1.4210854715202004e-17,0.009161691463688351,-2.3276214599609375,3.6485863,0.37359285508636575,-0.11667767004112489,0.0032290067,0.0039841136620681165,-0.0050000000000000044,2.25,1000,1.0,5.3160538152108465,-1.803982278599173,-49.4,-0.0034727117669608094,-0.47242238469130826,-0.2216874429313581
0.5184277842515758,2.475858449935913,-0.09534399,260,0.10852468,7.170388834568179e-05,0.030022548400011145,0.9997199374270284,-1.4210854715202004e-17,0.009230558648412544,-2.4545435905456543,3.6460211,0.3537255310623182,-0.11550644199234923,0.0032842213,0.00390809382799776,0.0,2.25,1000,1.0,6.800997022493185,-1.3305835045565155,-48.8,0.002227764468111466,-0.3909029860508303,-0.2216874429313581
0.4472772361651622,2.1176910400390625,-0.13423827,280,0.22671282,0.00019285207368439894,0.0007221311891917139,0.9997999365591477,1.4210854715202004e-17,0.009456630244658338,-2.0593926906585693,3.6458654,0.35872930748775544,-0.1118523603680274,0.0026023653,0.003964596318601546,0.0,2.25,1000,1.0,4.9681354776090805,-1.0283331145160328,-48.05,-0.012203056497455574,-0.5711157363809821,-0.2216874429313581
0.44527408279571706,2.006650447845459,-0.15386772,300,0.2897788,0.00011102874324280908,0.030136984988028418,0.9997626765457668,7.105427357601002e-18,0.009828987897563535,-1.9162895679473877,3.660412,0.372311730836598,-0.11388932530019312,0.0023619,0.0038621183922849618,-0.004975000000000005,2.25,1000,1.0,5.539437950335859,-1.651663571696707,-48.35,0.006326332621158068,-0.5786640702998704,-0.2216874429313581
0.46921650068357246,2.075995922088623,-0.16349363,320,0.34585816,0.0001324569734963661,0.00952058746844341,0.9997996175958901,-2.842170943040401e-17,0.011527583801785448,-2.1296489238739014,3.680212,0.3813261448736337,-0.11480096076321274,0.0053926194,0.003910240521215685,-0.0050000000000000044,2.25,1000,1.0,6.541543050069606,-1.2692606064261673,-48.6,-0.006642485888478187,-0.5767776447098072,-0.2216874429313581
0.49252024193798455,2.317385673522949,-0.17349073,340,0.4139892,5.210197542077267e-05,0.02322142148320563,0.9997239941585258,0.0,0.01166459404407809,-2.120781421661377,3.6665974,0.3888888544926523,-0.11592541164016264,0.0030667647,0.0038895039136976196,-0.0050000000000000044,2.25,1000,1.0,5.190482257074897,-1.8340388168603672,-48.95,-0.003690656339368248,-0.6498056957503167,-0.2216874429313581
0.37691619765183704,2.268721580505371,-0.18005283,360,0.4642914,0.0001276573892599893,0.005260904486582149,0.9997860748525264,3.552713678800501e-17,0.010129349536727375,-2.287592887878418,3.6489096,0.3843222410259203,-0.11324355517780342,0.002869393,0.0037788624662378027,0.0,2.25,1000,1.0,4.14872800343959,-1.4200220594382382,-47.85,-0.013920461525977122,-0.6064957032670887,-0.2216874429313581
0.4119206996457509,2.116175413131714,-0.15536042,380,0.44542235,0.00017016650020222702,0.0194319118373096,0.9998249217693819,0.0,0.009685316559323268,-1.9407435655593872,3.627267,0.37973486556887476,-0.10988348753095215,0.00565107,0.0035969460987468295,0.0,2.25,1000,1.0,3.7603307969298156,-1.312194173290275,-46.25,-0.0070574824169466355,-0.5302271534517893,-0.2216874429313581
0.39652081479931517,2.2693796157836914,-0.18570742,400,0.53493834,0.00016310458881166334,0.028787078668829055,0.9998079516342188,-1.4210854715202004e-17,0.009415970430194117,-2.054872989654541,3.6222205,0.3567211697526851,-0.10774774399018602,0.002186011,0.003614147973020933,0.0,2.25,1000,1.0,3.183561869796707,-1.6836683566278694,-45.75,0.01053321196395517,-0.49822037786672335,-0.2216874429313581
0.425981814667085,2.0567965507507324,-0.18292189,420,0.51539654,0.0001538422107267256,0.006034332387847826,0.9998022759315417,1.4210854715202004e-17,0.009088567218934317,-1.9924427270889282,3.6148503,0.37355684323574356,-0.10814202998328319,0.0056089144,0.0035954513732926255,-0.0050000000000000044,2.25,1000,1.0,3.574620474738647,-1.4764845582192532,-45.85,-0.008571442920254017,-0.5317786443215168,-0.2216874429313581
0.5011839391727029,2.1235432624816895,-0.18485841,440,0.53293055,0.00035516438500533245,0.032789408243494106,0.9998667482956043,-2.842170943040401e-17,0.010496777007023709,-2.0150766372680664,3.6174793,0.36829872329097896,-0.10367449926752878,0.0021877936,0.0034451534867982136,0.0,2.25,1000,1.0,3.2487415148450456,-1.5706547354942761,-44.0,0.007412181711264651,-0.517902675410716,-0.2216874429313581
0.35911943815553443,2.1330277919769287,-0.18324472,460,0.5297466,0.0003922751380496308,0.009500616298173553,0.9998851524450721,0.0,0.010378837707180195,-1.9924538135528564,3.6089196,0.3779998590585535,-0.1014012688696136,0.0031399745,0.003409734610098152,0.0,2.25,1000,1.0,3.903837389628513,-1.4268638714643294,-43.6,-0.0040003821894146925,-0.4509687219476203,-0.2216874429313581
0.39037899287998645,2.0764334201812744,-0.18966742,480,0.58303714,0.0009004629900567325,0.014028373267967255,0.9999088340995527,-1.4210854715202004e-17,0.00895359794592325,-2.258071184158325,3.616897,0.3793283860257392,-0.09381318065962055,0.004134655,0.003568370385919908,0.0,2.25,1000,1.0,2.9894308247635895,-1.677899036910798,-40.85,-0.0033299656940812983,-0.4711995120476129,-0.2216874429313581
0.5707900338903724,2.1566154956817627,-0.1885376,500,0.5789981,0.0005764455626846763,0.021837763857329263,0.9998998536022371,-8.881784197001253e-18,0.00867775049661485,-2.4172866344451904,3.6156516,0.3712540307133397,-0.090603110053681,0.004270548,0.002959175124659877,0.0,2.25,1000,1.0,3.5176524129516222,-2.095034702892159,-39.9,-0.0002742675973968376,-0.469093907475206,-0.2216874429313581
0.31581699346353315,2.3115413188934326,-0.1890287,520,0.58863044,0.0005788619699788176,0.0025296775951283053,0.9998986713930906,-2.842170943040401e-17,0.009460297995255936,-2.0359086990356445,3.5967674,0.38405017181541123,-0.086623683059621,0.0062819067,0.002987753415809468,0.0,3.375,1000,1.0,2.558990746032726,-1.91041899305708,-38.3,-0.007887193922695549,-0.44970603226217815,-0.2216874429313581
0.3326122815228001,2.3030567169189453,-0.17351905,540,0.564862,0.0006854449081952178,-0.0025943034739029825,0.9998969922645983,0.0,0.007446465853192094,-2.2869815826416016,3.5932598,0.36894563861665514,-0.0788134728154978,0.0030740732,0.0026478019158648167,0.0,3.375,1000,1.0,2.9291113668794386,-1.964215432901077,-34.9,-0.00955028469350941,-0.3587773102547166,-0.2216874429313581
0.431201761379686,1.9917004108428955,-0.18367873,560,0.6076008,0.0006113406789937268,0.003862867687596008,0.999902343994072,9.947598300641403e-17,0.009389196337213112,-2.2126832008361816,3.608039,0.3800339577854934,-0.08314534735237664,0.0034043253,0.002780583395426904,0.0,3.375,1000,1.0,2.8852416139503365,-1.8843255089292332,-36.15,-0.011562826376404258,-0.4275207602202346,-0.2216874429313581
0.44180770492646443,2.1194701194763184,-0.19014882,580,0.61851656,0.000483617828490519,0.027162910613144048,0.999899335299695,1.4210854715202004e-17,0.010365620472772152,-1.9630744457244873,3.6019363,0.37305844459923854,-0.08761782655653011,0.0038786016,0.002977419084331722,0.0,3.375,1000,1.0,3.174084636924365,-2.5729245434891874,-38.3,-0.004149266862119664,-0.3913046046657412,-0.2216874429313581
0.4486125892537603,2.343701124191284,-0.19070995,600,0.6211629,0.0005753243091743827,0.04692817333107814,0.9999022796262429,8.526512829121202e-17,0.010683358572748202,-2.250120162963867,3.5856414,0.38073615699405206,-0.07293537455978197,0.002506808,0.0025201705515741457,0.0,3.375,1000,1.0,2.8582142763673026,-2.1822145739225998,-33.1,0.010401599177763673,-0.400948288888281,-0.19719534702627692
0.45727273503236754,1.9865437746047974,-0.17938486,620,0.5941118,0.0008304718343713156,0.008925667276605964,0.9999200113048046,4.263256414560601e-17,0.009812300225960852,-2.2826595306396484,3.5811493,0.3782296595963034,-0.06203492417923511,0.0023549576,0.002141707377652607,0.0,3.375,1000,1.0,2.3190669691645542,-2.5308397691241313,-29.2,-0.006563363344755002,-0.36483599787089543,-0.20533833760916448
0.48209396415369316,2.2511329650878906,-0.18790862,640,0.6215515,0.0006707577142106818,0.009542704479856183,0.9999028558979445,0.0,0.009079930557111548,-2.3657751083374023,3.5608726,0.38115469787058165,-0.0700209627094526,0.0025102403,0.0019671419953260433,0.0,3.375,1000,1.0,2.5444858262457206,-2.2113143724721582,-30.8,-0.00338680750129792,-0.35118171759410083,-0.21219773554048516
0.3537181074556779,2.822237014770508,-0.19168128,660,0.64075875,0.0004770488362927696,0.024357298874761908,0.9998832336726579,3.552713678800501e-17,0.01175933681751542,-2.045705556869507,3.550365,0.384899582562357,-0.06127282484578247,0.0039259424,0.0016071041311788558,0.0,3.375,1000,1.0,3.365967380791957,-3.4112494121221233,-28.25,0.0019888521531147003,-0.4100730559762794,-0.1848599532945366
0.36167602263398113,2.3420166969299316,-0.18488014,680,0.61818075,0.0005638661250179777,0.013265926434658468,0.9999030198301325,-1.4210854715202004e-17,0.009408961609280956,-2.181673526763916,3.5366898,0.3759202558178515,-0.05462050947851478,0.0022284798,0.0014524065238864636,0.0,3.375,1000,1.0,3.091922155208681,-2.456374357003311,-24.25,-0.004379037701426667,-0.35143653470376346,-0.17173363755596543
0.36552854543655294,2.183828830718994,-0.18730299,700,0.62673634,0.0005492112958815245,0.019820308890310116,0.9998939511777808,2.842170943040401e-17,0.010663765360653285,-2.16817569732666,3.5185058,0.3819245534927781,-0.05224861398518978,0.0024067948,0.0015818132688489158,0.0,3.375,1000,1.0,2.4603362059848166,-3.597021073850614,-25.35,0.004298587924303569,-0.3504418531651214,-0.2128606743030136
0.3111761839346475,2.2473654747009277,-0.18899807,720,0.6383533,0.0005361462885211581,-0.01102260330170975,0.9998906721767974,-2.1316282072803006e-17,0.009011753890605656,-2.861555576324463,3.4981682,0.3792281029494682,-0.046285170835921485,0.0029444569,0.0012530786841268879,0.0,3.375,1000,1.0,2.324407698154604,-3.2527636467828938,-21.75,-0.015591013794320185,-0.35610780042962914,-0.15243793863551122
0.3002841088299947,2.36712908744812,-0.18419738,740,0.6254506,0.0005905728183937106,0.010428630232927389,0.9998971381947515,1.1368683772161603e-16,0.010866970389144607,-2.2187724113464355,3.4582927,0.38112150504925535,-0.039052800215820256,0.00364717,0.0011336749462081336,0.0,3.375,1000,1.0,2.610165851842695,-3.1886177525287054,-19.85,-0.010411668292352747,-0.36417562301832485,-0.1777500982999232
0.3072922721413864,2.489708423614502,-0.18525234,760,0.63044935,0.0005072291630020637,0.014464906820328907,0.9998897613822798,3.552713678800501e-17,0.008318452113374357,-2.5353050231933594,3.4288666,0.36964306837841543,-0.04242579980555702,0.0049589067,0.0011289414892685366,0.0,3.375,1000,1.0,2.671829292365962,-3.2531566712548834,-20.8,-0.009688285367886676,-0.370276016085172,-0.15766617493888618
0.30226906091210926,2.1617908477783203,-0.1906969,780,0.64784,0.000335013949153343,0.04629867128128535,0.999873393769601,1.4210854715202004e-17,0.0094917069491938,-2.1115097999572754,3.408149,0.3586012550911143,-0.03671009971895812,0.002575509,0.0008430282448458841,0.0,3.375,1000,1.0,3.0327314344986482,-2.6989149424480154,-17.9,0.01236944955123113,-0.3631086710084886,-0.12056843097208735
0.31909245885940674,2.285586357116699,-0.18565424,800,0.6305038,0.00027426054794187934,0.02363111465095426,0.9998600818383322,2.842170943040401e-17,0.009094459498577966,-2.2099084854125977,3.3827477,0.37607439173183665,-0.03580173571125406,0.0034659065,0.0006225611049379125,0.0,3.375,1000,1.0,2.5149574536142816,-3.503234157334656,-17.35,-0.006765636892219647,-0.3031604453774834,-0.13783289289819195
0.31738554475607544,2.763702630996704,-0.18921928,820,0.64559674,0.0003433469150767848,0.006650695364223793,0.9998627219673905,-5.684341886080802e-17,0.007162551891255309,-2.3220393657684326,3.347597,0.3560108624235476,-0.032819745967816984,0.0029644384,0.0006871138835768616,0.0,3.375,1000,1.0,2.527673532908183,-3.446523444397885,-16.55,0.0018170115700093814,-0.29109822253913664,-0.13147646484185266
0.3109058749576153,2.1507303714752197,-0.1879972,840,0.6489105,0.00023798674645702516,0.011754455295042135,0.9998279828051126,7.815970093361102e-17,0.009465835220725248,-2.0704336166381836,3.3312163,0.3721729832467307,-0.01967092650331057,0.0046845027,0.00031967292152986117,0.0,3.375,1000,1.0,2.7208588029439564,-4.1812362573095925,-11.2,-0.0035551300104377666,-0.3456825854717675,-0.09711676292499177
0.3724353864982266,2.7207536697387695,-0.18825306,860,0.6480811,0.0002205108001605416,0.04056345924688503,0.99984089229615,0.0,0.008581357829489078,-2.5348076820373535,3.2884808,0.3743410134376326,-0.021901647185341207,0.0047996,0.0004027589598424066,0.0,3.375,1000,1.0,2.0199985750532123,-3.8899092035414475,-11.75,-0.00021628247315108088,-0.31721483269042594,-0.12460105673409438
0.2731601717064927,2.5997965335845947,-0.18975703,880,0.6496444,0.0001879041130120632,0.014847423026105389,0.9998231424381246,-2.842170943040401e-17,0.009493181387732027,-2.5685501098632812,3.2546196,0.366617112050165,-0.017254539813318096,0.004420266,0.0002772229904262881,0.0,3.375,1000,1.0,2.450709969357589,-4.245723927783283,-9.85,-0.01920517393945751,-0.33322347396539426,-0.08924316279202098
0.3124852744089215,2.0888309478759766,-0.18935521,900,0.6511803,0.00022804205745745578,0.029485406186431647,0.9998412641389425,-7.105427357601002e-18,0.010112672454499918,-2.3281781673431396,3.23281,0.3582201601703577,-0.019707679120754152,0.003567099,0.00035098234764608066,0.0,3.375,1000,1.0,2.123850832123308,-4.5256804825188155,-10.65,0.00510376978521189,-0.3108441940072099,-0.10408758975640937
0.3102881314780361,2.185746431350708,-0.18655132,920,0.6419765,0.00015325620516145212,0.04153798561205622,0.9997933222396429,1.4210854715202004e-17,0.008505469091269315,-2.476170063018799,3.1958508,0.372170966633452,-0.01562676736377616,0.003243791,0.00019562036525192877,0.0,3.375,1000,1.0,3.065849158931079,-4.257316495242326,-8.35,0.005059655865532186,-0.34083009961871624,-0.08759332084968752
0.30581875472091763,2.126434803009033,-0.18487522,940,0.63920486,0.00011237860442030118,0.0058939628857187926,0.9997881742127686,-1.4210854715202004e-17,0.010512322625069096,-2.4897308349609375,3.1772895,0.36712520877772764,-0.013357033976576886,0.0038229916,0.00017600679580412893,0.0,3.375,1000,1.0,2.768414722996159,-3.848224223134941,-8.15,-0.0015891234973178124,-0.30561591795948817,-0.07318628606863342
0.3045686640610739,2.16744327545166,-0.17818774,960,0.6202952,0.00011169634625128968,0.039407476743683216,0.9997731606908048,-4.263256414560601e-17,0.009729432243741672,-1.9049561023712158,3.1560888,0.37359550676720554,-0.010825828091770087,0.0022320885,0.00016287083576859337,0.0,3.375,1000,1.0,2.572204387068485,-3.9867383670554863,-7.4,0.00964624748966597,-0.30125429878936144,-0.06386077914881882
0.32380692926443827,2.2406725883483887,-0.1901519,980,0.6610904,7.58248339080994e-05,0.032698863650643034,0.9997264483408169,5.684341886080802e-17,0.010061013901530306,-2.182448387145996,3.1408865,0.37112579034506277,-0.008313315120127247,0.0044239834,0.00011196312178986302,0.0,3.375,1000,1.0,2.23007301671458,-4.606300287465662,-5.95,-0.003850820222068786,-0.3155026883651295,-0.06159593742925225
0.31560851638905124,2.267653226852417,-0.18145892,1000,0.6360967,6.078537369063747e-05,0.023336192009504885,0.9996894432921749,-5.684341886080802e-17,0.01104219434338891,-2.3937935829162598,3.1190126,0.38174253307659906,-0.009581300328440946,0.0029686082,0.00010309056690963099,0.0,3.375,1000,1.0,2.0952240647982827,-4.6924700808091195,-6.45,0.00673652688758964,-0.3157864129417066,-0.06323639585743213
0.2923102325430798,2.4631311893463135,-0.18811178,1020,0.656356,6.670765230653065e-05,0.026435496027814226,0.999683814239872,-7.105427357601002e-18,0.009178244928083815,-2.5499515533447266,3.1016657,0.35897821966436244,-0.006149667150749806,0.0034224226,6.854650440683232e-05,0.0,3.375,1000,1.0,1.90410115743108,-4.03544135093791,-4.9,0.001531273848088354,-0.32982224861260656,-0.04129604185410122
0.3318367433918403,2.3988218307495117,-0.18571852,1040,0.64853853,5.397498054709856e-05,0.036575027412036436,0.9996703821607743,1.4210854715202004e-17,0.008884249292979167,-2.593996524810791,3.0826647,0.3861834321740975,-0.0072075281398663385,0.0032029233,7.594505708686808e-05,0.0,3.375,1000,1.0,1.9293004394354767,-3.9644021289601117,-5.05,-0.0055339800990177315,-0.36597459753970973,-0.05237997642771266
0.29174797695319643,2.2211427688598633,-0.18904093,1060,0.6555908,3.2172106053069e-05,0.016443940132390707,0.9995956863844783,0.0,0.008561955918416462,-2.7520437240600586,3.0577152,0.3718835221346976,-0.005314905105062836,0.0028921887,4.382580786887278e-05,0.0,3.375,1000,1.0,2.1185318869319465,-4.775885106366851,-4.15,-0.008170214670237326,-0.32891693694850793,-0.040661194279377366
0.30722347989873217,2.5001683235168457,-0.18246788,1080,0.6383755,6.763834622069276e-05,0.015912901049130596,0.9996759844419227,-2.842170943040401e-17,0.008339110993137293,-2.8457908630371094,3.0342405,0.39215285106381814,-0.00832386041758685,0.0038729033,8.317817093181838e-05,0.0,3.375,1000,1.0,1.7851562677428985,-3.251388910068495,-5.2,-0.0050010797962877235,-0.2996064883786004,-0.044568337646510144
0.2760179610908008,2.3219995498657227,-0.18532716,1100,0.648607,2.4594026402951428e-05,0.020528412965941243,0.9994315867218739,0.0,0.007325639166087116,-2.55277943611145,3.0095553,0.3679083501349398,-0.0031685815989225185,0.0034031598,2.273473555285769e-05,0.0,3.375,1000,1.0,2.0475110157430603,-5.696481486034547,-3.3,-0.011672849229573842,-0.33254446332581844,-0.03303149449646001
0.309083506212009,2.439246654510498,-0.18158017,1120,0.6357589,1.2972881145350673e-05,0.03289106396131683,0.9995080062336146,4.263256414560601e-17,0.01076948194650757,-2.543616771697998,2.979507,0.3850368023989106,-0.0033950830745223676,0.0040855925,2.171310688806704e-05,0.0,3.375,1000,1.0,1.8814533514288823,-5.716078569522061,-3.7,0.00503148080292387,-0.3045377928604514,-0.032056808827446145
0.29964229615253557,2.7671985626220703,-0.18115994,1140,0.63823426,1.6617161246091126e-05,0.0016341660716570913,0.9994353402825599,-1.4210854715202004e-17,0.010003717531703912,-3.308173179626465,2.9539275,0.3916856106474883,-0.002349887511999795,0.0028566592,1.873413276430138e-05,0.0,3.375,1000,1.0,1.4089259982453524,-6.9686440159008,-2.95,-0.009805898965557867,-0.3041974557474558,-0.03341458847915803
0.3006796446535131,3.1620819568634033,-0.18705553,1160,0.655127,1.4303978208466159e-05,0.0331193727144273,0.9994331378053867,-1.4210854715202004e-17,0.00901956382950213,-2.132195472717285,2.9345827,0.3881434915892968,-0.002902722731756907,0.0037520146,1.9611377683912877e-05,0.0,3.375,1000,1.0,1.5577252555408543,-6.806551907067467,-3.2,0.002174755144094516,-0.28893581548311176,-0.03335192386940873
0.30735462464047714,2.876603603363037,-0.18870121,1180,0.6580423,1.4555584703360978e-05,0.019416548311244695,0.9994517207979415,4.263256414560601e-17,0.008946022311648424,-2.8298938274383545,2.9121048,0.37738630116097943,-0.0031163160441358712,0.0037169214,2.3252451061115044e-05,0.0,3.375,1000,1.0,1.3759654765180187,-5.2504514810359515,-3.05,-0.004761937469724948,-0.31368744115341896,-0.031902885667178665
0.2967115923143711,3.058607339859009,-0.18487665,1200,0.6462269,2.4793886929624855e-05,0.03219316640170291,0.9995099005112509,2.842170943040401e-17,0.009855276107919548,-2.828272581100464,2.8902996,0.38274317755068193,-0.0025179141505850683,0.0023482386,2.6430867303120096e-05,0.0,3.375,1000,1.0,1.4350824419636599,-5.417483212993838,-3.0,0.008693344103378065,-0.30896822253985234,-0.036416134893427494
0.32327631202380164,2.649496078491211,-0.18933308,1220,0.6599907,9.456411801798525e-06,0.008474660736392253,0.9993068963532044,-1.0658141036401502e-16,0.010964099787935912,-2.7199127674102783,2.8780859,0.3742707934366215,-0.001602927992885171,0.0048531094,1.1838942882691907e-05,0.0,3.375,1000,1.0,1.7838547862223095,-5.622135146465861,-2.75,0.0031101902001214672,-0.33690580890399824,-0.023882007522656675
0.3158581059060894,2.8535525798797607,-0.18903586,1240,0.6568018,1.0774964474105319e-05,0.010663401718600652,0.9993540613314663,1.4210854715202004e-17,0.009161239978549469,-2.7731621265411377,2.853427,0.3796306378119375,-0.0021617075910517194,0.0062766885,1.591395883282154e-05,0.0,5.0625,1000,1.0,1.4008098351911635,-5.7204217817028375,-2.9,-0.005468342149117587,-0.34651562535671454,-0.028379860374785435
0.31297679469709433,2.8262813091278076,-0.17362358,1260,0.61318994,5.104506776352567e-06,-0.0035528299123980104,0.9990577542150745,-1.4210854715202004e-17,0.008347286792361321,-2.9997823238372803,2.84201,0.37386739630883015,-0.0009968081483209155,0.0011850923,6.032351441017975e-06,0.0,3.375,1000,1.0,2.469431340537807,-5.86020872997685,-2.3,-0.0006188105266302477,-0.26722700015138817,-0.019801368765609395
0.2605443440709553,2.6173830032348633,-0.1826849,1280,0.64490163,9.935071937816736e-06,-0.019932910107425414,0.9992708108909681,-2.1316282072803006e-17,0.009399640866446212,-3.013810157775879,2.8293405,0.3984573745860718,-0.0019837863009470507,0.0024021228,1.2616711371746532e-05,0.0,3.375,1000,1.0,1.6820917388022514,-6.289818223032433,-2.75,-0.016885760405565945,-0.3242119540089525,-0.02470236192178135
0.2728350868224039,2.4800708293914795,-0.18491368,1300,0.6513282,8.92876655622129e-06,0.015031599539797753,0.9992395319885216,4.263256414560601e-17,0.008792619769284495,-3.1275107860565186,2.80054,0.385598389601876,-0.0020387766302762044,0.00341018,1.280528648078986e-05,0.0,3.375,1000,1.0,1.899248657211309,-4.360531087164974,-2.55,-0.0033529615210512198,-0.32806061171243156,-0.023500326932526207
0.31612758676282404,3.5571117401123047,-0.1810457,1320,0.63824713,9.155462054332825e-06,-0.0037477338484022764,0.9992929771548549,-2.842170943040401e-17,0.010337000974044276,-3.0932981967926025,2.7948484,0.38292088798657337,-0.0012843180828925793,0.003361521,1.0277281661161866e-05,0.0,3.375,1000,1.0,2.4496383457751434,-7.556142629204125,-2.8,-0.004322377287523838,-0.30943856946565745,-0.028281708752787706
0.30345335798482626,3.6537859439849854,-0.18785433,1340,0.6578475,6.802443928335043e-06,0.03331964012922253,0.9992363557108406,3.552713678800501e-18,0.010570401036831153,-2.6990163326263428,2.779977,0.40256201251310353,-0.0009861855043590338,0.0053560403,8.265209808864545e-06,0.0,3.375,1000,1.0,1.6115752011151403,-5.864451761191641,-2.4,0.00922778062717652,-0.2920027864001917,-0.019850499375000018
0.2760553137685408,3.3255863189697266,-0.1876044,1360,0.6538968,5.252249950194674e-06,0.019769902228086722,0.9990580224207608,7.105427357601002e-18,0.00923243560190806,-3.0901575088500977,2.7620397,0.4061675409671506,-0.0008228121561658573,0.0051447884,6.175708856035082e-06,0.0,3.375,1000,1.0,2.395143562454438,-7.410622068819589,-2.15,-0.002769134636968907,-0.3055856604268313,-0.019801368765609395
0.3310037116807939,3.1484878063201904,-0.18611102,1380,0.6491164,7.923168554023508e-06,0.0021673950657132082,0.9992726726583296,1.4210854715202004e-17,0.0093968254988677,-3.0987305641174316,2.7475562,0.4003197341002185,-0.001164842764770582,0.004335512,1.0239010529895757e-05,0.0,3.375,1000,1.0,1.635809991226761,-6.3811960212935945,-2.45,-0.008092918768047963,-0.2998310181558634,-0.024388789686900763
0.27372439553128963,2.3718101978302,-0.1869884,1400,0.65294373,4.734504112318507e-06,0.0346219559959136,0.9989715687838613,7.105427357601002e-18,0.0076335914079766485,-3.211196184158325,2.739542,0.373375391287986,-0.000992766491485301,0.0042625437,5.725633554429679e-06,0.0,3.375,1000,1.0,2.1750078751883053,-6.954026045742587,-1.9,0.009140288569905421,-0.334073314510272,-0.019850499375000018
0.2997149464287333,3.002809524536133,-0.18732476,1420,0.6525444,6.090294436328428e-06,0.011764300723210908,0.9991165942224453,-1.0658141036401503e-17,0.01150284702680188,-3.0714964866638184,2.7357368,0.4103202555883836,-0.001212509328101213,0.0030059575,7.636598907598351e-06,0.0,3.375,1000,1.0,1.4605035259428993,-7.391661608598929,-2.6,-0.0003276232560458498,-0.33372200016324155,-0.019825872503125015
0.29996858665763854,2.759286642074585,-0.18692759,1440,0.65322906,3.817219667662583e-06,0.009859134495258331,0.9989377499816913,1.9539925233402754e-17,0.010012307423170538,-2.9470224380493164,2.7151117,0.39555522481475913,-0.0008399863679136686,0.0039335755,5.490631177829964e-06,0.0,3.375,1000,1.0,1.7487011509368384,-6.3306343684189486,-2.3,0.001848519647099885,-0.30409265148876524,-0.014925125000000013
0.28840641633702113,3.3549880981445312,-0.18649459,1460,0.65028703,4.223231158226756e-06,0.02876152707170695,0.9989507590661644,0.0,0.00828126305535234,-3.0886406898498535,2.6889544,0.3732817832462753,-0.0008782575505306278,0.0045054695,5.3054585928758134e-06,0.0,3.375,1000,1.0,2.1521136844076394,-8.09925083596058,-1.95,-0.00010846211884177543,-0.32867035197058914,-0.019850499375000018
0.31020421545820864,2.933619976043701,-0.18412215,1480,0.644099,4.458405695746107e-06,-0.00012627267756033688,0.9989906381145115,-2.1316282072803006e-17,0.010079459544189429,-3.3828907012939453,2.6784313,0.4110750094687724,-0.0008525365530673968,0.0028341427,5.772132929641027e-06,0.0,3.375,1000,1.0,1.542066604223183,-7.339044343322817,-2.3,-0.011590133493322953,-0.32739858579665426,-0.019248663652837686
0.2982902799668608,3.02766752243042,-0.1869508,1500,0.6521455,2.243154167904626e-06,0.013268852896086173,0.9986623271816347,2.842170943040401e-17,0.009513098990951539,-2.947988748550415,2.6755862,0.3861857068081338,-0.00032855721883425035,0.005079673,2.9118400607423035e-06,0.0,3.375,1000,1.0,1.9949973866410637,-8.50712780639065,-1.8,0.001159243559662187,-0.29942728150407516,-0.014925125000000013
0.3132132763874967,3.4067652225494385,-0.1873063,1520,0.6508514,3.7640832360678895e-06,-0.007369065216975287,0.9989843200345577,-7.105427357601002e-18,0.010717403160875022,-3.037198066711426,2.682112,0.40877508940236745,-0.000558783956431274,0.0048187096,5.284701653260836e-06,0.0,3.375,1000,1.0,2.251969393045548,-7.277045515158605,-2.1,-0.011324091403699893,-0.3216167718165647,-0.019850499375000018
0.28634744417282587,3.1484649181365967,-0.18529771,1540,0.64658993,3.220319199202819e-06,0.03562952492409386,0.9988839136634076,7.105427357601002e-18,0.007778524423956393,-2.8692262172698975,2.6841388,0.3667661680829503,-0.0007083019297805513,0.0037169561,4.470206584972108e-06,0.0,3.375,1000,1.0,2.6594442594988283,-8.401414922479187,-1.9,0.014720390131214822,-0.28268700023696447,-0.014925125000000013
0.3084902539378643,3.8193249702453613,-0.17745161,1560,0.6251488,3.4593151604343958e-06,0.017182127002917696,0.9989164214934864,1.4210854715202004e-17,0.010920990898593566,-3.600205421447754,2.6771765,0.4045987148760404,-0.0006725367707372007,0.0061559584,5.286506692013991e-06,0.0,5.0625,1000,1.0,1.4030315702329095,-7.849521192264011,-2.4,0.01616299317862327,-0.32828115590792784,-0.019850499375000018
0.31220313615633,3.124882221221924,-0.18632048,1580,0.65239745,3.6673456283808365e-06,0.013804631625069305,0.9989656192876176,7.105427357601002e-18,0.01005519613332029,-2.8729591369628906,2.6676257,0.40903786897726746,-0.0006913172395560525,0.0021780739,5.63302568935346e-06,0.0,5.0625,1000,1.0,2.6909373086871398,-9.771490763054397,-2.25,0.010216053752213565,-0.2910432405150518,-0.02448834421909166
0.3095385081117912,3.1082875728607178,-0.18645988,1600,0.65163934,5.436583773113344e-06,0.01429420122341253,0.9990969741858341,3.552713678800501e-17,0.011265318266041196,-3.3209075927734375,2.6564343,0.4010761145413949,-0.0007752018651683499,0.0020767148,7.08196787584391e-06,0.0,5.0625,1000,1.0,1.501940931483825,-6.984331481293093,-2.4,0.002076002208148509,-0.2891536165055732,-0.02390305605447084
0.30080239263792274,2.553884267807007,-0.18394415,1620,0.64182365,2.273293185040475e-06,0.00661780658934731,0.9986559036908317,2.4868995751603507e-17,0.009913038396357004,-3.186375141143799,2.6459167,0.3897327087123197,-0.0004276469894986925,0.0018906145,3.4447867204882545e-06,0.0,5.0625,1000,1.0,2.5335699565097642,-7.946460451514923,-2.0,0.003710247058544072,-0.32097248084962715,-0.014925125000000013
0.315330694650887,3.0345559120178223,-0.1862649,1640,0.6489496,6.471268401842405e-06,0.010825870251544984,0.9990886746469195,4.263256414560601e-17,0.009412103390889059,-3.678969383239746,2.6434417,0.40698373927019704,-0.001289998035580084,0.0017927266,7.941548476044425e-06,0.0,5.0625,1000,1.0,2.0480672157851396,-4.950228412724736,-2.05,0.0064036600382123285,-0.2983207112008393,-0.014925125000000013
0.3241990480980851,3.3100039958953857,-0.18452644,1660,0.64308244,2.5798703708897932e-06,0.04681544826854952,0.9989044769961078,-1.4210854715202004e-17,0.008818284817101797,-2.8222362995147705,2.6394358,0.3963271787815188,-0.0003041758750000003,0.0017433448,3.0608000309273646e-06,0.0,5.0625,1000,1.0,2.3317830813162277,-7.487841874824595,-1.75,0.009536456582740724,-0.353574428314409,-0.014925125000000013
0.29531423769200815,3.340208053588867,-0.18583182,1680,0.6461359,2.1738890379781032e-06,0.03337446547672152,0.9986539959327015,1.4210854715202004e-17,0.009549977171204108,-2.949205160140991,2.6205258,0.39488048044631047,-0.00044117405758431667,0.0028313843,3.2486916533461252e-06,0.0,5.0625,1000,1.0,2.36216975313498,-9.01039464541507,-1.85,0.004139996518170298,-0.2853185580085574,-0.014925125000000013
0.3119485591392042,3.0612070560455322,-0.181846,1700,0.6348416,2.9985456402360233e-06,0.022086320421658458,0.9986850493826388,-3.552713678800501e-18,0.009735680914973588,-3.3534445762634277,2.6139827,0.4093637970701436,-0.0005961176437739202,0.0012844339,3.6543660738286855e-06,0.0,3.375,1000,1.0,2.339868279508778,-9.872544416924013,-1.85,0.006090890050437757,-0.2998905541715444,-0.014925125000000013
0.274554673493583,2.913102388381958,-0.1788631,1720,0.6288266,3.355979259260301e-06,0.0021932485825382174,0.9989990694080746,-1.4210854715202004e-17,0.009837046577917818,-3.3652138710021973,2.6140563,0.38705576474105574,-0.0005838112553876851,0.003235691,4.653501625463229e-06,0.0,3.375,1000,1.0,1.6081060196827777,-8.756679459807886,-2.0,-0.017376170550925704,-0.3345789868562145,-0.019850499375000018
0.26750021440466193,2.667924642562866,-0.18559366,1740,0.64956427,1.657456994318845e-06,0.00539266758901067,0.998399818670101,-1.4210854715202004e-17,0.00886413375422622,-3.445683002471924,2.621199,0.38530042141257337,-0.0002643755000000002,0.0061420603,2.4896511450622537e-06,0.0,5.0625,1000,1.0,3.352588648052825,-8.743826918634786,-1.6,-0.008810828562188512,-0.33806845976879724,-0.014925125000000013
0.2976362792156187,3.2123563289642334,-0.18022841,1760,0.63299525,3.246776579482129e-06,0.005907530342810787,0.9989289727341776,-3.552713678800501e-18,0.010477517667238397,-3.619018793106079,2.615269,0.4073546942961212,-0.0005663074239066325,0.0038495956,4.337977767775808e-06,0.0,5.0625,1000,1.0,1.8742910945305051,-10.259098609402278,-1.95,0.004734739419898834,-0.3342183080018847,-0.019850499375000018
0.30511001124809956,3.45546293258667,-0.18446256,1780,0.6436201,2.1637368432781907e-06,-0.0048401904025813566,0.9986430872737774,-1.0658141036401503e-17,0.009115013584146629,-2.9848902225494385,2.6154892,0.41758440177396705,-0.0003141757500000003,0.003078445,3.1053591107056933e-06,0.0,5.0625,1000,1.0,2.963648815788533,-7.501020247648903,-1.8,0.004316855184860992,-0.33944494988385127,-0.014925125000000013
0.3221865975371568,3.0725138187408447,-0.18374577,1800,0.6413116,2.5040033654498176e-06,0.01572972037666477,0.9987518650602005,1.4210854715202004e-17,0.010436013231135534,-3.1238508224487305,2.6154737,0.40745716769162377,-0.0004441444979158985,0.003195061,3.7540345046206517e-06,0.0,5.0625,1000,1.0,1.1076613540703573,-9.158225969032092,-2.05,0.007492071372020764,-0.2930813146215594,-0.01947090630791267
0.31307290112842995,3.2412779331207275,-0.18202038,1820,0.6350838,3.7671337672689348e-06,0.0006904670028015971,0.9988494626853005,0.0,0.009617722917268545,-3.579939842224121,2.6235657,0.42596542149966465,-0.0007432466937586004,0.002870543,5.119024165253174e-06,0.0,5.0625,1000,1.0,2.604103760607595,-8.17285362638372,-2.0,0.0015281472085346642,-0.3069869027040614,-0.019704572891787814
0.3012515347783266,3.3433780670166016,-0.18108389,1840,0.6324454,2.3734610172004073e-06,0.012130902648670599,0.9985700628022831,3.552713678800501e-17,0.009265266164025164,-3.2352473735809326,2.6215606,0.426029625374288,-0.0004118826496976551,0.0028549517,3.0996109808590654e-06,0.0,5.0625,1000,1.0,3.365030488622617,-10.015006617568345,-1.7,-0.0017672144993084627,-0.32284374956001305,-0.014925125000000013
0.3150621496977527,3.255524158477783,-0.18490908,1860,0.64360154,2.1525460275222207e-06,0.0007803794667124749,0.9986535068381729,-6.394884621840901e-17,0.010257490069097161,-3.2692759037017822,2.6342897,0.41809330976914716,-0.00029420087500000024,0.0026593881,2.967268214008615e-06,0.0,5.0625,1000,1.0,3.18298382731535,-9.40068909903091,-1.7,-0.007172198131222318,-0.31622081323751106,-0.014925125000000013
0.3027727141319845,3.136209487915039,-0.1776775,1880,0.6208352,1.8266112082507705e-06,-0.0034576269848039373,0.9985460755417712,-7.105427357601002e-18,0.010267458912285482,-4.286049842834473,2.6307325,0.4224415882683033,-0.0002942507500000002,0.0043045175,2.868980133718192e-06,0.0,5.0625,1000,1.0,2.949486993432682,-8.283163901896325,-1.75,-0.010952675433450533,-0.3168686559768589,-0.014925125000000013
0.2903462704504118,3.5517401695251465,-0.18397963,1900,0.6421329,3.487048614092837e-06,0.006786444522673264,0.998645881586117,0.0,0.010145330376246783,-4.1041259765625,2.6221786,0.42389433312411395,-0.000651863245018124,0.0027437021,4.080947347361153e-06,0.0,5.0625,1000,1.0,3.891216892008253,-6.929237981152539,-1.75,-0.0037123987380697477,-0.3233829951290348,-0.014925125000000013
0.28148918381238686,3.344838857650757,-0.17997178,1920,0.629024,3.27775153203231e-06,-0.014496067061438226,0.9987592952603465,1.7763568394002505e-17,0.009379582295776933,-3.658057689666748,2.6041255,0.4237945301161197,-0.0005617784119053126,0.0020156836,4.301499793125543e-06,0.0,5.0625,1000,1.0,2.4515989607528783,-8.892618573787546,-1.85,-0.00845108026269588,-0.3322200539506058,-0.01899626760208782
0.304357956594492,3.931406259536743,-0.18133336,1940,0.6327759,2.237563618336572e-06,0.027938691748422572,0.998696918618339,0.0,0.009343508321245569,-3.5495946407318115,2.5992055,0.4092687345777946,-0.0003091262493750003,0.0037535795,3.179546299977976e-06,0.0,5.0625,1000,1.0,2.8362596441656143,-11.295286581167721,-1.8,0.0010082291261728814,-0.3448432842269975,-0.019850499375000018
0.30491204789651216,3.3186028003692627,-0.16789737,1960,0.59483063,4.5097744934304775e-06,0.011241447034641168,0.9989981016845388,-2.842170943040401e-17,0.010348907006922009,-3.99928617477417,2.5765338,0.454946583944442,-0.0011949660841307193,0.002223135,6.9160718977696935e-06,0.0,5.0625,1000,1.0,1.4004474006901695,-7.03625406630758,-2.35,-0.011446921610526666,-0.33640109318088113,-0.019493749430062983
0.3079299540666894,3.946866750717163,-0.1802497,1980,0.63453734,7.380392865869265e-06,0.015928368418419266,0.9991595260480577,-7.105427357601002e-18,0.011868251974483159,-3.6567018032073975,2.5646014,0.4411062097859376,-0.0011978117068129426,0.002803858,9.567071984332855e-06,0.0,5.0625,1000,1.0,1.1795062417188742,-8.324029728361806,-2.6,0.005901859604613765,-0.34009915541227714,-0.028519956438445924
0.30493927369880913,3.6391873359680176,-0.18257761,2000,0.6391256,3.5845863925563386e-06,0.0024264572847168893,0.9988848180884645,0.0,0.009897043141454504,-3.572408676147461,2.5577664,0.43527247939288344,-0.000658914149610368,0.0022295294,4.407586807936797e-06,0.0,5.0625,1000,1.0,3.3334901121975693,-6.657982233750215,-2.05,0.0015884156087282782,-0.31527813193077736,-0.014925125000000013
0.2968291963814147,3.351179361343384,-0.18397026,2020,0.63848,4.135752831551267e-06,-0.008176252327568363,0.9990416413261086,1.4210854715202004e-17,0.010943972262882726,-3.302394151687622,2.5590682,0.4368683622910158,-0.0007517696554499243,0.0034046057,6.0909590053721245e-06,0.0,5.0625,1000,1.0,1.6034448866452726,-8.606788518768415,-2.3,-0.01325249961913102,-0.3341464903460084,-0.023820876121467497
0.2984937233954466,3.4814000129699707,-0.18244074,2040,0.632741,2.4138352264629587e-06,0.016492968776612542,0.9986390024577688,7.105427357601002e-18,0.009187981901648237,-3.551405906677246,2.5538778,0.3994595796000767,-0.00042524762945474025,0.0040250933,3.4208842007939087e-06,0.0,5.0625,1000,1.0,3.467862869629068,-6.760254608313903,-1.85,0.0004720455565468516,-0.30842289066052675,-0.014925125000000013
0.2925396434079084,3.051942825317383,-0.17825158,2060,0.6196771,1.9900899313393957e-06,0.01582933978922665,0.9987136798112051,5.3290705182007515e-18,0.008051054648190139,-3.7938690185546875,2.55331,0.42268002604324156,-0.00028402749562812525,0.0036231005,3.01378793571677e-06,0.0,5.0625,1000,1.0,3.2064660031943593,-13.810626217784057,-1.6,-0.005142921036771225,-0.29299772339370783,-0.02475124687812502
0.2969571764286283,3.1823983192443848,-0.18364456,2080,0.6366701,1.6055288725290966e-06,0.0033756501626921818,0.998505505173295,1.7763568394002505e-17,0.008826135516243084,-3.6328001022338867,2.5545092,0.42799483606045197,-0.0003179712945615573,0.0017778382,2.8644643966072336e-06,0.0,5.0625,1000,1.0,4.111199084811823,-10.988738785255059,-1.65,0.0022837420644413408,-0.3032717272271611,-0.019850499375000018
0.2998312832216001,3.4662232398986816,-0.17185801,2100,0.6021083,3.026247561039787e-06,-0.022319952741614545,0.9987064915269305,-7.105427357601002e-18,0.009827663079418703,-3.8439483642578125,2.5496783,0.4576738014570511,-0.0005730934565525586,0.0016899491,4.1067889645233245e-06,0.0,5.0625,1000,1.0,3.8641211480420035,-6.811392417269765,-1.95,0.009656885878627576,-0.2913906729457421,-0.014925125000000013
0.2684516309410226,3.6609442234039307,-0.18264371,2120,0.63550425,4.053609599065467e-06,0.025293093585176393,0.9989307867071595,-7.105427357601002e-18,0.008351254344990516,-3.2318339347839355,2.5419192,0.4076760017030273,-0.0007623578559879756,0.0032568052,5.751988151122827e-06,0.0,5.0625,1000,1.0,1.8841055304342587,-7.437888608817981,-1.9,0.0023980418571496707,-0.3174130840137712,-0.018184534160736898
0.312861601166201,3.9508213996887207,-0.18099123,2140,0.6284072,5.10139120419625e-06,0.04206727223028429,0.9990040757631136,7.105427357601002e-18,0.009549477719481475,-3.1554508209228516,2.5271134,0.4392138643015009,-0.0007494805112264044,0.001718529,6.834846580604811e-06,0.0,5.0625,1000,1.0,2.560240027201908,-5.787823575676779,-1.95,0.01076366580999073,-0.2880230852884537,-0.019043833709285758
0.3025104642765248,3.3637313842773438,-0.17773546,2160,0.6182672,1.5717761373262672e-06,0.005114400650956668,0.998412045295129,-7.105427357601002e-18,0.009350120918288492,-3.486233949661255,2.5284333,0.43228239463737655,-0.0003041267468781253,0.0024934963,2.811607129672095e-06,0.0,5.0625,1000,1.0,3.893480822619427,-8.146730140244955,-1.8,0.007880925868093719,-0.30892816634006726,-0.014925125000000013
0.2807122068920531,3.395129442214966,-0.17606981,2180,0.6147202,2.061539072883447e-06,0.02721384254633449,0.9984606791690902,-7.105427357601002e-18,0.00733159951067368,-3.5167136192321777,2.514433,0.4105418110627101,-0.0004438638327150452,0.0034984245,3.1198444353025548e-06,0.0,5.0625,1000,1.0,3.5348638803320185,-9.591288251466862,-1.6,-0.0045998523025443,-0.3181322384087861,-0.01965689789906723
0.3096692671637423,3.3802924156188965,-0.18365489,2200,0.63640994,2.548412135856755e-06,0.003094624966732226,0.9988592591622562,1.7763568394002505e-17,0.01282960043903113,-4.181397914886475,2.510624,0.4703315527005464,-0.0003937522468781254,0.004433563,4.0856260264787605e-06,0.0,5.0625,1000,1.0,1.7657725148923973,-8.583641340091354,-2.15,-4.6219916233296894e-05,-0.289070565551039,-0.019825872503125015
0.29690689164638323,4.2414422035217285,-0.18204631,2220,0.6287488,2.652903204733297e-06,0.027664569084881806,0.9987866035664651,7.105427357601002e-18,0.008808489362343479,-4.033786296844482,2.4946601,0.44825434362730016,-0.0005015555856715152,0.0034621574,4.180336894851362e-06,0.0,5.0625,1000,1.0,3.452157042795647,-8.031857408198293,-1.95,0.016055886532591174,-0.3006750050927545,-0.01975272823404744
0.3241453279711011,3.489778995513916,-0.18277495,2240,0.62933195,1.8775866812928626e-06,0.019191182923561426,0.9985537998802843,1.4210854715202004e-17,0.010839112877117444,-3.939250946044922,2.500601,0.444854364997557,-0.0003142257500000003,0.0019222625,3.0063264406306915e-06,0.0,5.0625,1000,1.0,3.6088610627805395,-7.8209070332490445,-1.9,0.00018640864696130118,-0.30796991736737905,-0.014925125000000013
0.30987134685416123,3.7556371688842773,-0.17416029,2260,0.60548997,2.678774535969685e-06,-0.02627058584673796,0.9986291746641607,7.105427357601002e-18,0.009914094842498606,-3.9267067909240723,2.4858253,0.418362682123732,-0.00046514697958243946,0.005070245,3.385624403788535e-06,0.0,5.0625,1000,1.0,3.9283434805060473,-8.827181322640039,-1.8,-0.01572357523351786,-0.2953590955637096,-0.014925125000000013
0.2854470111067532,3.428271532058716,-0.18243702,2280,0.63034165,2.2417314691843645e-06,-0.019594286729348823,0.9987521554150501,0.0,0.011942215598026986,-3.4867939949035645,2.488697,0.44030852776714946,-0.0005341705274529724,0.0026721363,3.952127045164814e-06,0.0,5.0625,1000,1.0,3.8408691433470574,-8.746555780010244,-2.05,0.0028689312407590597,-0.2956460654382602,-0.018895501746467494
0.3064607345695313,3.536811590194702,-0.1792126,2300,0.61959714,2.7686463553677247e-06,-0.0018511023882310837,0.9987006178419201,-1.4210854715202004e-17,0.008766643338607695,-3.492478132247925,2.4808998,0.42189233799011383,-0.0004981461773157076,0.0029034808,3.753487948583045e-06,0.0,5.0625,1000,1.0,3.365605556859026,-6.849577217177498,-1.75,-0.007592141768134083,-0.30677389715890224,-0.018875649862735155
0.29980463176009264,3.5353431701660156,-0.17436087,2320,0.6047126,3.2891199573215297e-06,-0.051095435425057074,0.9988249468942918,1.4210854715202004e-17,0.012766854931104226,-3.6902260780334473,2.4784603,0.4644582905704132,-0.0005624108920252782,0.0025686587,4.700460498421868e-06,0.0,5.0625,1000,1.0,1.7516347392424756,-7.61246789865988,-2.3,-0.003174094549014767,-0.3159816430031176,-0.01907871850741068
0.2956975732459416,3.889712333679199,-0.17753927,2340,0.61642087,1.7349055656602123e-06,-0.009243438542587683,0.9985613071248264,-1.4210854715202004e-17,0.009911642343538005,-3.4388375282287598,2.4751673,0.42465196716094933,-0.0004154768263682294,0.0019450483,3.357270900028929e-06,0.0,5.0625,1000,1.0,3.429842129188705,-7.571676975160816,-1.95,-0.00400983307340596,-0.29282654913863365,-0.014925125000000013
0.30276253412948334,3.8539631366729736,-0.18288438,2360,0.6313263,3.3752504377378345e-06,0.011121922826336231,0.9988961662177778,1.4210854715202004e-17,0.009246445689895995,-4.1822829246521,2.4695437,0.444400659008277,-0.0006701799515176903,0.0019037805,4.688521613431637e-06,0.0,5.0625,1000,1.0,3.5842509422397533,-8.462057678018422,-1.85,-0.0029637379336398583,-0.32301652279804527,-0.01965689789906723
0.28301363600673957,3.7228965759277344,-0.18195134,2380,0.62504435,2.4896157338819346e-06,0.008217700108652935,0.9986411424282046,-1.4210854715202004e-17,0.008294720426562704,-3.8408713340759277,2.454887,0.4281225151345535,-0.00036700685480163607,0.0012943563,3.489924518060671e-06,0.0,3.375,1000,1.0,4.314027965338976,-8.20886497904219,-1.75,0.004725255551302577,-0.2859649584835091,-0.019776987546781345
0.3024176056391661,3.1080808639526367,-0.18194677,2400,0.6239099,2.2144289336545457e-06,-0.0194392698291922,0.998653659378951,3.552713678800501e-18,0.009594431398795174,-3.7427330017089844,2.4647202,0.42608175005630466,-0.00039272198949869247,0.0028724605,3.1499362320797374e-06,0.0,3.375,1000,1.0,4.264294302246634,-9.165669697161064,-1.8,-0.0013353267397737823,-0.32019086003486386,-0.014925125000000013
0.29737402966813775,3.590989112854004,-0.17774625,2420,0.6109402,1.5609353088507365e-06,0.011720422310114373,0.9984158544335208,2.842170943040401e-17,0.01065437745613054,-3.664344310760498,2.4672184,0.42391099490433565,-0.00026940050000000027,0.006123603,2.462468295662255e-06,0.0,5.0625,1000,1.0,3.944670662349223,-7.714228601650603,-1.7,0.008664261275410557,-0.3286479136736016,-0.014925125000000013
0.29317215916800765,3.9142098426818848,-0.17930281,2440,0.6167989,2.516585369851209e-06,-0.03733501344709657,0.9987646862115568,0.0,0.010619752408740937,-3.6717045307159424,2.4555373,0.4461871147638391,-0.0004598447384174701,0.002573266,4.321424786835643e-06,0.0,5.0625,1000,1.0,3.3389034061965717,-7.4466255419437815,-2.15,-0.0184158252882563,-0.33025003249550844,-0.019493749430062983
0.30125162935060795,3.422685146331787,-0.17748469,2460,0.61137563,1.893571921156073e-06,-0.009175250555505044,0.9984880205317764,-1.4210854715202004e-17,0.011028529553536755,-3.493149757385254,2.448008,0.41671356253590797,-0.000403788384266122,0.0036084158,3.2033072344933646e-06,0.0,5.0625,1000,1.0,3.9694770999250433,-7.549827800913933,-1.95,0.000425527183488586,-0.3061812272936092,-0.014925125000000013
0.307752691774534,3.931034564971924,-0.17973547,2480,0.6177839,3.098644257058744e-06,-0.005327106572221965,0.9987300211746423,-1.4210854715202004e-17,0.010653816067261465,-3.5947422981262207,2.4532278,0.42541226789137015,-0.0005539184971845273,0.0028232355,4.450039185221419e-06,0.0,5.0625,1000,1.0,1.7402516646816073,-7.105107493221356,-2.2,0.0024826162087073582,-0.29781073879969133,-0.01899626760208782
0.3117165477311806,3.5544533729553223,-0.1688387,2500,0.58858895,1.5539932296095897e-06,0.02797016757680103,0.998364629153433,3.552713678800501e-17,0.00823659067493361,-3.3787667751312256,2.4538054,0.4039791374494886,-0.00028834036953422835,0.001812361,2.585359621987785e-06,0.0,5.0625,1000,1.0,4.775093797093255,-7.787913803328939,-1.55,0.012925290376043981,-0.2846542981267444,-0.014925125000000013
