_std_discrew,_lr_multiplier,CriticLoss,_min_obs,_mean_obs,_min_discrew,_max_act,_mean_act,Beta,_MeanReward,PolicyEntropy,_std_obs,Steps,_mean_discrew,KL,_std_adv,_mean_adv,_min_adv,NewPolicyLoss,_max_discrew,BaselineLoss,_max_adv,_Episode,_std_act,_max_obs,_min_act
0.004014645924816712,1.0,0.16795404,-1.342999126387782,-0.00936092690731976,-0.2216874429313581,2.012636184692383,-0.06843456775322557,1.5,-49.55,3.6719346,0.01505065449792812,1000,-0.11718978911454937,0.008837666,0.9999806338891529,7.105427357601002e-17,-2.250957616660728,-0.20899093,-0.0050000000000000044,0.0024423087974011037,3.589200077375955,20,0.384129735524261,0.6709355513415547,-2.4577972888946533
0.003863768470365576,1.0,0.3165899,-0.7513888541359087,0.015081665983842689,-0.2216874429313581,2.1249146461486816,-0.04206945727556013,1.5,-48.65,3.6676164,0.012095193107509084,1000,-0.11475816831125002,0.0044706594,0.9999647651163676,-7.105427357601002e-18,-2.0352801780539194,0.18182532,-0.0050000000000000044,0.0018350975691547012,2.7477211127183825,40,0.40163360380317187,0.7311737929809674,-2.3023102283477783
0.004054647106061202,1.0,0.10693743,-0.6215104024655006,0.014531186954541088,-0.2216874429313581,2.360565423965454,-0.04196634965785779,1.5,-49.85,3.6791282,0.01137770054119236,1000,-0.11715265214196231,0.0058832224,0.9999527244747721,-2.1316282072803006e-17,-1.7609099912530943,0.0036227622,-0.0050000000000000044,0.0007197830546750767,2.6403490869859954,60,0.3845609745213912,0.9591790088729868,-2.3934950828552246
0.004089037455620321,1.0,0.36672333,-0.7087058122919334,0.014039644905015235,-0.2216874429313581,2.4828176498413086,-0.00030822823999915273,2.25,-49.4,3.6822004,0.012701215591725448,1000,-0.11584492475802219,0.006008225,0.9999252394361651,4.263256414560601e-17,-1.752438531343183,-0.15669939,0.0,0.0002638876759566669,3.0107779950285405,80,0.3792044964135985,0.7514924755794399,-2.128837823867798
0.004011092841305663,1.0,0.34820288,-0.6455498991941923,0.009184191201445943,-0.2216874429313581,2.10046648979187,-0.009624221512116492,2.25,-48.2,3.6834345,0.009448066706913824,1000,-0.11337740201963793,0.004034893,0.9998705238045315,-2.1316282072803006e-17,-2.408032663062809,-0.19661254,-0.0050000000000000044,0.0001622121921115936,3.324113034386308,100,0.37686670209547396,0.6993330259235293,-2.2084875106811523
0.003996409034412553,1.0,0.26696175,-0.7184090452236696,0.0004223642310062335,-0.2216874429313581,2.3197312355041504,-0.014645972371421522,2.25,-49.6,3.7011328,0.012895462099211314,1000,-0.11712170403234774,0.004584976,0.9997463768197101,1.0658141036401503e-17,-4.358490859095172,-0.22147815,-0.0050000000000000044,5.86632212527666e-05,3.5393354544227376,120,0.4122430829551656,0.9167819708890361,-2.2168664932250977
0.003948276534340528,1.0,0.49904302,-0.667410603891368,0.016358746564597446,-0.2216874429313581,2.3569304943084717,0.038063142628059723,2.25,-49.0,3.7096922,0.012426821342381525,1000,-0.11528404590429203,0.0030135345,0.999789711703764,0.0,-2.3327508381284208,-0.27604002,-0.0050000000000000044,0.0001061235182766092,4.546271332700416,140,0.4053864535180416,0.7116790254104199,-2.6372897624969482
0.003996810014648565,1.0,0.6124253,-0.6282465101098633,0.0102969462391523,-0.2216874429313581,2.4106502532958984,0.02449425560689997,2.25,-49.55,3.7144656,0.013176472566129794,1000,-0.11685414003061952,0.0049476335,0.9996715730223417,-2.1316282072803006e-17,-2.2717468869439537,-0.24151501,-0.0050000000000000044,4.710072557639003e-05,5.4030324900944535,160,0.4052811388109098,0.7377776671326042,-2.084775924682617
0.003981402127351441,1.0,0.635381,-0.7597620145052603,0.004340800043080415,-0.2216874429313581,2.4413886070251465,-0.0068384986548335296,2.25,-49.5,3.7100837,0.013167965281189672,1000,-0.11674108499794676,0.002167044,0.9997115851411201,-1.4210854715202004e-17,-3.179411302880663,-0.21528192,-0.0050000000000000044,6.0558405303213034e-05,5.614015049047073,180,0.4118320146106943,0.8120235002123055,-2.1360814571380615
0.003977151179646994,1.0,0.66391695,-0.6717863765441038,0.01211324937907272,-0.2216874429313581,2.1814169883728027,0.026528243136242965,2.25,-49.45,3.7053504,0.013356068553881325,1000,-0.11618360396811551,0.004209047,0.9996792670921941,2.842170943040401e-17,-2.7166832369428717,-0.20900306,-0.0050000000000000044,4.902462933818374e-05,3.3708082813599005,200,0.4125726431860338,0.7070541443099355,-2.176358938217163
0.0038497163155137536,1.0,0.64791894,-0.6081142167854557,0.0006618488009830852,-0.2216874429313581,2.272247076034546,-0.0079244522038789,2.25,-48.45,3.6909165,0.012839808308705803,1000,-0.11514710114101373,0.0016782568,0.9997716155235314,0.0,-2.8559313293014634,-0.20048304,-0.0050000000000000044,9.319904595443043e-05,7.786393390979689,220,0.4048039384799864,0.7919037259474424,-2.752084255218506
0.004058446553109297,1.0,0.66103274,-0.6152092284313743,0.0006499370652179698,-0.2216874429313581,2.22477126121521,-0.024383302052447108,3.375,-49.95,3.695482,0.011548824238274495,1000,-0.11761154610201385,0.0069762086,0.9996093006249123,1.4210854715202004e-17,-5.0282235283522105,-0.19921327,-0.0050000000000000044,2.476062498667315e-05,4.025357603278653,240,0.40530579865835453,0.7958735646167147,-2.4344465732574463
0.004069059578502995,1.0,0.67174053,-0.6014273903389696,0.013946021600903798,-0.2216874429313581,2.444779872894287,0.022023652894888075,3.375,-50.0,3.672887,0.018573161276574022,1000,-0.11768397713319553,0.0031635086,0.9995487449050784,-8.526512829121202e-17,-2.93220504822974,-0.1986589,-0.0050000000000000044,2.6059641952845186e-05,3.539000093537844,260,0.42721032327183917,0.7618751558866118,-2.186846971511841
0.0039028258743120264,1.0,0.6768006,-0.6092609854709595,0.01022218235634558,-0.2216874429313581,2.490945339202881,-0.0002781914909137413,2.25,-49.0,3.6635106,0.012339804015343233,1000,-0.1160312262197173,0.0011234247,0.9996884108216895,-1.4210854715202004e-17,-3.420204016977376,-0.197871,-0.0050000000000000044,5.097885856389145e-05,7.841904150667275,280,0.3936635780161294,0.638550197524956,-2.7517902851104736
0.003861957028794971,1.0,0.6797497,-0.5762776028613913,0.00733852997133789,-0.2216874429313581,2.1624655723571777,0.004762168817454949,2.25,-47.4,3.6601725,0.011897320305259486,1000,-0.1105844193479869,0.0025105753,0.9998375541325659,5.684341886080802e-17,-1.3640341536401166,-0.19669151,-0.0050000000000000044,0.00023791819253817564,4.131315085837803,300,0.39475944677618974,0.621029674464949,-2.023219347000122
0.004012503028972535,1.0,0.689775,-0.5806838809326397,-0.00502161486865821,-0.2216874429313581,2.4442026615142822,-0.04903170897404198,2.25,-49.5,3.6462154,0.011276137536578126,1000,-0.11734097986444601,0.0024781635,0.9996986914954488,-6.039613253960852e-17,-2.371789433629957,-0.19755366,-0.0050000000000000044,4.0946206106719986e-05,4.166157277178379,320,0.37901187422320565,0.6620860210997819,-2.341517925262451
0.003882571731269577,1.0,0.6919852,-0.6390299093620669,0.004606820760099816,-0.2216874429313581,2.157280445098877,0.002813686436333228,2.25,-48.35,3.646779,0.011055947164483892,1000,-0.11447855723714398,0.0017096223,0.9997672893668148,0.0,-2.533874746439496,-0.19716766,0.0,9.726025328464733e-05,5.500217857966182,340,0.3886167958260478,0.5774538562201085,-2.24467396736145
0.003939691873634502,1.0,0.69491196,-0.7816302093416881,0.007058793965506134,-0.2216874429313581,2.31796932220459,0.016385504412523004,2.25,-48.75,3.668211,0.015874731155335112,1000,-0.11511115808529428,0.0030907134,0.999766401605311,-1.4210854715202004e-17,-3.329141162762541,-0.19699053,-0.0050000000000000044,0.00011201548184270139,4.733586404948744,360,0.4042960618347238,0.7377482051012564,-2.4714207649230957
0.004041512006777952,1.0,0.69655824,-0.8849704292055702,0.0007870418928636905,-0.2216874429313581,2.296319007873535,-0.013437461429508402,2.25,-49.85,3.6817856,0.019060447119402687,1000,-0.11749474475240511,0.0030698134,0.9996551635859777,1.9539925233402754e-17,-3.120768994260015,-0.19665216,-0.0050000000000000044,2.19038294900855e-05,3.9303143982984023,380,0.42118539238610014,0.7326472832697466,-2.573852062225342
0.003947240945096781,1.0,0.69807804,-0.6528846512499865,0.00274066105114997,-0.2216874429313581,2.390582799911499,-0.0028198128986987284,2.25,-49.15,3.6806972,0.011422973282169247,1000,-0.11512027517928251,0.002529488,0.9997091131768305,-4.263256414560601e-17,-1.6578604879411474,-0.19635399,-0.0050000000000000044,8.000727855311773e-05,4.289369493373634,400,0.4124935404629256,0.6168595937478867,-2.635958194732666
0.003879907669950386,1.0,0.6991551,-0.6874113045197291,0.006255007396056045,-0.2216874429313581,2.0837740898132324,-0.0003490952944848686,2.25,-48.75,3.6785946,0.012463709773181066,1000,-0.115730136744157,0.0031608709,0.9997345071310758,0.0,-2.7510163226495954,-0.1961032,-0.0050000000000000044,7.342269530827709e-05,5.141103036841078,420,0.3999321093341433,0.5717708502959914,-2.264336109161377
0.0040034928471953165,1.0,0.7003857,-0.6163015517645143,0.015755319237502532,-0.2216874429313581,2.303837537765503,0.03732424875954166,2.25,-49.35,3.6683116,0.012682270744739576,1000,-0.1159738777845856,0.001900286,0.9996761498466212,1.4210854715202004e-17,-1.507582329405749,-0.19588433,-0.0050000000000000044,5.8540803718257344e-05,5.248887507107224,440,0.413557761280385,0.6808016627289252,-2.1038191318511963
0.003959971642471979,1.0,0.70096785,-0.5920650606849879,-0.005188102137405039,-0.2216874429313581,2.241957664489746,-0.041528137202723886,2.25,-49.1,3.676602,0.010000637598392577,1000,-0.11656132281354821,0.0026194768,0.9995558669424279,-7.105427357601002e-18,-2.2155604187617706,-0.19564432,-0.0050000000000000044,2.1653158864254286e-05,5.753120396748082,460,0.39668212742875486,0.4897298070606662,-2.3503715991973877
0.0038592968446477206,1.0,0.70268214,-0.791585291006948,0.00986773277234613,-0.2216874429313581,2.1244683265686035,0.013592694079037756,2.25,-48.5,3.682702,0.011519266988414234,1000,-0.11516638423853148,0.0021255456,0.9997196560708679,7.105427357601002e-18,-3.526183676086628,-0.1955474,0.0,6.044180082669516e-05,5.4861343417501685,480,0.4062020768464604,0.5351667410243153,-2.400528907775879
0.003962371950293749,1.0,0.7034126,-0.5882799267978229,-0.00046374877146830785,-0.2216874429313581,2.4082069396972656,-0.02097061578917783,2.25,-49.35,3.6765614,0.014967074128044098,1000,-0.11633448574850988,0.0036045166,0.9997037130040287,0.0,-1.8991021699955075,-0.19543509,-0.0050000000000000044,5.780652643299691e-05,6.806614001236741,500,0.42030241553587866,0.6176315277679096,-2.6373074054718018
0.003912787864211009,1.0,0.7035073,-0.6996316756267305,0.010527477057080079,-0.2216874429313581,2.240466833114624,0.012464394118171185,2.25,-48.7,3.6607637,0.011619074294342958,1000,-0.11588366393478562,0.0022656817,0.9997200399578328,-7.105427357601002e-18,-1.9995441638380047,-0.19523898,0.0,6.405892167944948e-05,7.097423613628928,520,0.39792919192119897,0.7271581149465323,-2.0269408226013184
0.0038367803851320622,1.0,0.70315814,-0.7154262294517264,-0.0032030566528112063,-0.2216874429313581,2.7569894790649414,-0.03696339168841951,2.25,-48.5,3.632609,0.013978272302156427,1000,-0.1147799270758507,0.0027426041,0.9997674926121428,2.842170943040401e-17,-1.846852878717219,-0.1949729,-0.0050000000000000044,9.604405489083513e-05,5.780689885648737,540,0.40725555461463775,0.6042209291440194,-2.389633893966675
0.003973810727387806,1.0,0.70434177,-0.7402670163164826,0.01067930904276534,-0.2216874429313581,2.280742883682251,0.006652352613164112,2.25,-49.35,3.6247995,0.013870063979122474,1000,-0.11587843604470816,0.002030845,0.9995985768105083,-1.4210854715202004e-17,-2.7586566755894157,-0.19493274,-0.0050000000000000044,3.6910237901142034e-05,4.278642956308693,560,0.41940904808462764,0.7220143223714133,-2.111635208129883
0.0038179691746908374,1.0,0.6917703,-0.4824745697723283,0.012805204094950324,-0.2216874429313581,2.125413179397583,0.0039740166523261,2.25,-47.95,3.6057413,0.009601770515186268,1000,-0.1122273166407611,0.0032078286,0.9997442947847,1.4210854715202004e-17,-1.2506228071153136,-0.19081695,0.0,0.00010566276221609049,3.7345559336814387,580,0.3804869911364429,0.42922091879750657,-2.0521159172058105
0.0039952934293926105,1.0,0.7056789,-0.5967546919471816,0.014644780624421377,-0.2216874429313581,2.0177454948425293,0.0028466908839181997,2.25,-49.25,3.5979974,0.01012755969489064,1000,-0.11571618635098789,0.0022696236,0.9996396529051753,0.0,-2.121595945902684,-0.19452286,0.0,5.12430928436831e-05,4.477872789823634,600,0.39561256420176727,0.5257611562346941,-2.239757537841797
0.003948199821413137,1.0,0.7051183,-0.604042275677414,0.005853273721938632,-0.2216874429313581,2.056636095046997,-0.014890596009092405,2.25,-49.15,3.6080518,0.011430431723177589,1000,-0.1166355312149947,0.0031196717,0.9996652539266637,1.4210854715202004e-17,-3.1243466926126877,-0.19441965,-0.0050000000000000044,3.4241660635167264e-05,5.015191036248439,620,0.4029393803769228,0.5519690912926182,-2.504513740539551
0.0038233197516971823,1.0,0.70395225,-0.6595284465361315,0.009674313148781085,-0.2216874429313581,2.2377591133117676,-0.035525692957104185,2.25,-48.05,3.6179614,0.013180558886320531,1000,-0.11295400705484408,0.0035331368,0.999779968747652,1.4210854715202004e-17,-1.3368374405071801,-0.19423422,0.0,9.71567770367428e-05,4.848618753478094,640,0.3859315315507653,0.6140758422252564,-2.1878294944763184
0.00382721330998043,1.0,0.70059824,-0.834193048705348,0.0049701976114707195,-0.2216874429313581,2.7983410358428955,-0.034266778902616354,2.25,-47.2,3.6193852,0.014936751936118141,1000,-0.11018794601863924,0.0034135648,0.9998386464679646,2.842170943040401e-17,-2.0143262264293673,-0.19327977,-0.0050000000000000044,0.00024866665133848833,3.597183729005181,660,0.41608152898385353,0.694310863360499,-2.3660829067230225
0.004142749747478865,1.0,0.70300347,-0.48191893484059123,0.005595195131694538,-0.2216874429313581,2.181671142578125,0.008684507148806005,2.25,-47.8,3.6225462,0.009857745835503303,1000,-0.11196364699765186,0.0034939717,0.9998652094906636,0.0,-1.4846680065783369,-0.19388938,0.0,0.0003291356239448775,5.543446898500282,680,0.38850630124824354,0.45224424268204155,-2.3861114978790283
0.003764391789127529,1.0,0.70319647,-0.43237576890175616,0.0138203628471615,-0.2216874429313581,2.3142004013061523,-0.009258768198429607,2.25,-47.8,3.6116316,0.009088295033479193,1000,-0.11393988538182498,0.0019394219,0.9998174660407415,-7.105427357601002e-17,-2.2522597899425336,-0.19378312,-0.0050000000000000044,0.00014026229025637096,4.575098782159849,700,0.40113071420737567,0.6637997139063713,-2.1912076473236084
0.0037615615488487634,1.0,0.70236886,-0.5841277850987745,0.011784009544627558,-0.2216874429313581,2.643087148666382,-0.01088290367159061,2.25,-47.25,3.6113586,0.010425255317444693,1000,-0.11145713700357092,0.003634734,0.999840990048869,-1.4210854715202004e-17,-1.6511042645458356,-0.19362953,-0.0050000000000000044,0.00026977807304063873,4.80637969849894,720,0.3922727326762354,0.5983086610920496,-2.4100656509399414
0.0038740806171909323,1.0,0.7021482,-0.4632110266853448,0.0054827051021064666,-0.2216874429313581,2.09403395652771,-0.03083588013460394,2.25,-48.5,3.6084929,0.011726691580516138,1000,-0.11521920657180969,0.004689285,0.9996982422928712,1.4210854715202004e-17,-1.9940895778316083,-0.1934853,0.0,6.194511911223074e-05,5.2062313606101505,740,0.39485970963666567,0.5748938612992606,-2.193678379058838
0.003506102769617583,1.0,0.701657,-0.8239537494075098,0.0025262771256159876,-0.2216874429313581,2.2506837844848633,-0.04827623268845491,2.25,-45.85,3.638805,0.011895705387426351,1000,-0.10989027266932443,0.0040918197,0.9998423608096482,-1.4210854715202004e-17,-1.6724360962037395,-0.19333269,-0.0050000000000000044,0.0001994419395448374,4.6380092987053185,760,0.3916643995860331,0.5897049856188348,-2.37890887260437
0.0036171498142551425,1.0,0.70122874,-0.7180247745843698,0.014932726317980587,-0.2216874429313581,1.9851382970809937,-0.015894359132740645,2.25,-46.7,3.6467562,0.010493968329310498,1000,-0.1135908684768628,0.0019135468,0.9997810357968414,2.842170943040401e-17,-1.7214490953754722,-0.19318552,-0.0050000000000000044,0.00014174892286051237,4.2553771705685515,780,0.39841974780698153,0.5389693123336962,-2.764127254486084
0.003981985145147174,1.0,0.7009828,-0.6902211210204579,0.0026777744588457513,-0.2216874429313581,2.3772835731506348,-0.023811361090280116,3.375,-47.9,3.6333241,0.013889208484174497,1000,-0.1127305264808075,0.0067154756,0.9998410468168275,-2.842170943040401e-17,-1.1287066673190604,-0.19304913,0.0,0.0001869973717868376,4.768087628353733,800,0.4413675456988769,0.6629079678205195,-2.5820493698120117
0.003994644181805541,1.0,0.7004487,-0.3917871663747647,0.002219360712659396,-0.2216874429313581,2.40264892578125,-0.023012482920777982,2.25,-46.45,3.6208723,0.008620156981731839,1000,-0.11121996900156077,0.0008390341,0.99986446160967,-5.684341886080802e-17,-1.2109746825656484,-0.19291615,0.0,0.0002813372522625421,5.6510006738494925,820,0.40357283987924575,0.45339304160170085,-2.172898292541504
0.0036219622476709843,1.0,0.70001084,-0.585962244629222,0.000860613011792976,-0.2216874429313581,2.242973566055298,-0.033480023426294796,2.25,-46.85,3.624085,0.01155076714101019,1000,-0.11285899133612863,0.0052090813,0.9998180785275627,-5.684341886080802e-17,-2.1995809700004947,-0.19279186,-0.0050000000000000044,0.00016779680524225282,3.9068726068232675,840,0.4029128590708116,0.6230450416185157,-2.4246466159820557
0.0036385250220184674,1.0,0.6994411,-0.5940889977902922,0.0042424307236492076,-0.2216874429313581,2.1234703063964844,0.008647492926684208,2.25,-46.4,3.626378,0.009132765153206998,1000,-0.10852801689462754,0.0046817665,0.9998400467908947,-4.263256414560601e-17,-1.9493650617663725,-0.1926558,0.0,0.00019888048698758426,3.7523957888617416,860,0.3841804107611,0.4147068325969438,-2.104100465774536
0.0036145073687822594,1.0,0.6988094,-0.5041524038641788,0.0003930279250301721,-0.2216874429313581,2.4314918518066406,-0.00932108406041516,2.25,-46.4,3.6236105,0.011083058538187881,1000,-0.11032493616581916,0.0032454107,0.9998248448738025,0.0,-1.4976766641148263,-0.1925221,0.0,0.0001831029563921039,4.669369334043295,880,0.39608987187282735,0.5221929777158217,-2.355374813079834
0.0038447236743272954,1.0,0.6979166,-0.38582906335964057,0.0035644418872032625,-0.2216874429313581,2.31105637550354,0.01053160780761391,2.25,-48.55,3.6170416,0.010816589459790088,1000,-0.11508530655803319,0.0020119485,0.9997198265643753,4.9737991503207014e-17,-1.9300435753376008,-0.19237553,-0.0050000000000000044,5.239575704718275e-05,3.790036287382276,900,0.4018279965791736,0.5811719230051591,-2.3406620025634766
0.003644532091104175,1.0,0.69261897,-0.4234518182668647,0.0026181966286962077,-0.2216874429313581,2.3534953594207764,-0.0022210327058564874,2.25,-46.65,3.6001194,0.010490789311374676,1000,-0.10964207157251923,0.0035467094,0.9998513617381284,-5.684341886080802e-17,-1.2597824964027107,-0.19067502,0.0,0.00025562589635278707,5.430589188052564,920,0.4033751945845696,0.6875051882058638,-2.350625514984131
0.0038593998960252227,1.0,0.697658,-0.4518146170787632,0.014827748369738028,-0.2216874429313581,2.2702836990356445,0.0025653333395021034,2.25,-44.4,3.5907707,0.01079182056192797,1000,-0.10190149769240356,0.0037751226,0.9998890646387154,-1.4210854715202004e-17,-1.170350390686355,-0.19211929,0.0,0.0005110716254849142,4.296163675057086,940,0.38739100164800144,0.4650247538895093,-2.0428385734558105
0.0036760760404465228,1.0,0.6941643,-0.30919676371203875,0.0013175169478496548,-0.2216874429313581,1.9443094730377197,0.0054235991432797165,2.25,-44.15,3.5950909,0.010056328578771895,1000,-0.1045017938823138,0.0054580746,0.9998862245831194,-3.907985046680551e-17,-1.8511216551803555,-0.1911987,0.0,0.00048491569985202045,4.789167834568953,960,0.39419050621958446,0.477356286057831,-1.8185126781463623
0.0038016587654938106,1.0,0.68670017,-0.3878064166567459,0.010830682951771597,-0.2216874429313581,2.4085710048675537,0.028663885600864886,2.25,-46.55,3.5956595,0.01110067043218731,1000,-0.10733426222561135,0.004931225,0.999892612258827,-1.4210854715202004e-17,-2.1200801791820707,-0.18874238,0.0,0.00038719988667854023,3.1552023020189184,980,0.4064264799642664,0.5866845989858834,-2.7362632751464844
0.0036657470235466373,1.0,0.6815508,-0.34873241133674,-0.00700807411855668,-0.2216874429313581,2.158302068710327,-0.011374693745863624,2.25,-44.45,3.5909164,0.008272191914937657,1000,-0.1031496382354276,0.0023251283,0.9998921170772814,-4.9737991503207014e-17,-1.865152820829646,-0.18699777,0.0,0.000474149021228797,3.7544321730783823,1000,0.3935346270118226,0.4382308563204401,-2.090388298034668
0.00348276160672549,1.0,0.6970327,-0.36327105971762413,-0.0022785738133229622,-0.2216874429313581,2.0121312141418457,-0.030335299687227233,2.25,-41.35,3.606,0.010257166436570233,1000,-0.09612936044861504,0.0022678734,0.99990229485326,-7.105427357601002e-17,-1.6285559335958966,-0.19157535,0.0,0.0005254945857054234,3.9217503840092713,1020,0.3974308083814795,0.6119622079209611,-2.2055423259735107
0.003759210488866438,1.0,0.6950319,-0.420574811245056,-0.0029142128809199154,-0.2216874429313581,2.310274362564087,-0.03702266893500928,2.25,-43.15,3.5888023,0.010665986686179059,1000,-0.09954964588327979,0.0028039406,0.9998993900063937,-4.263256414560601e-17,-1.9515352371923311,-0.19146585,0.0,0.0005454271425318141,3.4234824346778807,1040,0.4020723060315282,0.5575010505587357,-2.771007537841797
0.002841308628253194,1.0,0.69329315,-0.49553061426322687,4.627954829212655e-05,-0.2216874429313581,2.0222489833831787,0.0063618075840640815,2.25,-39.7,3.5771778,0.009818451550766136,1000,-0.09394651324467868,0.0031101275,0.9998894891880081,-5.684341886080802e-17,-2.010163338778033,-0.1913383,0.0,0.00038742584648502405,3.0959283845004677,1060,0.37293740380802143,0.39881897084818063,-2.7358012199401855
0.0035515360267076982,1.0,0.6873871,-0.32769324927894605,-0.006034304534839293,-0.2216874429313581,2.1832423210144043,-0.00196211786638014,2.25,-39.65,3.5721745,0.010495680598069468,1000,-0.09142651851405197,0.0049206787,0.9999186093487954,-2.1316282072803006e-17,-2.68586586084238,-0.18964526,0.0,0.0005050331080172424,3.4245028483212767,1080,0.38951664371100025,0.7446195943341387,-2.5784590244293213
0.0030257155533545805,1.0,0.6872805,-0.36163239911492817,-0.0029602198118412523,-0.2216874429313581,2.1949610710144043,-0.015645604654215276,2.25,-42.15,3.5763965,0.009580279326990548,1000,-0.10139757653118132,0.0056048175,0.9998544189368014,2.1316282072803006e-17,-2.471931724208268,-0.18951952,0.0,0.0003423395801472624,3.765936741909947,1100,0.39523198323868325,0.4991905307480618,-2.349027633666992
0.0033025139180801366,1.0,0.68449533,-0.43213497942772106,-0.007186632917207049,-0.2216874429313581,2.1704113483428955,-0.0086844821292907,2.25,-41.15,3.5611515,0.010452164225760535,1000,-0.09717517467568834,0.0038885048,0.9999183349939261,-2.842170943040401e-17,-2.086214491784568,-0.18860199,0.0,0.0006888459234193156,4.042115281591345,1120,0.40531073074677915,0.4626591793375019,-2.2474148273468018
0.0035719424108965575,1.0,0.6919559,-0.3665637824379671,0.007109394971251437,-0.2216874429313581,2.2521750926971436,-0.00648402577318484,2.25,-41.35,3.5545201,0.010458440887866221,1000,-0.09660713509822198,0.002422171,0.9998969582108785,0.0,-1.539199140899423,-0.19084093,0.0,0.0005825594142274366,3.6371765362837487,1140,0.39927007061914277,0.530762808792709,-2.139359712600708
0.002984494516396902,1.0,0.69026124,-0.4699609264680652,0.008711660415677891,-0.21368673425308976,2.3723206520080566,0.008474380796251353,2.25,-39.25,3.554365,0.011020395834563596,1000,-0.09089527298433282,0.0031223814,0.9998974509362137,3.552713678800501e-17,-1.9040083880655183,-0.19071859,0.0,0.0005013172382294249,2.589311118053497,1160,0.3906325722614774,0.703263378573693,-2.1063644886016846
0.003076747002077239,1.0,0.6885824,-0.41924080112370216,-0.011033610654382306,-0.2216874429313581,2.0424206256866455,-7.402650860603898e-05,2.25,-39.85,3.5466208,0.00736940174950434,1000,-0.09107416365971477,0.0029369995,0.9998814904308119,-8.526512829121202e-17,-1.8775057462867524,-0.19056687,0.0,0.00044479802159833195,3.018835250009651,1180,0.3845204062947548,0.37958131014154833,-2.299288511276245
0.002993695267969072,1.0,0.6878861,-0.3572329431574629,-0.0063805722125728865,-0.213061983318947,2.262854814529419,-0.014696925923111849,2.25,-35.6,3.535881,0.009494311925251162,1000,-0.08046490299582704,0.003979995,0.9999159593008349,1.2434497875801754e-17,-1.9345477611960784,-0.19046338,0.0,0.0006805822891340003,3.1295078552722346,1200,0.3886576331417506,0.5027666639558858,-2.0602591037750244
0.003279079432253796,1.0,0.6681082,-0.3559304310321447,-0.005792674840210527,-0.2216874429313581,2.014707326889038,-0.04142507867072709,2.25,-40.0,3.5224824,0.011790639187059634,1000,-0.09529914954171624,0.003687328,0.9998929674983262,5.684341886080802e-17,-1.849712949467483,-0.1840825,0.0,0.00047691960442256047,3.693882933259716,1220,0.40204166255427054,0.6006858245704993,-2.365767002105713
0.0022454370991250583,1.0,0.68696094,-0.4001045394807022,-0.010360026621287282,-0.2031796416969619,2.1974313259124756,-0.04011976439855061,2.25,-30.95,3.5025291,0.008905884921368127,1000,-0.06904747918828477,0.005661896,0.9999218826985306,7.815970093361102e-17,-2.458664527732047,-0.1894316,0.0,0.000731816592311926,2.4941683138676725,1240,0.3824903973741627,0.4219937285394149,-2.209400177001953
0.0030031577766459843,1.0,0.6798578,-0.32665603963216655,-0.0032996919583324516,-0.2216874429313581,2.063058376312256,-0.016319739995524288,2.25,-35.4,3.5117853,0.010044785823113123,1000,-0.0784400895730173,0.004173125,0.9999121491248122,4.263256414560601e-17,-2.6388069465849315,-0.18773298,0.0,0.0006646530737960426,2.852464202246097,1260,0.38835193886031844,0.3952752373493143,-2.1885695457458496
0.0025207726245023497,1.0,0.6837082,-0.36875987944717026,0.004008828205291807,-0.2216874429313581,2.228959321975708,0.006006182207725942,2.25,-34.3,3.4908886,0.0077698389138024,1000,-0.07865270985474819,0.0053578266,0.9999068822981727,2.1316282072803006e-17,-3.1193888282938214,-0.18917146,0.0,0.0006722296967418101,2.2034625203840017,1280,0.37403658520098104,0.5512861314237048,-2.0402729511260986
0.0025561674993553915,1.0,0.6754285,-0.3111170108646662,-0.004770917447591881,-0.2022551238979652,2.038740396499634,-0.04235761264967732,3.375,-31.75,3.4732666,0.009678428936712639,1000,-0.07223614428035711,0.0062461356,0.9999082690270116,2.842170943040401e-17,-2.4403808703835486,-0.18669644,0.0,0.0007620411799610138,3.105830096222978,1300,0.3806177435765481,0.3749240907011164,-2.566771984100342
0.0021039399326885986,1.0,0.6824938,-0.3666126697331101,0.0002496956822302115,-0.18218307543997014,2.2845330238342285,-0.0018244272762676702,3.375,-28.65,3.4778323,0.008895510313764876,1000,-0.06311831087340596,0.0025245403,0.9999037676186057,-3.552713678800501e-18,-2.534061574460194,-0.18891802,0.0,0.0007670431500406487,2.9726851825569285,1320,0.3767135036854856,0.3014208915517293,-1.998260498046875
0.001330778993612923,1.0,0.67394245,-0.31945549653271377,-0.0032699594878925434,-0.16451492494839173,2.416015386581421,-0.03508250186074292,3.375,-23.05,3.4698503,0.007638194933012678,1000,-0.04813010651002343,0.0017439193,0.9998874221176659,-7.105427357601002e-17,-3.1580068092386777,-0.18645103,0.0,0.0004162023328851353,3.2642449252478216,1340,0.38357220153940697,0.33241267065822355,-2.097761392593384
0.0021818042382917555,1.0,0.68318653,-0.3582519878364963,-0.011889882933377888,-0.18703608466484473,2.3452367782592773,-0.014787426701979712,3.375,-31.7,3.4501028,0.009838579698067562,1000,-0.07181927093211739,0.0024761478,0.9998917422894312,0.0,-3.179223289343188,-0.18945645,0.0,0.0005953847813164854,2.9557927727660576,1360,0.389486487287549,0.34761869661110495,-2.5310847759246826
0.0013739761384913023,1.0,0.6746073,-0.2899051718162636,0.013636456671329707,-0.17351801719135468,2.573270559310913,0.002621634263312444,3.375,-24.5,3.4242957,0.008849811326218869,1000,-0.051374084998747675,0.0020203483,0.9998917858585189,-1.4210854715202004e-17,-2.5264073912689375,-0.18699537,0.0,0.0005478800593455053,3.067268371451227,1380,0.3766586894272742,0.414354400183159,-2.2616546154022217
0.0009651713831080975,1.0,0.68154055,-0.3401668551004499,-0.007646411954865599,-0.17185624245212447,2.2253103256225586,-0.019394227072247305,3.375,-18.65,3.3827329,0.00959554605017618,1000,-0.03724191332036577,0.0022399493,0.9999013257875965,7.105427357601002e-17,-3.303111389730173,-0.18922082,0.0,0.00048215415353771807,2.3295687755190615,1400,0.38711660682920734,0.29938124363355334,-2.322678804397583
0.0016569064227744139,1.0,0.67982686,-0.35899380132609676,-0.0076855452493857545,-0.20299575999121852,2.7301440238952637,0.00038031943165697156,3.375,-26.45,3.3759184,0.008320926690814284,1000,-0.06077074892941801,0.002297258,0.9998946944843522,-2.1316282072803006e-17,-3.215589972757965,-0.18908003,0.0,0.0006393828935261829,2.6017593709618176,1420,0.3678009577731559,0.4216168956335729,-2.0268771648406982
0.0009853009261810526,1.0,0.6786046,-0.35217921763630994,-0.01291633147001005,-0.1568602600844128,2.087841510772705,-0.028192455750424415,3.375,-19.2,3.3462505,0.009309340717253558,1000,-0.038926523766696634,0.002393847,0.9998908708433869,2.842170943040401e-17,-3.849540417164587,-0.18896334,0.0,0.0005527859819180416,2.7496749804898553,1440,0.3751799198105004,0.332200135733957,-2.3697147369384766
0.0011545014675043827,1.0,0.66363317,-0.33279419662543774,-0.0036529934077931406,-0.13162073934926521,2.485255718231201,-0.01929226641403511,3.375,-21.75,3.309239,0.009210583123824303,1000,-0.04655844175440096,0.0041973656,0.9998716870332055,4.263256414560601e-17,-3.0290074159784437,-0.18416217,0.0,0.00032547426164133676,2.8668488552775537,1460,0.39212667302256604,0.35563735992790585,-2.039905548095703
0.0009362034667311592,1.0,0.6716226,-0.3466095927076891,0.0033381745042214846,-0.1439729698917596,2.1393537521362305,0.018247968384879642,3.375,-19.55,3.2862084,0.010494352283119786,1000,-0.038300254234951855,0.0036077257,0.9998759580004065,6.394884621840901e-17,-2.2236520215015605,-0.18637958,0.0,0.0004158947790405265,2.86705220514737,1480,0.377707264652332,0.3773738463715203,-2.473378896713257
0.0009448323667197251,1.0,0.6780585,-0.32245488011218476,-0.004305517765235285,-0.13786197504160863,2.2828621864318848,-0.014170299665012863,3.375,-16.6,3.2784824,0.009153508031453777,1000,-0.036479414133791986,0.0034490235,0.999892774966908,-2.842170943040401e-17,-2.47233522247346,-0.18859616,0.0,0.0003791650392263296,2.666171522372079,1500,0.377906441979643,0.4204551016088379,-2.129152774810791
0.0005110801293267815,1.0,0.67577004,-0.28325252858953465,-0.0018455658803095375,-0.13521290363093527,2.18505859375,-0.0571706741884118,3.375,-13.5,3.2597196,0.009086558534694289,1000,-0.022819301883215255,0.0022180188,0.999856482933219,-2.1316282072803006e-17,-3.0114192683645498,-0.18848118,0.0,0.00027054620083675893,2.58571596159018,1520,0.37262716140836516,0.3285087556633626,-2.2455830574035645
0.00048625797312691925,1.0,0.6652191,-0.33863749789561215,0.0030466473327911154,-0.13082488459904268,2.098048210144043,0.018756630052579566,3.375,-14.1,3.2397742,0.009830855568521991,1000,-0.026217216788613964,0.002925685,0.9998337601875752,-7.105427357601002e-17,-4.583615480416222,-0.18524937,0.0,0.0001941525155387854,2.5529024980802872,1540,0.36551154721955026,0.34882337615141656,-2.507321834564209
0.0004094165614257035,1.0,0.6752089,-0.3302584180956764,0.001223141335856521,-0.10532187032148727,2.3111720085144043,-0.003701877099578269,3.375,-13.6,3.2188635,0.008246389895694234,1000,-0.02441658336794329,0.0034804607,0.9998274929032652,-1.4210854715202004e-17,-3.406815109524718,-0.18823867,0.0,0.00018403865483423144,2.4702360917048543,1560,0.36706008369214604,0.3899315617454704,-1.981736183166504
0.0002885418635139142,1.0,0.66682446,-0.30371987756514146,-0.004964596304828332,-0.08855869240555735,2.527146100997925,-0.018439444298390298,3.375,-10.5,3.1839228,0.007853055967413345,1000,-0.018559435957296352,0.0028184496,0.9998351336945791,-2.842170943040401e-17,-3.907672932392303,-0.18577068,0.0,0.00018372594817799798,2.2288258474071947,1580,0.3668463702183853,0.32793223680268857,-1.873611569404602
0.0004058993561207499,1.0,0.6637819,-0.32446036789152016,-0.0019447229310745392,-0.11110386811337,2.027099132537842,0.004959355026774574,3.375,-10.35,3.1746602,0.011507314053226825,1000,-0.01683756302686201,0.005735792,0.9998367212487419,2.842170943040401e-17,-4.353448584123175,-0.1848682,0.0,0.00018776565065600626,2.0116556550611464,1600,0.3715034213231374,0.3355801510847413,-2.3204541206359863
0.00023064275021880118,1.0,0.6732074,-0.30488153162041043,0.010473664331472893,-0.11883372007109493,2.0290093421936035,-0.01282265540829394,3.375,-8.75,3.178926,0.009461061188268236,1000,-0.012834828897909517,0.0030973325,0.9998331810150485,4.263256414560601e-17,-6.642423981170233,-0.18787438,0.0,0.00021087904104855626,1.86632264101461,1620,0.3820687622507154,0.29512239234198395,-2.343911647796631
0.0002287324921615346,1.0,0.6665472,-0.30027082887655926,-0.001655977218543496,-0.07819084746435088,2.5045199394226074,0.014471174598380458,3.375,-8.6,3.1681993,0.009034886056368893,1000,-0.015157029576298409,0.002658125,0.9998340385546951,-1.4210854715202004e-17,-3.067753958102186,-0.18619259,0.0,0.00015221320455875806,2.0351246253187543,1640,0.37239829026808113,0.32424883051763914,-2.085354804992676
0.00017290178349501715,1.0,0.649688,-0.3343025913664782,0.0034448596872180192,-0.07258033485361025,2.1866707801818848,0.01236310573189985,3.375,-7.15,3.1386323,0.008273200943706042,1000,-0.011421732747213195,0.0039124144,0.9997785246825762,-1.4210854715202004e-17,-4.630557122077268,-0.18060827,0.0,0.0001191329025102607,2.3863635866650887,1660,0.3596769547954042,0.30492201360013677,-2.4069018363952637
0.00016185662785692548,1.0,0.6726928,-0.3100798797900857,0.0006493958913828765,-0.062761911977048,2.6191554069519043,0.016931484145345167,3.375,-7.6,3.0913446,0.009831195077000945,1000,-0.011888383169665276,0.0039013505,0.9997470909341971,-2.842170943040401e-17,-3.940017182967838,-0.18751557,0.0,9.500533562556556e-05,2.5575631723029133,1680,0.3745927911369394,0.33622140737763956,-2.3346898555755615
8.072947782293078e-05,1.0,0.6697272,-0.26863118172351363,0.006452062645996396,-0.04673045205771217,2.7041637897491455,-0.006903950170148164,3.375,-5.8,3.0688162,0.008946458680537634,1000,-0.0076432368304615575,0.0028073345,0.9996969238998054,6.394884621840901e-17,-4.427544765691729,-0.18739334,0.0,5.387191368281379e-05,2.578058063878184,1700,0.37635158032841853,0.28662730918644125,-2.540517807006836
5.240262429580873e-05,1.0,0.6674447,-0.2966702096852116,-0.015927914980263625,-0.04652816324250596,2.341743230819702,-0.04066802539071068,3.375,-5.2,3.0506463,0.008642850599647315,1000,-0.006570893727537447,0.002710373,0.9996433105642206,9.947598300641403e-17,-4.110277153241569,-0.18727887,0.0,4.3238634474601155e-05,2.5318692945698875,1720,0.36712652195727363,0.29415852293109546,-3.101698875427246
6.0873290897071694e-05,1.0,0.6663127,-0.35542311692937856,-0.0003418044286155291,-0.047185247346220996,2.4102702140808105,0.01141502576347557,3.375,-4.9,3.0381167,0.008690540293420066,1000,-0.005819351288500276,0.003092443,0.9996487974868041,-1.4210854715202004e-17,-5.317910799043442,-0.18716009,0.0,4.3472311102047064e-05,2.1530447742678276,1740,0.35394175191495836,0.314585269300237,-2.351888656616211
7.66761794484424e-05,1.0,0.6653543,-0.32902414456795076,-0.0028338785728997916,-0.06897018821027895,2.14082670211792,-0.002048862598312553,3.375,-4.6,3.0255904,0.009073053529462463,1000,-0.0047297804298849135,0.0032923275,0.9996797015003619,4.263256414560601e-17,-6.435734017918313,-0.18703842,0.0,5.6272740054765366e-05,1.336803036815098,1760,0.3556019078348991,0.36050570958775374,-2.2785816192626953
4.8378198062546544e-05,1.0,0.66202664,-0.29151880447854567,-0.011786756847204004,-0.037420740727823275,2.726097583770752,-0.03038640503794886,3.375,-4.6,3.005453,0.007826876254400839,1000,-0.005114432428540749,0.0028929126,0.9996033584894107,5.684341886080802e-17,-5.198660002716697,-0.18612905,0.0,4.39931132161744e-05,2.722798146025639,1780,0.3707692778685445,0.3053153649614163,-3.1714835166931152
4.037245431881434e-05,1.0,0.6570412,-0.3261557070212864,0.003653622352696533,-0.04050459270630492,2.872687339782715,-0.00468765369860921,3.375,-4.3,2.9682093,0.008058074849739439,1000,-0.005238498323781174,0.004395488,0.9995422193031288,-7.105427357601002e-18,-4.272593997701189,-0.18444872,0.0,2.7337744097482197e-05,2.1239409887100904,1800,0.3662731516088833,0.30306486030028146,-2.4068491458892822
3.0665359594804785e-05,1.0,0.6386895,-0.3018725078404677,0.0047895373949229875,-0.03260869979038373,2.5719869136810303,-0.016866349579999225,3.375,-3.9,2.9475632,0.009626607778574159,1000,-0.003564153773499509,0.003600868,0.9995574853571916,-1.4210854715202004e-17,-4.556377418160375,-0.17807604,0.0,2.2318447649682814e-05,1.8764891972097884,1820,0.3903220496304252,0.2924399270646382,-3.063260793685913
3.314050605744968e-05,1.0,0.64551234,-0.3067031253285295,-0.00335335535202763,-0.03675001722257157,2.574636936187744,-0.010212735292501747,3.375,-3.5,2.934487,0.007702544572643031,1000,-0.00329167116368024,0.005824477,0.9995454434767672,3.1974423109204506e-17,-4.734066084768637,-0.17952086,0.0,2.663388271491569e-05,1.9916383428556457,1840,0.38681533735738527,0.3170748471948475,-2.5870614051818848
2.5816296127323405e-05,1.0,0.6591191,-0.2686763594247699,0.02170268298215077,-0.02955397881551573,2.701310396194458,0.01978951864221017,3.375,-3.75,2.9096274,0.007943150640357796,1000,-0.00411245615754375,0.0028492378,0.9994287987919275,0.0,-4.820726013513006,-0.18409581,0.0,1.6616768309764095e-05,1.8477563622283726,1860,0.3694607302434132,0.3222099425453896,-2.0751497745513916
2.8633227275258944e-05,1.0,0.6540477,-0.28851325476525713,0.0027198543871388716,-0.03632022910130132,2.632040500640869,0.02218486789148301,3.375,-3.05,2.87789,0.006943280001288394,1000,-0.0030518598834079307,0.0035463944,0.9995490370552431,3.552713678800501e-18,-4.383266431021948,-0.18319479,0.0,3.0639355102358186e-05,2.0745886544979575,1880,0.3826019598137762,0.2718005065717956,-2.642307758331299
1.4370322074467795e-05,1.0,0.66185904,-0.29631946389474145,-0.009505944499424924,-0.024508038109665006,3.036041259765625,-0.01603780261281645,3.375,-2.9,2.85119,0.008429375648815834,1000,-0.0021109042624484417,0.0033676003,0.9993298321535855,-2.842170943040401e-17,-5.876801003101939,-0.18620709,0.0,1.0939192224567369e-05,1.7687224100091035,1900,0.38869612224018224,0.3171812277935883,-2.7629332542419434
1.1547034141868743e-05,1.0,0.65971935,-0.32169876417158005,0.010665730727170891,-0.019825872503125015,2.3847103118896484,0.022610177852911875,3.375,-2.6,2.819047,0.009049563155063242,1000,-0.0018163044390497637,0.003399335,0.9992191140465956,-1.4210854715202004e-17,-5.062174094002641,-0.1860868,0.0,8.782385439175793e-06,1.719213093446153,1920,0.3797578440792614,0.283931420863355,-2.80765438079834
1.7706553848704247e-05,1.0,0.64675117,-0.3180082057561479,-0.005562181968720444,-0.022361934893012372,2.7244601249694824,-0.012393105010763975,3.375,-2.6,2.7996051,0.008231399478835486,1000,-0.0024041676674006734,0.0023663868,0.9993506984514198,3.552713678800501e-17,-4.272257398842932,-0.18205658,0.0,1.381570778280084e-05,1.4431861551771565,1940,0.3955357408697537,0.2603286606129002,-3.3335838317871094
1.4523313857574241e-05,1.0,0.6586034,-0.30639195535090774,0.006353801392689233,-0.02428376692750656,3.471994161605835,0.014119148703757673,3.375,-3.0,2.7813725,0.010520747730193514,1000,-0.001988246614639252,0.0039995858,0.9993002096581306,7.105427357601002e-18,-5.131505588361838,-0.18584576,0.0,1.0586586493762838e-05,1.4345310653951984,1960,0.3818440836870647,0.32704454468159533,-3.1361775398254395
1.5269082295943862e-05,1.0,0.6545219,-0.3081842608396116,0.0018135146322615166,-0.027436585719882608,2.2971444129943848,-0.0051116096860496325,3.375,-2.85,2.7666607,0.00971966715740719,1000,-0.0018392409355984596,0.0039960374,0.9993522539029508,-2.842170943040401e-17,-4.745551787542934,-0.18494649,0.0,1.320417182473817e-05,1.6772356861011848,1980,0.39680988127388644,0.3158013700749783,-2.7545597553253174
6.183270092690191e-06,1.0,0.65560305,-0.30793083380388164,-0.0014844443512163298,-0.0195397806198712,2.371363639831543,0.003108884736895561,3.375,-2.45,2.772626,0.008591865872015231,1000,-0.0008384533587500724,0.004611186,0.9990540604387216,2.842170943040401e-17,-6.179571973203112,-0.18561181,0.0,6.4890926155333955e-06,2.2754308555057614,2000,0.3778050492660393,0.24920735272041236,-3.040424346923828
