_std_obs,_Episode,TotalPolicyLoss,_MeanReward,BaselineLoss,KL,_std_act,_max_act,_mean_discrew,_max_obs,_min_discrew,_std_adv,_min_adv,_mean_adv,_min_obs,Beta,Steps,_std_discrew,PolicyEntropy,_min_act,_mean_obs,_mean_act,CriticLoss,_max_discrew,_lr_multiplier,_max_adv
0.011529176396671932,20,-0.24922192,-49.7,0.0029026080093545064,0.009498861,0.37412741255137494,2.1082465648651123,-0.11744097840718594,0.6338598629163209,-0.2216874429313581,0.9999837173880728,-2.2661597270228535,0.0,-0.6001588131833387,1.5,1000,0.00403172778366301,3.6737263,-2.0601305961608887,-0.0237753724720334,0.0776272210816387,0.16748878,-0.0050000000000000044,1.0,3.0854759789705417
0.014716937422581068,40,-0.19869162,-49.95,0.0013183211673977939,0.007966981,0.38795696235189037,2.1357367038726807,-0.11751887030051425,0.7980949453352363,-0.2216874429313581,0.9999661348822562,-1.9313622360559126,2.842170943040401e-17,-0.8197033452073738,2.25,1000,0.00406015325022856,3.6670175,-2.2920873165130615,-0.021249596274623417,-0.016974275172047783,0.5895723,-0.0050000000000000044,1.0,2.7790610124350428
0.014549778687680507,60,-0.05150672,-49.9,0.00017820121911445963,0.003958671,0.3912430215779028,2.1058905124664307,-0.11764920150882052,0.7978006905967059,-0.2216874429313581,0.9999384437247755,-1.5855349997141368,-4.9737991503207014e-17,-0.5580963461139875,2.25,1000,0.004062497339007659,3.6501453,-2.231889009475708,0.00821208550210745,-0.028306810282636433,0.30525976,-0.0050000000000000044,1.0,2.98914826029152
0.011394069474743019,80,0.178207,-49.5,3.0802314730945706e-05,0.003919646,0.3823277511390808,2.383589506149292,-0.11708309345465664,0.7109598266542044,-0.2216874429313581,0.9998397185963317,-3.0724860040851265,-3.552713678800501e-18,-0.44917609051359186,2.25,1000,0.004009324264376005,3.6352568,-2.2138943672180176,0.008726538236981413,0.006448530261637643,0.9292725,-0.0050000000000000044,1.0,3.3955768353589177
0.01220209458964586,100,0.14298059,-49.2,3.374262710016578e-05,0.0027499413,0.3806027980863764,2.3014416694641113,-0.1166900215946648,0.7050161453320085,-0.2216874429313581,0.9996355333592635,-3.572221849289638,2.842170943040401e-17,-0.754327182251276,2.25,1000,0.00395221229877558,3.6133785,-2.579028606414795,-0.002400155180366824,-0.019210594517411663,0.29120013,-0.0050000000000000044,1.0,6.6743596464022135
0.011586388480136557,120,0.10805213,-49.6,2.099427375575644e-05,0.004912482,0.3740544237806257,1.9098466634750366,-0.11724864978349583,0.5397969518111451,-0.2216874429313581,0.9995444829277846,-3.335991088709893,2.842170943040401e-17,-0.7527059898058451,2.25,1000,0.004007598086876353,3.625707,-2.6270689964294434,-0.0037386542867029007,-0.006138730885228142,0.12744072,-0.0050000000000000044,1.0,5.422381933739815
0.014132913922423876,140,0.008319021,-49.9,1.737670777921891e-05,0.0047270907,0.38718005629220165,2.439573287963867,-0.11765907700819553,0.7873955390610153,-0.2216874429313581,0.9995350869234519,-3.3516236378790447,2.1316282072803006e-17,-0.6410217380396367,2.25,1000,0.004064259014338203,3.6317697,-2.4005353450775146,0.009927075721505748,0.023491996766533702,0.057737075,-0.0050000000000000044,1.0,3.7156111152631626
0.010820668186383288,160,-0.050575215,-49.9,8.82591642566171e-06,0.0028106652,0.3768457904050625,2.1330983638763428,-0.11766900213319553,0.7714886944321164,-0.2216874429313581,0.9993406066481646,-2.851304570359759,1.4210854715202004e-17,-0.4433831926527897,2.25,1000,0.004066108062260487,3.623928,-2.07517671585083,-0.0003599883107167849,-0.014978257822745946,0.04449318,-0.0050000000000000044,1.0,4.863569120509219
0.015781802758094945,180,-0.04197415,-49.75,1.6728581425569972e-05,0.003706081,0.40634696507061974,2.4479525089263916,-0.1175705633329367,0.7772872960310381,-0.2216874429313581,0.999509124822196,-3.2934774162650164,1.7763568394002505e-17,-0.6292732283095922,2.25,1000,0.0040494373683765,3.6128154,-2.1468992233276367,0.010083408672687144,0.011491357105085627,0.02482078,-0.0050000000000000044,1.0,4.9772914944912525
0.013014186051132881,200,-0.115229785,-49.35,3.5106248491272744e-05,0.004281012,0.3863122063600781,2.4050023555755615,-0.1166328533447569,0.6222713588196195,-0.2216874429313581,0.9996461580786752,-1.785187903375164,0.0,-0.8458758725920598,2.25,1000,0.003959011696663814,3.620493,-2.3922314643859863,0.0051190823147779585,-0.0030264487871318126,0.22443105,-0.0050000000000000044,1.0,5.195877366122131
0.010710284146526139,220,-0.14043522,-48.25,0.00023525619099821224,0.0020198682,0.3830532059138186,2.3581418991088867,-0.11351041177503235,0.6422131377037408,-0.2216874429313581,0.9998379382734477,-1.162194242283765,-2.842170943040401e-17,-0.5920071720811746,2.25,1000,0.003944783714214263,3.616631,-2.4607279300689697,0.015630590326958984,0.03620408494817093,0.2657666,-0.0050000000000000044,1.0,5.887078110595716
0.013921296429815074,240,-0.17416215,-48.25,0.00011080928646291027,0.00659653,0.4110783118575338,2.3671863079071045,-0.11475493487940727,0.6814188835603113,-0.2216874429313581,0.9997928210212246,-1.5442576200209037,-4.263256414560601e-17,-0.6618988561524783,3.375,1000,0.0038205077010577317,3.6051898,-2.094546318054199,0.005657366092629722,0.02652517719689058,0.4340345,-0.0050000000000000044,1.0,4.697029378742678
0.010820213297768494,260,-0.20160249,-49.3,3.285076399462165e-05,0.0015134895,0.3836594613535349,2.3634989261627197,-0.11658157906762906,0.5308787617286982,-0.2216874429313581,0.9996059120333277,-1.8411589780533582,0.0,-0.6508011740802254,3.375,1000,0.003972463903171343,3.5992842,-2.135327100753784,-0.012329311260385223,-0.001606430860585533,0.6714283,-0.0050000000000000044,1.0,4.5436418800291944
0.011886333583631921,280,-0.1904419,-49.45,4.919297972929713e-05,0.0017748413,0.39018310597793826,2.4309499263763428,-0.11671895760951986,0.6978240710145069,-0.2216874429313581,0.9996629475560929,-2.060993871951801,0.0,-0.7001824039008335,3.375,1000,0.003979687888682843,3.597818,-2.3953182697296143,-0.0014379030514194084,-0.0030793440148700027,0.6260908,-0.0050000000000000044,1.0,6.794451470314617
0.01468795222899828,300,-0.19755864,-48.45,8.329072361090393e-05,0.0011902199,0.3946519435130831,2.5466723442077637,-0.11439373539185727,0.6908455974070107,-0.2216874429313581,0.9997571389478795,-1.6523692083752461,-1.4210854715202004e-17,-0.7642270020836289,2.25,1000,0.003856269056269041,3.592149,-2.5218231678009033,0.0016007284408666486,0.02838216986367479,0.61465764,-0.0050000000000000044,1.0,4.342665076072343
0.01351480472056757,320,-0.19408262,-49.1,5.5717540465667793e-05,0.002301667,0.39692481014155123,2.3430426120758057,-0.11620881407425261,0.6759703333623595,-0.2216874429313581,0.9996768265014365,-1.575953305339985,-3.1974423109204506e-17,-0.687374728654952,2.25,1000,0.0039212866663830585,3.6044126,-2.3543503284454346,-0.0025948247613601814,0.006985532787628472,0.56663287,-0.0050000000000000044,1.0,5.014786537735015
0.013979576893044344,340,-0.1949133,-49.5,3.437772175367703e-05,0.004204453,0.39105091250632507,2.058161735534668,-0.1167955386334797,0.6925296250168566,-0.2216874429313581,0.9996709482560024,-2.3755967098935993,-1.4210854715202004e-17,-0.759183411534826,2.25,1000,0.003983458868319502,3.5946107,-2.524066925048828,-0.006575046439568907,-0.012960437228204683,0.56297886,-0.0050000000000000044,1.0,4.810887665953934
0.014316793492885033,360,-0.19666445,-49.9,9.6476158738984e-06,0.0033107956,0.4024317668734163,2.0900073051452637,-0.11761987028936127,0.7003960543385126,-0.2216874429313581,0.9994044352062451,-2.7305299583156453,7.105427357601002e-18,-0.6643192319491821,2.25,1000,0.00405773621923765,3.5982876,-2.2554047107696533,-0.004218205187500089,-0.0028248128783889114,0.5947073,-0.0050000000000000044,1.0,4.314086879022293
0.011313979281120322,380,-0.19781117,-49.5,2.680885229239423e-05,0.0033500989,0.3815346473060116,2.5956361293792725,-0.11684191888311397,0.6718441441327067,-0.2216874429313581,0.9995791072790939,-2.0738399841257436,-1.4210854715202004e-17,-0.801325645814832,2.25,1000,0.0039817813851296445,3.6205719,-2.06467866897583,-0.019556687107954343,-0.02863550093199592,0.62095326,-0.0050000000000000044,1.0,5.431611562011324
0.0127767254383609,400,-0.19713175,-48.7,5.858046264901524e-05,0.0016912017,0.3966374651341783,2.2359001636505127,-0.11573467727324435,0.7104116663306377,-0.2216874429313581,0.9997046402659664,-1.3608191628149955,3.552713678800501e-18,-0.6507863313911965,2.25,1000,0.0038662800212906777,3.603135,-2.511915922164917,-0.009684368970865801,-0.030943884994165272,0.6284253,-0.0050000000000000044,1.0,7.825276554745131
0.01107703036385592,420,-0.19722861,-49.2,4.279840911472131e-05,0.0034396385,0.3755179316138747,2.139139413833618,-0.11661105366968831,0.6874681183924315,-0.2216874429313581,0.9996383463210509,-1.5023599445795524,-1.4210854715202004e-17,-0.6118781128741956,2.25,1000,0.003978166220948535,3.603352,-2.155435085296631,0.0011383524069043663,-0.032424884576001206,0.6406665,-0.0050000000000000044,1.0,6.721982001083026
0.012443971933666743,440,-0.19687988,-47.95,0.00011832441611591499,0.0019795937,0.39535304170129504,2.3656513690948486,-0.11382991281141129,0.7758057348044567,-0.2216874429313581,0.9997744409063349,-1.1643878708606907,-1.4210854715202004e-17,-0.6250940845241499,2.25,1000,0.0037942139759439037,3.6042771,-2.259345769882202,0.013125372861892812,5.6915159220807254e-05,0.6479311,-0.0050000000000000044,1.0,4.065694328005308
0.013019084427134392,460,-0.19676091,-48.75,4.901444965947918e-05,0.0043319976,0.42366368684914474,2.351827621459961,-0.11640516112729168,0.685254027547684,-0.2216874429313581,0.9996541483929836,-2.049180772681975,-7.105427357601002e-18,-0.7265684753069794,2.25,1000,0.0038918974874436164,3.58019,-2.275174140930176,-0.004930787297126426,-0.023798523302190004,0.6550249,-0.0050000000000000044,1.0,5.758824876670327
0.013277721303566773,480,-0.19644609,-48.5,9.238060388674856e-05,0.002673221,0.39480524668057015,2.2976934909820557,-0.11501682895997618,0.5869172631699253,-0.2216874429313581,0.9997657779446946,-2.2517654649557435,-1.4210854715202004e-17,-0.6227179404205164,2.25,1000,0.0038275887150513704,3.5920906,-2.3599929809570312,0.0025257153266496093,-0.008069341796450316,0.6590531,-0.0050000000000000044,1.0,5.422481487262918
0.015668619705724095,500,-0.1963594,-48.55,0.00012600397633498228,0.0014965272,0.42277690475087387,2.354795455932617,-0.11464029373065893,0.7285556414884902,-0.2216874429313581,0.9997805594903293,-1.3638056632250304,7.105427357601002e-18,-0.7935886253641693,1.5,1000,0.003862433960275258,3.5788946,-2.464355230331421,-0.0017003912222442205,-0.019851248733815736,0.664564,-0.0050000000000000044,1.0,5.919201183998077
0.012458428963876852,520,-0.1958958,-46.85,0.000359502154446863,0.0060700113,0.3907782445849587,2.185520648956299,-0.10921854659845545,0.6619176385920491,-0.2216874429313581,0.9998394781599146,-1.1535889324404687,-1.4210854715202004e-17,-0.5999888806956203,2.25,1000,0.003892889615915328,3.5683084,-2.3219382762908936,0.00028074718585660666,-0.04274017050326802,0.66618764,0.0,1.0,3.8206289048450732
0.011597365521693962,540,-0.17537218,-48.65,6.301743261884827e-05,0.003085282,0.39442982509457736,3.5617573261260986,-0.1158158344494708,0.6913010539646478,-0.2216874429313581,0.9997079391657704,-1.9809417592118994,1.4210854715202004e-17,-0.5819789555943358,2.25,1000,0.003864969952759794,3.5672345,-2.420525550842285,0.00138314070392206,-0.02687129069585353,0.6117321,-0.0050000000000000044,1.0,5.564292097987907
0.013097872880987987,560,-0.19589849,-48.05,7.488875740854573e-05,0.0014883921,0.3943073802170447,2.102656602859497,-0.11500076344622764,0.6558950174145386,-0.2216874429313581,0.999744955544362,-1.6763078969493173,-4.618527782440651e-17,-0.6703014902021446,1.5,1000,0.0037398103176398928,3.553727,-2.053668975830078,-0.001520698214623291,-0.05133645610429812,0.6856288,-0.0050000000000000044,1.0,4.379622233144883
0.015712867177855104,580,-0.19570118,-47.3,8.66087128380689e-05,0.006233499,0.41458984920052966,2.377561092376709,-0.11207317849475262,0.6645316367352573,-0.2216874429313581,0.9997621345052787,-1.9137521511572235,2.842170943040401e-17,-0.7888414107703219,2.25,1000,0.0036345317392924067,3.5495524,-2.3726537227630615,0.004139644367055504,-0.03896056183672045,0.68184614,-0.0050000000000000044,1.0,4.33530213686088
0.012186091359421846,600,-0.19575481,-48.35,0.00012611069388555868,0.0051979492,0.3713344017657202,2.0147178173065186,-0.11358672681966572,0.592030622156552,-0.2216874429313581,0.9997930542915658,-1.2368540841867999,-2.842170943040401e-17,-0.8086565302352053,2.25,1000,0.003962885029403372,3.558843,-2.271084785461426,-0.00768450452958569,-0.059375304536893964,0.6807667,0.0,1.0,4.6627210341222485
0.011169669322033006,620,-0.19563298,-47.65,0.00018850506279759346,0.0018132641,0.3950910411197993,2.3755979537963867,-0.11357957057102439,0.634075005061261,-0.2216874429313581,0.9998189541478735,-1.2210254520871398,0.0,-0.6623899963277513,2.25,1000,0.0038169282056147507,3.550539,-2.17592191696167,0.0008219936492278269,-0.030212294773198665,0.6816093,-0.0050000000000000044,1.0,5.112541861776892
0.01090315065925161,640,-0.19540088,-45.85,0.0001574336649907905,0.001558929,0.39001474711080797,2.182377815246582,-0.10870485029128049,0.6439185797697512,-0.2216874429313581,0.999820246189559,-1.265898603351129,-4.263256414560601e-17,-0.609740853628049,2.25,1000,0.0035261605705100836,3.553197,-2.149489164352417,0.0036384210544743406,-0.013004833380458877,0.6823092,-0.0050000000000000044,1.0,4.167922078770224
0.013454023498279904,660,-0.19532737,-47.4,0.00011776289594982207,0.0025498162,0.4148452359279447,2.5912160873413086,-0.11421555987052884,0.6782743000314075,-0.2216874429313581,0.9997612257835883,-1.5393532138918886,-1.4210854715202004e-17,-0.685144041492687,2.25,1000,0.0037521035313027576,3.5459418,-2.3193109035491943,-0.004803624302239288,-0.0358970043156296,0.68447053,0.0,1.0,4.653942493790458
0.011526027509648873,680,-0.19514364,-45.25,0.0003250204857014441,0.001834264,0.38549539447823084,2.8302786350250244,-0.1061312745391575,0.5814135299508632,-0.2216874429313581,0.9998489350440295,-1.6356180997596637,-2.842170943040401e-17,-0.5935349879601222,2.25,1000,0.0035627154231140795,3.556105,-2.170337438583374,-0.005299690227067721,-0.06188669375539757,0.68521446,0.0,1.0,4.116475947546693
0.01302756224684531,700,-0.19501415,-48.55,0.0002096821836988301,0.0018654439,0.39657643950422916,1.9615038633346558,-0.11534900738102141,0.5629191085732184,-0.2216874429313581,0.9997100436246963,-1.624957791313588,-2.842170943040401e-17,-0.7103941900542299,2.25,1000,0.003817370916243004,3.5574036,-2.744741439819336,-0.01544708731001525,-0.04591457575582899,0.6862277,-0.0050000000000000044,1.0,4.089636724821901
0.014749101567824791,720,-0.1949044,-45.85,0.00019895179921350614,0.002813436,0.4343125266155329,2.25657320022583,-0.10889682575304876,0.7347259671733902,-0.2216874429313581,0.9998387150079596,-1.5546886263695918,0.0,-0.658690070347147,2.25,1000,0.0035150215500253704,3.553713,-2.8155975341796875,-0.012137406550966448,-0.051334002586081624,0.68743896,0.0,1.0,3.5722274430950764
0.015217896365629343,740,-0.19467208,-47.4,8.02788609202704e-05,0.0029976228,0.41384215092860166,2.720419406890869,-0.11429062277145195,0.7592292968411841,-0.2216874429313581,0.9997533854431396,-1.9880976494020255,-2.842170943040401e-17,-0.7063027200723352,2.25,1000,0.0037094101898496106,3.5581675,-2.328625202178955,-0.01874418497943653,-0.0703374545504339,0.6874731,-0.0050000000000000044,1.0,3.907683538068908
0.013044102945325377,760,-0.19455372,-47.4,7.736627359607843e-05,0.0024447185,0.40908789024548675,2.592231512069702,-0.11384641697170406,0.7080292328701492,-0.2216874429313581,0.9997382022153791,-2.033735867254173,1.4210854715202004e-17,-0.7025510786307299,2.25,1000,0.00364800269074185,3.5634344,-2.3032984733581543,-0.0064339457597377995,-0.04436088932887651,0.6884562,-0.0050000000000000044,1.0,4.7767961219287525
0.013220653074875108,780,-0.19440137,-45.35,0.000246347644207173,0.0019657577,0.4110933592774266,2.138620615005493,-0.1088098896783408,0.5845666193746429,-0.2216874429313581,0.9998430545858764,-1.3144963866129518,1.1368683772161603e-16,-0.649920479346798,2.25,1000,0.00354129019655393,3.5342917,-2.541895866394043,-0.006680043875816417,-0.023444518597912974,0.6891108,0.0,1.0,5.402625419145896
0.010711810986675759,800,-0.17668188,-47.35,0.0002073968879404697,0.0025954046,0.4070950889055778,2.036386251449585,-0.11235574886020683,0.636560166735827,-0.2216874429313581,0.9998397821854936,-2.693647906654757,-2.842170943040401e-17,-0.6047438496696613,2.25,1000,0.0037037605191545036,3.5129485,-2.485138177871704,-0.006030441703890605,-0.06622011438990012,0.63564414,-0.0050000000000000044,1.0,3.269109528642751
0.01119212367904992,820,-0.19415785,-46.15,0.00029121515617319243,0.0025917706,0.3713572987619035,1.9560232162475586,-0.1106014766582717,0.4587454897450092,-0.2216874429313581,0.9998481851978297,-1.305005868366823,4.9737991503207014e-17,-0.6436978284738695,2.25,1000,0.003735145427378116,3.5032058,-2.3938307762145996,-0.018202909605859973,-0.05214497437921818,0.6994115,-0.0048762437656093794,1.0,5.45023089949299
0.013922701818074269,840,-0.18926577,-45.8,0.00019277545559155364,0.0015934918,0.39714987565012744,2.273066997528076,-0.10994848771584612,0.6843162040227887,-0.2216874429313581,0.9998268058373767,-1.5691046721262971,2.842170943040401e-17,-0.6397664743573706,2.25,1000,0.0035348401127801264,3.4875085,-2.3150672912597656,-0.000971990183313348,-0.03824915980256628,0.68108755,0.0,1.0,3.8915582360384713
0.012217216515179768,860,-0.19392882,-44.4,0.00031158236010769824,0.0029266628,0.39454160005513295,2.09769868850708,-0.10799937083218951,0.634428806174906,-0.2216874429313581,0.9998718091533344,-1.1513132727981317,1.4210854715202004e-17,-0.5622337857881662,2.25,1000,0.0035451889046913807,3.4683385,-2.364393711090088,0.01398455225899686,-0.034811272980179636,0.6933744,0.0,1.0,5.018479108080584
0.012023373273211688,880,-0.19379836,-45.95,0.00022068000737899854,0.003741847,0.3775026411378043,2.0192463397979736,-0.1113149214991254,0.5103126931088504,-0.2216874429313581,0.9998267479582391,-3.0593827841320627,-1.2434497875801754e-17,-0.5682265632160216,2.25,1000,0.003520701665086792,3.4843516,-2.3345444202423096,0.0014497581336409735,-0.048678995721624235,0.6915502,-0.0050000000000000044,1.0,5.17522862574231
0.011165905377308227,900,-0.19368616,-43.95,0.0005854777747777634,0.0036356654,0.3734628412452995,2.2639808654785156,-0.1040761366298111,0.71354489679894,-0.2216874429313581,0.9998934719413513,-1.7421983528304423,-4.263256414560601e-17,-0.5635400007093363,2.25,1000,0.0036636311554456577,3.4972348,-2.407759666442871,0.0012186775050987383,-0.0556379446957726,0.69065297,0.0,1.0,4.326426890749854
0.01024217950511569,920,-0.19351539,-43.15,0.00037120799997438094,0.003714408,0.3788759660845726,1.9833242893218994,-0.10403484660607537,0.43966790016809554,-0.2216874429313581,0.9998877450951904,-1.8596746988275337,-2.842170943040401e-17,-0.584585667550703,2.25,1000,0.0033013482831083215,3.4929056,-2.2753937244415283,-0.010735782298042259,-0.05536628377949819,0.6900502,0.0,1.0,2.808488883074363
0.01329710614031147,940,-0.19095825,-45.85,0.000214813596640343,0.0026692746,0.397746435982378,2.449460506439209,-0.11192510605602803,0.5569861499209431,-0.2216874429313581,0.9998567658987135,-1.8726561686115424,5.684341886080802e-17,-0.5634218031313665,2.25,1000,0.003512510337083622,3.4793525,-2.3638200759887695,0.013790405582455877,-0.025601720381935592,0.6824094,-0.0050000000000000044,1.0,4.239607162867447
0.011946552711452504,960,-0.1932527,-43.15,0.0005219081717100656,0.0014225998,0.3742328427159849,1.9732714891433716,-0.1057093863560853,0.6649240347008523,-0.2216874429313581,0.9998947505636664,-1.2053424209750343,-7.105427357601002e-18,-0.5602956769671749,1.5,1000,0.0035756240095895305,3.4519756,-2.3383781909942627,0.003768751254338333,-0.04350874794088304,0.69105214,-0.004900747503125005,1.0,5.441605920923657
0.014509305594208438,980,-0.19310568,-45.05,0.0002047036131358227,0.0048459335,0.40184486132965236,2.389956474304199,-0.10841391038945293,0.681505454326223,-0.2216874429313581,0.9998462120472215,-2.039205167782373,7.105427357601002e-18,-0.6450141895653485,1.5,1000,0.003479306409655204,3.4376137,-2.157726287841797,-0.004951132977798878,-0.03408687020442448,0.69026935,0.0,1.0,3.835662225535279
0.015598008440015996,1000,-0.1929404,-45.05,0.00035550917101947457,0.0050823893,0.40303587994092305,2.259617567062378,-0.1100677707884965,0.6694431052645017,-0.2216874429313581,0.9998698846105348,-1.4376211411580184,0.0,-0.6626858346529548,1.5,1000,0.00367121032938977,3.4544525,-2.109981060028076,0.01561448139681982,-0.01492332207574509,0.6892693,0.0,1.0,5.86686302452374
0.012106763599514198,1020,-0.19286597,-42.8,0.0003421552495807232,0.0037711272,0.3893008980624709,2.1502912044525146,-0.10569303912590788,0.5763728843665411,-0.2216874429313581,0.9998820637017309,-1.3393930267486784,-2.842170943040401e-17,-0.5858614704196389,1.5,1000,0.0032655012917226314,3.4568515,-2.507688283920288,-0.013946281110700818,-0.10537444871524348,0.6892892,0.0,1.0,4.69826345829728
0.010250605422575559,1040,-0.19269958,-42.45,0.0002484650680399896,0.0066285133,0.38293047490984095,2.153318166732788,-0.10310442456361096,0.6926316587037267,-0.2216874429313581,0.999849088760453,-2.1836722254647656,2.842170943040401e-17,-0.4460811544290817,2.25,1000,0.0030349658407137297,3.458562,-2.4879653453826904,0.002142795927262521,-0.05256924801506102,0.6887856,0.0,1.0,3.212816283410143
0.014316080539388898,1060,-0.1905815,-46.0,0.00034337934031057615,0.003325202,0.41432315073537423,2.0104594230651855,-0.11044831169560061,0.6068812415286003,-0.2216874429313581,0.9998851314131759,-1.7778826483632564,-2.1316282072803006e-17,-0.5901703573697268,2.25,1000,0.003671900512550151,3.4420862,-2.456092119216919,0.0027622486096785335,-0.059187595797819084,0.6826021,-0.0050000000000000044,1.0,3.7573014254976917
0.013018831591673522,1080,-0.19245312,-44.35,0.000280317333883823,0.0016321561,0.4026089922958948,2.4250121116638184,-0.10812611801303702,0.6679904736260737,-0.2216874429313581,0.9998533448537421,-1.5405002958979512,0.0,-0.5999855354607885,2.25,1000,0.0033388099013658963,3.4160933,-2.367957830429077,0.01107969116471247,-0.025715976252919062,0.68926084,-0.0050000000000000044,1.0,4.336720748752453
0.011973671965161234,1100,-0.18752937,-41.6,0.0005300603301335784,0.0024201337,0.3941881685778984,2.0054454803466797,-0.10292104867116618,0.4928653216528612,-0.2216874429313581,0.9998967807220939,-1.7231806785162607,1.4210854715202004e-17,-0.4706074383643289,2.25,1000,0.0032379757923158047,3.4000201,-2.46052622795105,-0.000731394488137999,-0.044957035866566006,0.6739232,0.0,1.0,4.430109937523448
0.012187564627902337,1120,-0.19218744,-41.3,0.00028418888281597234,0.006799049,0.3965627470576065,2.355774402618408,-0.10305554705506316,0.5767359178993162,-0.2216874429313581,0.9998644778820769,-1.6078898293265498,5.684341886080802e-17,-0.512175959719823,3.375,1000,0.002891883037929329,3.3912349,-2.3220601081848145,0.016940082381286314,-0.033586895939195525,0.68985146,0.0,1.0,5.143429149444404
0.011925533700806628,1140,-0.19204643,-43.4,0.00048329402012613725,0.001997159,0.3884418620017058,2.2963979244232178,-0.1049228816949383,0.4549240090779598,-0.2216874429313581,0.9998914067589185,-2.359966978740928,-3.552713678800501e-17,-0.5591773043442047,3.375,1000,0.0036146463133304428,3.374014,-2.5502936840057373,0.0022792735474349546,-0.03576838198234327,0.6883849,0.0,1.0,3.796418725849684
0.011812810424962088,1160,-0.19193146,-39.05,0.00067144647335543,0.001687167,0.40352447927656776,1.913860559463501,-0.0949097868179044,0.5739167539988675,-0.2216874429313581,0.9999019977172208,-1.5722529090978428,-1.4210854715202004e-17,-0.3773073935759085,3.375,1000,0.0031231233164878214,3.3540874,-2.262371063232422,0.0006812907332766086,-0.056122520818607885,0.6870795,0.0,1.0,3.4932774354392686
0.011272600913255465,1180,-0.1917916,-40.2,0.000671648784792451,0.0013617082,0.36534566959039866,2.737762928009033,-0.0971235352131512,0.6154748866124294,-0.2216874429313581,0.9999025749535837,-2.184741891097334,7.105427357601002e-18,-0.3780165767219235,2.25,1000,0.003571907735363899,3.3400834,-2.4163525104522705,0.0190959172066178,0.0023776286506908945,0.6862262,0.0,1.0,4.712356498932034
0.01006779658840963,1200,-0.18649083,-43.2,0.000392040200817386,0.0035873377,0.38233483680520236,2.4259138107299805,-0.105359120916165,0.5900019670559113,-0.21777632455412874,0.9999029116329556,-2.2528523259679623,-1.4210854715202004e-17,-0.4572469472468942,2.25,1000,0.003303327092223922,3.328379,-2.360450267791748,0.005020784448190496,-0.03289703176170587,0.6702181,0.0,1.0,2.94953555551472
0.013154254901778394,1220,-0.19153583,-38.6,0.0008377174149766153,0.0021870832,0.39259714485351915,2.131274461746216,-0.09384661357775152,0.6195180753563564,-0.2216874429313581,0.9999122499731125,-1.4342473758943493,8.526512829121202e-17,-0.49821187906204223,2.25,1000,0.003213983502008239,3.3055434,-2.767124891281128,-0.005497393607740431,-0.06074280945095233,0.6879849,0.0,1.0,3.509941984453833
0.011589930154617576,1240,-0.19140871,-37.4,0.00045204142497849454,0.003448348,0.37527896640915054,2.234853744506836,-0.09262829192583757,0.5805043593726654,-0.2216874429313581,0.9998972308043534,-2.5086342162162034,1.4210854715202004e-17,-0.4853402509221624,2.25,1000,0.002564091433210737,3.2960756,-2.4160356521606445,0.0036942049970081674,-0.014081804345129057,0.6862871,-0.0050000000000000044,1.0,3.128951949068815
0.01317995364761769,1260,-0.19089562,-40.25,0.0007147395215486888,0.0029480883,0.40174861943467155,2.1936275959014893,-0.10016861762835406,0.6279552195840641,-0.21314780772027292,0.9999026138942484,-2.0909502941127105,-3.552713678800501e-17,-0.39863575151534186,2.25,1000,0.0031564150713691863,3.2860794,-2.624945640563965,0.003912144619609009,-0.006834380261949264,0.68359256,0.0,1.0,3.631898973749219
0.012132304697380704,1280,-0.19113712,-42.1,0.0005756749642121723,0.004694957,0.3999541272423938,2.6405017375946045,-0.1010365243803578,0.539075278795196,-0.2216874429313581,0.9998959058748762,-1.9009304664305147,-2.842170943040401e-17,-0.505494180824107,2.25,1000,0.00349457315134389,3.28284,-2.570242166519165,0.004928943124047659,-0.03374652601405978,0.6839562,0.0,1.0,3.73583714252171
0.016298272412929183,1300,-0.19100207,-44.05,0.0003425120512690866,0.0018505268,0.4134262806947092,2.0837225914001465,-0.10815645778430431,0.6382940120355745,-0.2216874429313581,0.9998671817782625,-2.5688003394868564,0.0,-0.5011522194070905,2.25,1000,0.003185768566175179,3.301766,-2.6761460304260254,0.020181236339194965,-0.015508596703410149,0.6834772,-0.0050000000000000044,1.0,3.9143403565304586
0.01023966092183134,1320,-0.19091474,-40.15,0.0005443730666299856,0.002246411,0.37296692406613385,2.5373423099517822,-0.10093743020175108,0.584486894410813,-0.2216874429313581,0.9998994029756066,-1.7973920866462834,-5.684341886080802e-17,-0.36951268771870466,2.25,1000,0.0031997219406861037,3.3076172,-2.5838112831115723,0.005478368482860583,-0.04132988244993612,0.68299955,-0.004975000000000005,1.0,4.698385149492197
0.011513917786887625,1340,-0.17998168,-40.35,0.0005606942243026193,0.0034279614,0.3894410657714169,2.8726115226745605,-0.10038362529054506,0.5805432553270553,-0.2216874429313581,0.9999031361606776,-1.6857604147539544,0.0,-0.4445680161056136,2.25,1000,0.003388300701228707,3.3137646,-2.6303486824035645,-0.0049921947794861875,-0.03904786958778277,0.64928836,0.0,1.0,4.025211569037685
0.010774484060075628,1360,-0.1906463,-41.0,0.00039322351266422775,0.0018305278,0.41172170919918516,2.519605875015259,-0.10245132346510652,0.6452074271986109,-0.2216874429313581,0.9998917855072945,-2.478741235635525,1.4210854715202004e-17,-0.4720835927578152,2.25,1000,0.0030531369559136327,3.300844,-2.4792823791503906,0.0009094415783061913,-0.029049924280378035,0.68615067,0.0,1.0,4.213119064834959
0.012475131486895778,1380,-0.19052418,-40.25,0.0006357473709097815,0.003066275,0.4054954780707851,2.6861000061035156,-0.09738990511127535,0.5721236755968242,-0.2216874429313581,0.9999074530939611,-1.9683521845582694,-2.842170943040401e-17,-0.4795438760932129,2.25,1000,0.003362029304282333,3.307438,-2.8381998538970947,0.0035899661178937373,-0.024714324321597814,0.68389356,0.0,1.0,3.7359823906888394
0.01241182800456623,1400,-0.19039969,-42.1,0.0006079568233293216,0.003753278,0.41369907302398046,2.4423680305480957,-0.1040833945669176,0.490564848259454,-0.2216874429313581,0.999908939424746,-1.882561476750753,-5.684341886080802e-17,-0.4569857902792723,2.25,1000,0.0032037171603062895,3.3150473,-2.7179152965545654,-0.003669427982858421,-0.017311920794192703,0.6810308,0.0,1.0,2.9670742308769738
0.011985640680602126,1420,-0.18948151,-39.7,0.0007816871644701249,0.0037307574,0.44375510809897367,2.459041118621826,-0.09847641419162352,0.5772022599635858,-0.2216874429313581,0.9999153532036607,-1.7658175002212777,5.684341886080802e-17,-0.41104306740071545,2.25,1000,0.0032512642463109827,3.318539,-2.7424893379211426,0.01796822524088851,-0.003294057325576432,0.67741,0.0,1.0,4.653641514142269
0.011385003240015954,1440,-0.1777599,-40.15,0.000787138865950111,0.0034876468,0.39833538940294677,2.3067426681518555,-0.09798899834281918,0.5834220164731976,-0.2216874429313581,0.9999168054944123,-1.6547919230676484,0.0,-0.34078736646557034,2.25,1000,0.0033356433512701012,3.31339,-2.1408870220184326,0.00019252866942264036,-0.013933076205750695,0.6421499,0.0,1.0,4.510733155379949
0.012933573328736282,1460,-0.19003762,-35.05,0.0010306804006864104,0.0034360678,0.44048056310757705,2.3713886737823486,-0.08243795036768861,0.6553674710660323,-0.2216874429313581,0.9999242371317696,-1.8740480638513664,7.105427357601002e-18,-0.4142976653961953,2.25,1000,0.0033719612459740056,3.2991462,-2.391068935394287,-0.0021788656027168867,-0.0583362368142698,0.68444985,0.0,1.0,3.1659434703141787
0.010458918090304409,1480,-0.18271899,-36.8,0.0009202004772587229,0.0041198386,0.3848340730169387,2.763636827468872,-0.09214324808612878,0.48928368853398513,-0.21227074168195223,0.9999227741688057,-2.4282420331015357,-2.842170943040401e-17,-0.39023803218414593,2.25,1000,0.0028839885472121437,3.2939088,-2.393803119659424,-0.0035586667017587638,-0.00855980553867994,0.6590787,0.0,1.0,3.575750520854563
0.009244932564092508,1500,-0.18979385,-35.2,0.001163589500638401,0.002106422,0.39622029065573067,2.305896282196045,-0.08321586762374446,0.4913268802345945,-0.2126861163445444,0.9999237243182888,-2.112258365080817,-4.263256414560601e-17,-0.2985955160494244,2.25,1000,0.0029964939657799857,3.2668753,-2.3518149852752686,-0.006322563757231991,-0.04075957361841574,0.68133754,0.0,1.0,2.6802845725414195
0.010083562900433883,1520,-0.18766166,-33.95,0.0007132293882923705,0.004414282,0.3929058655496066,2.355623722076416,-0.0822868415701899,0.542457059341269,-0.20784336012562346,0.9999171183253925,-2.1001375720857296,-2.842170943040401e-17,-0.3354671681899635,2.25,1000,0.002662853320663962,3.2410116,-2.1818034648895264,-0.0016911044937633183,0.007187013823771849,0.67250645,0.0,1.0,3.0834667749957383
0.011256744184830135,1540,-0.18313877,-35.05,0.0008864148757899595,0.0031447872,0.40822033118029644,1.9488582611083984,-0.08463414998812073,0.528607391339735,-0.2216874429313581,0.9999161908535291,-2.3783426469247626,-3.552713678800501e-17,-0.41771262949710986,2.25,1000,0.003109242061238481,3.2425609,-2.7008204460144043,0.0015609757361722992,-0.04193927416088991,0.6579348,0.0,1.0,3.216750405178534
0.00953025622098082,1560,-0.18939635,-33.6,0.0007704522741756349,0.0042181304,0.41166493282621963,2.5764875411987305,-0.08070203616131812,0.5434190860858069,-0.2216874429313581,0.9999140576929207,-2.3144151036590013,-7.105427357601002e-18,-0.328619684899913,2.25,1000,0.0031379007739680566,3.255103,-2.5657260417938232,-0.011829120731673583,-0.027076665288885124,0.6784011,0.0,1.0,2.780560090339088
0.011834197352191923,1580,-0.18926615,-31.0,0.0010304815298495481,0.0028304558,0.4281211601097581,2.6162497997283936,-0.07406081590466337,0.4789649026875223,-0.2216874429313581,0.9999254673266633,-2.2622849969446586,-1.4210854715202004e-17,-0.30086508769817333,2.25,1000,0.0033061489409471775,3.243969,-2.672057867050171,0.0024833110218825485,-0.038660262786375826,0.67580235,0.0,1.0,2.369734750138635
0.009482899920973517,1600,-0.18757772,-30.6,0.000720885985870747,0.0030534954,0.4033985254482589,2.8338050842285156,-0.07261472366762192,0.577081741945527,-0.212341718869882,0.999915440250193,-2.449575227887163,-1.0658141036401503e-17,-0.40791326605784634,2.25,1000,0.0031410686808633777,3.2295158,-2.1785666942596436,-0.011145807988798545,-0.0646519581564935,0.66940284,0.0,1.0,3.132346939782707
0.01107421125499056,1620,-0.18903574,-31.9,0.0009895731366159238,0.0033321625,0.42154117396713153,2.2564969062805176,-0.07468198102533498,0.33961615240541504,-0.21775667069293664,0.9999214554353607,-2.8897177335709388,-8.526512829121202e-17,-0.320110799751208,2.25,1000,0.003081053339179677,3.2189116,-2.1877455711364746,0.0057058972769458115,-0.005271485759061762,0.67356306,0.0,1.0,2.7262207111786876
0.009790206281520454,1640,-0.18652865,-32.35,0.0007197994619194052,0.004500531,0.39828831305420753,2.5241026878356934,-0.07662175585883006,0.5083271747070263,-0.2216874429313581,0.9999108843455652,-2.4548710815212376,-5.684341886080802e-17,-0.3246169909833205,2.25,1000,0.0027591462706819,3.218114,-2.3557658195495605,-0.004383517850841867,-0.01851148360944353,0.66560984,0.0,1.0,3.404946264991205
0.009109399839235394,1660,-0.18878843,-34.6,0.0009082851330181276,0.0038104882,0.39564945358938286,2.108309745788574,-0.08611637583209149,0.4406763136598501,-0.2216874429313581,0.9999261325817637,-1.9418227952985765,-6.394884621840901e-17,-0.357994008786125,2.25,1000,0.0029134214521563426,3.217183,-2.8736891746520996,0.0035156085045790677,0.005119277131045237,0.6725826,0.0,1.0,2.764120681157008
0.010300677244611858,1680,-0.18147983,-26.5,0.001418162771897626,0.004061175,0.40703956658601603,2.447786331176758,-0.06228752233853089,0.4888666128446367,-0.19279326962292612,0.9999315639638106,-2.5343048110717974,-8.526512829121202e-17,-0.2843521126722954,2.25,1000,0.002716593677440931,3.2129743,-2.3090527057647705,-0.0018999340054853648,0.030072173750493675,0.6503473,0.0,1.0,2.5358334302534513
0.009108280897091458,1700,-0.18853417,-29.05,0.0010381588541217605,0.004253302,0.38584214223951424,2.54984450340271,-0.07077244072539247,0.444586700881391,-0.19802798398920332,0.9999274183770438,-2.1038717940492115,-2.842170943040401e-17,-0.3300146845751655,2.25,1000,0.0025422043204273736,3.2180936,-2.606001138687134,0.013511459816961528,0.050437880934681746,0.67346174,0.0,1.0,2.279426168618114
0.009744891897250167,1720,-0.18163729,-30.9,0.0009345564916352189,0.0024621198,0.409515334573563,2.731055736541748,-0.07523959595322655,0.38303704078478457,-0.2070585891158424,0.9999251363506996,-2.6737923064718863,3.552713678800501e-17,-0.31882703157056635,2.25,1000,0.0028373632634183642,3.2295609,-2.188795328140259,-0.0031894307941680304,-0.014935922710341401,0.65108085,0.0,1.0,2.330395166093871
0.009389192326421636,1740,-0.1851017,-25.3,0.0008973537906563361,0.004152769,0.39892157766938496,2.6697328090667725,-0.05776902620979253,0.32883718403795464,-0.19130595343242926,0.9999238452628617,-2.964438316339932,2.842170943040401e-17,-0.27019593602729514,2.25,1000,0.0022052545495685762,3.2175817,-2.1763486862182617,-0.00506188478298489,0.024777306074509398,0.6624603,0.0,1.0,2.610805881680336
0.009524018459022201,1760,-0.18779217,-24.3,0.0006794502620274346,0.0032975413,0.3982799926205517,2.408658027648926,-0.05755366336784972,0.3643174478060871,-0.18834827500571674,0.9999088800678629,-2.327991121384845,-5.684341886080802e-17,-0.30020636346254825,2.25,1000,0.002295898204756695,3.2019095,-2.3306937217712402,0.010910578715349105,-0.03418618218868505,0.67011267,0.0,1.0,2.7136089338817895
0.009135105954347144,1780,-0.18046959,-27.85,0.0005761229821821551,0.005656876,0.40714664413871204,2.298816442489624,-0.06655512398044956,0.35133587514780823,-0.2027823427367674,0.9999118600216645,-2.558256169851299,1.4210854715202004e-17,-0.3038714272331871,2.25,1000,0.002322900323719283,3.1909385,-2.9121551513671875,-0.021436443667950653,-0.017010311395395546,0.64627254,0.0,1.0,3.137856639011427
0.010047124448855764,1800,-0.1867495,-24.55,0.0007466318359135269,0.0053882785,0.42106471687271074,2.44464111328125,-0.0570229711168103,0.322735739224221,-0.18956597524239963,0.9999107892495691,-3.0570942328194097,7.105427357601002e-18,-0.3100522369826126,2.25,1000,0.0022676060586451223,3.164421,-2.6336069107055664,0.002032759461958242,-0.018828869345714337,0.66685283,0.0,1.0,2.1704918046804416
0.008924482452649752,1820,-0.1874219,-21.65,0.0006236561823880301,0.0036782732,0.3790695710822134,2.2633965015411377,-0.05001396582027585,0.3707694497190821,-0.16735469031373956,0.9999105825445287,-2.909335409289782,3.552713678800501e-18,-0.2417305824089475,2.25,1000,0.0016781354563007332,3.1426272,-1.9355030059814453,0.008662985639383348,0.04465549431880936,0.66705114,0.0,1.0,2.8800305611750687
0.009555032050498834,1840,-0.18770176,-17.05,0.000531938763968798,0.006779266,0.3830575070593717,2.7159359455108643,-0.03441555663764555,0.31635360461002876,-0.14772262808126738,0.9999042192048487,-3.121006789509994,-8.881784197001253e-18,-0.3079288597119285,3.375,1000,0.0011328169453345281,3.1244264,-2.460662841796875,-0.0050994113145077236,0.014655407091719098,0.66583586,0.0,1.0,2.605431743262695
0.007818714219878429,1860,-0.17959261,-13.9,0.00051893939175232,0.0021665976,0.3689969348108082,2.0006103515625,-0.026646005304768596,0.3153526905703688,-0.15599254493253517,0.9999029387134927,-3.923414087536413,0.0,-0.2807014160700032,3.375,1000,0.0009391861944040759,3.1199222,-2.219280242919922,-0.011774510146341016,-0.050329256740864366,0.64111066,0.0,1.0,2.325681875952006
0.008534590597396561,1880,-0.18546265,-16.1,0.000348445103453579,0.0027561714,0.3776266796697117,2.57655668258667,-0.03272548886157297,0.3130866889623778,-0.11972646840459876,0.9998864623060513,-3.256152282957134,5.684341886080802e-17,-0.2659468734561015,3.375,1000,0.0007830256532061499,3.1055343,-2.510960817337036,-0.007027781224519993,0.023558502141502687,0.6610873,0.0,1.0,2.988948385090185
0.007549861417867549,1900,-0.1865258,-12.75,0.0004354322074521733,0.0024854555,0.3747708412433484,2.2128798961639404,-0.02702128988370511,0.3235702684681843,-0.1316071907302567,0.9998855532847348,-2.807215891621068,2.842170943040401e-17,-0.2573577808799192,3.375,1000,0.0008490657141472526,3.0938716,-2.1742987632751465,-4.599535119519947e-05,-0.0009883609339594842,0.6631305,0.0,1.0,2.2335956748230177
0.008645650072685059,1920,-0.18722321,-13.85,0.00044862171300167903,0.002784647,0.39151276009463654,2.999736785888672,-0.029759886646175727,0.3079680627768426,-0.1474239110661657,0.999889793020309,-3.6713292717680783,1.4210854715202004e-17,-0.32319682268128236,3.375,1000,0.0007843772096332865,3.0838706,-2.1226096153259277,0.006189558802518779,0.07049251176108373,0.66288686,0.0,1.0,1.8649303565801834
0.009637808170795058,1940,-0.18550098,-11.85,0.0004058791440786258,0.0038526743,0.38903371450141666,2.3615264892578125,-0.022515286287356426,0.2921477637467493,-0.11078416680130361,0.9998972337641217,-3.6931668069728616,3.552713678800501e-17,-0.31427546084896424,3.375,1000,0.0007580652495472631,3.0705152,-2.4274046421051025,-0.0012285624557655068,0.023604018676618578,0.65673465,0.0,1.0,2.0367385621971605
0.008511897431989846,1960,-0.18698657,-9.05,0.00026310370942600394,0.0032113793,0.37190393356933443,2.6070926189422607,-0.015445729211153053,0.29357427891347276,-0.09627293710379947,0.999847733941036,-4.6177998820469535,-1.4210854715202004e-17,-0.28301190092888384,3.375,1000,0.0003277800599467611,3.0856016,-2.501290798187256,-0.0008765465449649125,-0.021267949993023647,0.66100925,0.0,1.0,2.202342647609256
0.008476058243658982,1980,-0.18606652,-8.75,0.00014942175379213055,0.0026238584,0.39011955072411847,2.3635170459747314,-0.014166162352235275,0.31683097191780324,-0.08457136144778098,0.9998477202273262,-2.8601965505175033,-2.842170943040401e-17,-0.24586346895075034,3.375,1000,0.00025272809468849535,3.068489,-2.0497655868530273,0.006268684050293804,0.0184561206100625,0.6575958,0.0,1.0,2.1958839122503093
0.008475222624595425,2000,-0.18553011,-8.1,9.939022377378595e-05,0.0037920715,0.381383157557183,2.883561849594116,-0.011311764494632537,0.3014553012131394,-0.08652580041825741,0.9997901186584345,-4.946588221092068,2.1316282072803006e-17,-0.26152933736680983,3.375,1000,0.00018313646719943032,3.0436878,-2.1104159355163574,-0.002275925130009652,-0.008961844562320038,0.65556616,0.0,1.0,2.6255707669214776
0.008831580401142434,2020,-0.18421943,-7.9,0.00012411755857688736,0.0031647857,0.3940879806397554,2.536881923675537,-0.013448131969274421,0.31669726810459486,-0.07824562710375274,0.9998040085894745,-4.682565837246032,2.842170943040401e-17,-0.2875735637332099,3.375,1000,0.00022814412239508138,3.012099,-2.702296733856201,0.0016890512482784566,-0.015723806364927442,0.65160894,0.0,1.0,2.0952667970879166
0.01058055945465068,2040,-0.18649013,-6.45,5.387074198635348e-05,0.0034170074,0.39906258091489627,2.2048017978668213,-0.010285362274168368,0.31542947175305297,-0.060189332606176905,0.999697818149881,-5.105854259484624,0.0,-0.30987047825161507,3.375,1000,9.059282394936272e-05,2.9853246,-2.5197935104370117,0.00838071156976756,-0.009548250911117065,0.65851575,0.0,1.0,2.230339029117476
0.008834838979343593,2060,-0.18597668,-6.1,9.188321796966073e-05,0.002851255,0.38202103737166,2.468144178390503,-0.008840460870546112,0.33106323085176526,-0.05796225352840354,0.9997589085399632,-3.9422696837441285,0.0,-0.2790587322099741,3.375,1000,0.00010960930836725641,2.9652898,-2.5117194652557373,0.014098073170330646,0.05564706327335443,0.6559634,0.0,1.0,2.363394634037188
0.007506182614407344,2080,-0.18464921,-5.45,7.051714544461508e-05,0.0031188356,0.4041222559884197,2.731945514678955,-0.00786361372976185,0.26393728049274373,-0.05251179400864851,0.9997141545200456,-4.4064331276586115,-1.4210854715202004e-17,-0.2932013792105032,3.375,1000,0.00010512515484534828,2.9414282,-2.88865327835083,0.004914744052688673,0.011815994709730148,0.65129787,0.0,1.0,1.9773386327365912
0.009730585666533622,2100,-0.18493451,-5.8,6.538101692742213e-05,0.0035059962,0.41376486009791624,2.716244697570801,-0.006443709264973414,0.3210982714066336,-0.06473855062352935,0.9997433861011384,-4.52989810835701,-2.842170943040401e-17,-0.28608557517578403,3.375,1000,8.533028028788113e-05,2.9204965,-2.6653401851654053,0.01948473660735227,0.01712236142763868,0.65222365,0.0,1.0,2.2583098106473174
0.007868771632801143,2120,-0.1856103,-4.3,9.026764230589224e-05,0.0021578658,0.37408582895196457,2.8247885704040527,-0.0061345678361583705,0.31313316856792767,-0.049779653011009395,0.9997456362579658,-3.2927800180864626,5.684341886080802e-17,-0.2727074688244316,3.375,1000,9.843919376071492e-05,2.8914332,-2.3391265869140625,0.0017341513086863358,0.010740515619865618,0.65384924,0.0,1.0,2.1310283426918155
0.009009429940418893,2140,-0.1834869,-4.65,3.884799088215173e-05,0.0034631642,0.4023887843477473,2.3667500019073486,-0.005023008116115362,0.3030862214042158,-0.040233143316622304,0.9996491746441547,-4.132962210476576,1.4210854715202004e-17,-0.2843775918523725,3.375,1000,4.377946175047835e-05,2.8723066,-2.58009934425354,0.007759177363201699,0.048488343659439125,0.646765,0.0,1.0,2.586528237507886
0.009373261303533772,2160,-0.18097518,-3.4,2.5162656201856376e-05,0.0029064887,0.40536243138223604,2.2380549907684326,-0.0023739256567245075,0.2876020040376602,-0.03251026910081343,0.9995629843541247,-5.603851571364842,-6.394884621840901e-17,-0.30710015035216587,3.375,1000,2.1544051485268613e-05,2.858138,-2.87213397026062,-0.007231040692984438,0.008682922111242079,0.6398723,0.0,1.0,1.9910106630650657
0.008573509839405049,2180,-0.18564485,-3.9,3.688255873910172e-05,0.003473464,0.40554361417480167,2.7157344818115234,-0.004018392616984414,0.2761706688605088,-0.04228936207115527,0.999654031189776,-5.630214986009902,2.1316282072803006e-17,-0.28284897216963534,3.375,1000,5.086936327629077e-05,2.8280861,-2.765882968902588,-0.0036466514049430247,-0.024797374221496284,0.65449953,0.0,1.0,1.6750902102118292
0.0076081321127530405,2200,-0.18512948,-3.65,2.4373392259477682e-05,0.0030429545,0.3953137995468327,2.338270425796509,-0.003795584873749605,0.2992042023557611,-0.028701771740860162,0.99955384786587,-5.210320599850817,-1.4210854715202004e-17,-0.29490837410653253,3.375,1000,3.00243319966272e-05,2.8147745,-2.8137705326080322,-0.0013538856141123072,0.034234945768490434,0.65106064,0.0,1.0,1.9964132851858578
0.008202247366447564,2220,-0.18420137,-3.85,2.269445322707369e-05,0.0054525384,0.3986418127430568,2.787308692932129,-0.003664904158726635,0.26440430193789405,-0.04192817508509373,0.9995298735060167,-7.703259769426328,-2.842170943040401e-17,-0.3049112825154683,3.375,1000,2.884719052507058e-05,2.778098,-3.2030017375946045,-0.015040146434730789,0.030051193112740293,0.64703953,0.0,1.0,2.030469029835293
0.00723099377627096,2240,-0.18489075,-3.3,1.7927415005930598e-05,0.0030199497,0.36875842072950843,3.411172389984131,-0.0026853435543837075,0.2993375292895752,-0.03825008318596637,0.9995154359974766,-6.926424664011142,2.842170943040401e-17,-0.2512456499371458,3.375,1000,2.602797965806626e-05,2.782604,-2.706432342529297,0.009010804035588975,0.041150816285051406,0.64871305,0.0,1.0,1.5064160300609752
0.008415586776197245,2260,-0.18396568,-3.1,1.6829322836316414e-05,0.006164941,0.38439680796035636,3.2841577529907227,-0.00208839556439326,0.28346799336766343,-0.03337897825592271,0.9994499592026513,-6.028931294248498,4.9737991503207014e-17,-0.2650752801727021,5.0625,1000,1.583808508731517e-05,2.764534,-2.0968401432037354,0.011187643168690036,0.0364855899491813,0.64546126,0.0,1.0,2.0872411079406463
0.007185835910347058,2280,-0.18424827,-2.2,1.0167178407245441e-05,0.002026546,0.3843448238140061,2.4950520992279053,-0.0013015534417671912,0.2805547575045542,-0.019609698464399035,0.999314120494202,-5.781201232426615,5.684341886080802e-17,-0.28924211182788057,5.0625,1000,1.1232899669219918e-05,2.7458606,-2.3753528594970703,-0.004314267246096472,0.008400845451047644,0.64626503,0.0,1.0,2.3786362919367376
0.008370819219674188,2300,-0.17573456,-2.65,1.3000464265557247e-05,0.0014749604,0.4055061486567031,2.9009273052215576,-0.0020980855530918045,0.31489381598335897,-0.02331417833089876,0.999305162807688,-5.71449670435477,1.4210854715202004e-17,-0.2885218129262185,3.375,1000,1.256861928727606e-05,2.7303243,-2.465947151184082,0.004870409657504952,0.061024949238519186,0.6220425,0.0,1.0,1.6875777711299367
0.009329445052369004,2320,-0.18480763,-2.8,8.526823997110578e-06,0.0038624946,0.4023073616825922,2.7447750568389893,-0.0015971233033099358,0.3138348293715332,-0.023568206585229786,0.9993140096237114,-7.161730389239792,0.0,-0.3055319241475107,3.375,1000,1.100084240958295e-05,2.7159674,-3.395315408706665,-0.013504322763109748,0.0016653337489115074,0.65101326,0.0,1.0,1.6095852377663333
0.00824905367172535,2340,-0.17989732,-2.75,1.1380134732054584e-05,0.005125487,0.4140191152341103,2.889169692993164,-0.0016546921242120351,0.308295854157471,-0.032506068239362015,0.9993319511939156,-7.154579517942517,2.1316282072803006e-17,-0.2743058835356264,3.375,1000,1.4316252260385684e-05,2.6944094,-3.2271533012390137,-0.0055406514384968835,0.019243307415395976,0.6344621,0.0,1.0,1.572374269554364
0.008705527846950278,2360,-0.18097928,-2.9,8.800533885424031e-06,0.0038571695,0.3922728307763242,2.916459321975708,-0.0019730128555181968,0.28888573082157215,-0.019850499375000018,0.9992482494624614,-5.8080557123661585,-2.3092638912203255e-17,-0.27903088768496986,3.375,1000,1.1000983005801917e-05,2.681889,-2.382324457168579,-0.0024916044853545913,0.022528926954371854,0.6370974,0.0,1.0,1.9126560300486344
0.010118228667712652,2380,-0.18245262,-3.25,1.00624678162489e-05,0.0053914995,0.39911351678760215,2.956881523132324,-0.001528966222952428,0.28175909109357866,-0.02876162716798384,0.9993530792610006,-7.250991454571447,-7.105427357601002e-18,-0.2727715581152312,3.375,1000,1.2171826932786956e-05,2.6671538,-2.7906432151794434,0.016954625121498187,0.0015408331394428387,0.64088756,0.0,1.0,1.6135730215651563
0.007348902829285751,2400,-0.18073706,-2.35,9.824298521296197e-06,0.0029778313,0.38453972941180414,2.8839938640594482,-0.0015076357582586024,0.2711897554082096,-0.019609698464399035,0.9992959852348697,-5.69905387424293,-1.4210854715202004e-17,-0.27039951137402746,3.375,1000,1.0227597243851167e-05,2.631579,-3.0003981590270996,0.010782421652028985,-0.014948267878149636,0.6346222,0.0,1.0,1.9843960369039528
0.00968835335515104,2420,-0.18261534,-2.6,5.5607886105557546e-06,0.0053957673,0.4099713654235825,2.955327272415161,-0.0006473953942508866,0.2801572576377505,-0.019850499375000018,0.9991338721859467,-7.735425259460515,8.881784197001253e-17,-0.27519250232342324,3.375,1000,6.317588311089913e-06,2.6237893,-2.983734130859375,0.002897410415396972,-0.020090393824269994,0.6395691,0.0,1.0,1.730894070728151
0.010027616608817071,2440,-0.18169948,-2.95,1.0441597504194433e-05,0.0036648428,0.40202991772210317,2.624368667602539,-0.001829439172873358,0.2987749064568774,-0.024582272274067236,0.9993192684440847,-6.509222861368049,-7.105427357601002e-18,-0.3098452279568735,3.375,1000,1.319687785990926e-05,2.6259995,-2.957465648651123,-0.004770049425108931,-0.021943688785657285,0.636438,0.0,1.0,1.7286553111165468
0.0075095758760200405,2460,-0.18199104,-2.15,7.131291172033555e-06,0.003706807,0.37120988952773487,2.502581834793091,-0.0011905620104018493,0.30138211371330453,-0.02350745731434912,0.9991762385800679,-7.3920221794429954,3.552713678800501e-18,-0.28446292242406723,3.375,1000,8.153862608384512e-06,2.61018,-2.9693896770477295,-0.011259333204908871,0.017260948130628093,0.63639843,0.0,1.0,2.0598756394395803
0.007681359396280168,2480,-0.18308091,-2.2,1.121323315675863e-05,0.003506503,0.39063944063356215,2.1906723976135254,-0.0015739424317074762,0.27952502412073427,-0.037077921619041825,0.9993231823802362,-8.6765608989046,-2.842170943040401e-17,-0.2736772240946901,3.375,1000,1.633849510537488e-05,2.5970392,-3.1993472576141357,-0.018235067248603958,0.03625188816420268,0.63900864,0.0,1.0,1.5554540021995193
0.010650218972386544,2500,-0.18055537,-2.65,5.314663837467197e-06,0.0039007613,0.4181659480642692,3.05936861038208,-0.000593265568379881,0.30931411435041706,-0.019850499375000018,0.9992332677928444,-7.381376335611125,1.0658141036401503e-17,-0.2605225358137394,3.375,1000,5.7877551158051326e-06,2.596796,-3.1415464878082275,0.01976427325289186,0.02859330344060436,0.6308737,0.0,1.0,2.125998210795627
