_max_obs,_mean_act,_std_discrew,_max_adv,KL,_std_act,_max_discrew,Beta,_MeanReward,_min_act,_lr_multiplier,CriticLoss,_std_adv,_mean_discrew,_mean_adv,_min_obs,_min_adv,_Episode,PolicyEntropy,BaselineLoss,_max_act,NewPolicyLoss,_min_discrew,Steps,_std_obs,_mean_obs
1.265822534290024,-0.019210162938572466,0.004069059578502995,3.836289592612007,0.012110284,0.3960595131227181,-0.0050000000000000044,1.5,-50.0,-2.2811312675476074,1.0,0.04012996,0.9999623631490496,-0.11768397713319553,-2.842170943040401e-17,-1.3640656846226227,-2.9726648512912752,20,3.6719193,0.0033171275835080535,2.080888032913208,-0.24549499,-0.2216874429313581,1000,0.017056664822124208,0.003475256273728496
10.22305124242239,-0.007224827673227992,0.004452235197408286,3.2909983572186725,0.012188654,0.4087462812379586,0.0,2.25,-46.8,-2.4239957332611084,1.0,0.31300887,0.9999683529015346,-0.11128598451287015,0.0,-10.341993628151931,-3.9453408772721517,40,3.6789927,0.0024100055744673324,2.3229455947875977,-0.123690285,-0.2216874429313581,1000,0.149021214185839,-0.0025918742234474885
0.6382812124099865,-0.04304549780365778,0.004069059578502995,4.018767393129968,0.0027916073,0.3938187656844271,-0.0050000000000000044,2.25,-50.0,-2.182863235473633,1.0,1.9203876,0.9999591410158021,-0.11768397713319553,1.4210854715202004e-17,-1.108198963595322,-1.7276138431472396,60,3.6985347,0.0013898413402012428,2.382382869720459,0.28666812,-0.2216874429313581,1000,0.010476073076210936,-0.003487183880937245
1.1104969700888567,-0.0011926879737293348,0.004523458727087453,3.0040144758165113,0.0024928893,0.40290398988528314,0.0,2.25,-47.5,-2.3875277042388916,1.0,0.89702564,0.9999538245129143,-0.11179977827653576,1.4210854715202004e-17,-0.7542863493443992,-1.6569938593068059,80,3.692826,0.0016289094467126564,2.296353340148926,0.28688553,-0.2216874429313581,1000,0.010608611774194261,0.005469847655806278
3.3517809110567156,0.011071429310599342,0.004069059578502995,3.7711809946697312,0.005624771,0.3995854148353757,-0.0050000000000000044,2.25,-50.0,-2.416858673095703,1.0,0.25215662,0.9999341567618176,-0.11768397713319553,-2.1316282072803006e-17,-3.289208749103269,-2.216161593645385,100,3.6907334,0.000438561806130985,2.309969902038574,-0.009613986,-0.2216874429313581,1000,0.02742567179559155,0.0027842936789724128
0.9357008192601242,-0.007632329900516197,0.004523458727087453,4.758290643830043,0.0034333167,0.4087085540361775,0.0,2.25,-47.5,-2.6039769649505615,1.0,0.10047913,0.999924587023467,-0.11179977827653574,1.4210854715202004e-17,-0.9230021665904081,-1.586336625261905,120,3.7141533,0.0008647938169153389,2.157991886138916,-0.054020703,-0.2216874429313581,1000,0.013617113947317652,0.008209480437495462
1.6507088504193328,-0.0371459954471793,0.005224514247148072,3.8721510630667675,0.003617638,0.40481649297946404,0.0,2.25,-42.5,-2.1877353191375732,1.0,1.1114229,0.9999447138881327,-0.1000313805632162,-2.842170943040401e-17,-1.002785905841087,-1.3870608484067357,140,3.7218108,0.002097499568451823,2.152782678604126,-0.24797589,-0.2216874429313581,1000,0.016097845918740653,0.0030298592726213654
1.0201164374102651,0.0020779803765472024,0.004523458727087453,5.92354819030061,0.0032923059,0.39781953409862914,0.0,2.25,-47.5,-2.121649980545044,1.0,0.55544823,0.9999161050028836,-0.11179977827653576,-3.552713678800501e-18,-0.8692839350090598,-1.5098241424727092,160,3.7184587,0.0008759543891657693,2.3052453994750977,-0.20390445,-0.2216874429313581,1000,0.013142755713212415,0.0025634151016445915
1.3497106779465329,-0.030723252756230068,0.0049086102833024794,4.350208252697063,0.0038746519,0.40694527335108077,0.0,2.25,-45.0,-2.211256742477417,1.0,0.20907255,0.9999403239789226,-0.10591557941987596,7.105427357601002e-18,-0.8860601181940135,-1.8009357357090812,180,3.7069676,0.0016038375075756073,2.184288501739502,-0.1211745,-0.2216874429313581,1000,0.012735944403620397,-0.012643028911114454
2.1472102590165174,-0.028986329809762536,0.0049086102833024794,4.04728583311275,0.007057373,0.4215541767145599,0.0,3.375,-45.0,-2.687190055847168,1.0,0.58960426,0.9999402121273385,-0.10591557941987596,0.0,-1.9703047746857398,-3.1807750482428583,200,3.710659,0.0016423487450846943,2.039323568344116,-0.18878677,-0.2216874429313581,1000,0.025838073401500107,-0.0013750927847293016
0.8841473600324756,-0.07562916836887598,0.004790839335279684,4.31944602737844,0.0016517167,0.4232666705418121,0.0,3.375,-44.0,-2.4656484127044678,1.0,0.099654935,0.999940998750319,-0.10489809384522707,-7.105427357601002e-18,-0.8243394594155679,-1.1086961898435352,220,3.7028146,0.0013609232624514286,2.5488932132720947,-0.07895144,-0.2216874429313581,1000,0.01346277791296303,-0.0014608231938980525
1.100349707183491,-0.03007546864991309,0.004069059578502995,4.925492399327714,0.0024521374,0.4295402046609692,-0.0050000000000000044,3.375,-50.0,-2.9326834678649902,1.0,0.80277294,0.9998471030626065,-0.11768397713319553,1.7763568394002505e-17,-1.246585310017992,-3.5082544751712925,240,3.7071762,0.00021994914843742312,2.5910403728485107,0.1462319,-0.2216874429313581,1000,0.0156836589132526,-0.006332272301825253
0.9416464282416563,0.032874718297156505,0.004069059578502995,2.7345382904655433,0.0014173365,0.41192522038359236,-0.0050000000000000044,2.25,-50.0,-2.0615859031677246,1.0,0.25268587,0.9998736060136074,-0.11768397713319553,4.263256414560601e-17,-0.9270155881196188,-3.286129803273318,260,3.7210727,3.690036371888175e-05,2.4681291580200195,-0.07315271,-0.2216874429313581,1000,0.014321337683510956,0.00018956224985196995
0.6933463282981178,-0.0597472059132997,0.004908610283302479,4.784330014012101,0.0015647819,0.3962376239891381,0.0,2.25,-45.0,-2.2507717609405518,1.0,0.5066539,0.99993197617643,-0.10591557941987596,-4.263256414560601e-17,-0.6429697324147748,-0.7352747405596385,280,3.7325976,0.0013495323092208337,2.0020101070404053,0.15791738,-0.2216874429313581,1000,0.01095539077563276,-0.002727163184252979
0.844586001934417,-0.03155682504724246,0.004523458727087453,6.190504525347946,0.0069392426,0.4244687572863224,0.0,3.375,-47.5,-2.357712984085083,1.0,0.2564865,0.999909034497844,-0.11179977827653576,-4.263256414560601e-17,-0.8011578737072853,-1.2042314349580532,300,3.7389076,0.0006452781423232398,2.504605293273926,0.12233247,-0.2216874429313581,1000,0.013694803836994769,0.005051330154093386
0.8336513908451718,-0.0028166844330262393,0.004523458727087453,5.622136648503647,0.0018213268,0.4120844251633632,0.0,3.375,-47.5,-2.1551287174224854,1.0,0.30412653,0.9999181424561482,-0.11179977827653574,4.263256414560601e-17,-0.9712497101529612,-2.0578419642937202,320,3.7296963,0.0007535266753465723,2.3922431468963623,0.11334092,-0.2216874429313581,1000,0.013023591501740563,-0.0038106747321500784
0.8984387593054216,0.002288251552905422,0.004523458727087453,5.282883355446096,0.0013642168,0.4406903841184598,0.0,2.25,-47.5,-2.2407660484313965,1.0,0.04010405,0.9999105137066943,-0.11179977827653574,0.0,-0.8773446839165117,-2.4934436069969115,340,3.731694,0.0007592930434204459,2.3069467544555664,0.016709805,-0.2216874429313581,1000,0.01498181944720793,0.004064268567961374
1.1212382088454278,0.05750073312956374,0.004908610283302479,4.582490519876765,0.004624284,0.429666210932267,0.0,2.25,-45.0,-2.106630802154541,1.0,0.14724897,0.9999342195897135,-0.10591557941987596,-2.842170943040401e-17,-1.9381106973359372,-2.0650293135532163,360,3.7216794,0.00130301600654464,2.3346736431121826,-0.095054865,-0.2216874429313581,1000,0.018346843646021547,0.0050578843064772025
1.890515455037321,0.013542081675841472,0.004908610283302479,4.5651316967844755,0.007208694,0.4018568775450799,0.0,3.375,-45.0,-2.340217113494873,1.0,0.36338693,0.999928059678416,-0.10591557941987596,-1.4210854715202004e-17,-0.7835074332827238,-1.4297917453264806,380,3.71507,0.0007129246776654145,2.2872228622436523,-0.1443298,-0.2216874429313581,1000,0.011480678949097415,0.008651806046373407
3.0043615117564246,-0.020628664304851555,0.004523458727087453,4.063413791561712,0.0040262993,0.4209946647146243,0.0,3.375,-47.5,-2.2572319507598877,1.0,1.1328952,0.9999226333337121,-0.11179977827653574,2.1316282072803006e-17,-3.098541282181197,-5.334157915452359,400,3.7102437,0.0003720912441521759,2.1625173091888428,-0.23563394,-0.2216874429313581,1000,0.03406015873608839,-2.0026062666165245e-06
0.7970332411655521,0.015862317573162726,0.0052245142471480715,3.3228969487736535,0.0018410314,0.4125550079011012,0.0,3.375,-42.5,-2.23813533782959,1.0,1.0053171,0.9999580873123298,-0.1000313805632162,0.0,-0.7886406627373707,-1.5279100406565815,420,3.7241063,0.0015651829160518043,2.40089750289917,-0.23092067,-0.2216874429313581,1000,0.013390115509837501,0.006582393048496121
0.8990746305696343,0.00338123383175116,0.004523458727087453,4.899436504568019,0.0012792485,0.4220555418225072,0.0,2.25,-47.5,-2.5185256004333496,1.0,0.71903884,0.999926726750875,-0.11179977827653574,-1.4210854715202004e-17,-0.8679426668192746,-2.120854767024208,440,3.7334607,0.0009972632854941938,2.109490156173706,-0.2125277,-0.2216874429313581,1000,0.011934434035652117,-0.014842594765169383
0.8585550039850776,-0.008340664201881736,0.0052245142471480715,3.6420221593592923,0.00619125,0.4482707403286008,0.0,3.375,-42.5,-2.765686511993408,1.0,0.6246543,0.9999519706489327,-0.1000313805632162,2.1316282072803006e-17,-1.2725218516621408,-2.1374768156614525,460,3.7458317,0.0011664989866614255,2.103726387023926,-0.19511859,-0.2216874429313581,1000,0.01691396927201093,-0.00025124497771054276
0.7537941576672551,-4.085829900577664e-05,0.003982348863650316,3.080418937907021,0.0034258696,0.42493608891568546,-0.0050000000000000044,3.375,-48.6,-2.291355848312378,1.0,0.57862794,0.9999312979628024,-0.11568235167453952,1.4210854715202004e-17,-0.7459694418807477,-2.10456240809752,480,3.7428703,0.000646270297560078,2.3268215656280518,-0.18818435,-0.2216874429313581,1000,0.012889568315701733,0.0040665512883085115
1.5984148664255837,-0.008311114707961679,0.004069059578502995,2.6391093483019787,0.004145666,0.4273658523263175,-0.0050000000000000044,3.375,-50.0,-2.4996321201324463,1.0,0.58592445,0.9999110514747732,-0.11768397713319553,3.552713678800501e-18,-2.263055784600983,-4.3213342203656495,500,3.7350583,0.0001374522574133462,2.434617519378662,-0.18875813,-0.2216874429313581,1000,0.02352253876597924,0.0009516421581220494
3.7323716199469246,-0.01738536462711636,0.005224514247148072,4.412585347013034,0.0026337956,0.4322670307759032,0.0,3.375,-42.5,-1.9924628734588623,1.0,0.026987804,0.9999393268041472,-0.1000313805632162,5.684341886080802e-17,-3.5009398077310805,-2.2829903145804096,520,3.7395315,0.001353256090212883,2.3595285415649414,0.006275695,-0.2216874429313581,1000,0.019077286272862804,0.009809479850446192
0.7548135837554608,0.015412627373472787,0.004069059578502995,2.8207476469658976,0.002808011,0.430858312461316,-0.0050000000000000044,3.375,-50.0,-2.2453582286834717,1.0,0.7879576,0.999826282168164,-0.11768397713319553,3.552713678800501e-17,-0.7506379755603464,-3.668975558453693,540,3.734297,0.00023627512973348942,2.289106845855713,-0.19765972,-0.2216874429313581,1000,0.012893348118932592,-0.004889931090522861
0.7980211069898798,-0.009560584218706935,0.004069059578502995,5.222891095884746,0.00400716,0.4503580694805971,-0.0050000000000000044,3.375,-50.0,-2.313424825668335,1.0,0.7147075,0.9999019057892543,-0.11768397713319553,4.263256414560601e-17,-1.3204110682538648,-3.4172155476983863,560,3.7254443,8.020530599221224e-05,2.4564268589019775,-0.1968371,-0.2216874429313581,1000,0.015066364780981285,0.008611717117780315
0.8318597106863874,0.03793776413972955,0.005224514247148072,4.038879058433532,0.001365968,0.43802655693128734,0.0,2.25,-42.5,-2.4018898010253906,1.0,0.672682,0.9999424019613298,-0.1000313805632162,-7.815970093361102e-17,-0.8398610580125936,-0.9566813795227299,580,3.7200286,0.001066847003458834,3.0079898834228516,-0.19690107,-0.2216874429313581,1000,0.015788688889542185,0.0012001057251194592
0.7786653594421914,-0.005361482661042828,0.0049086102833024794,4.455099706451187,0.003607417,0.42146631395975065,0.0,2.25,-45.0,-2.201643943786621,1.0,0.6704868,0.9999365731496977,-0.10591557941987598,-3.552713678800501e-17,-0.7843909844994753,-1.926693278578157,600,3.7177749,0.001396457693793553,2.319417715072632,-0.19654238,-0.2216874429313581,1000,0.014058723655589541,0.0012270210799443322
0.820143030916237,0.0016765349260531367,0.004069059578502995,4.794248550315443,0.012779201,0.4234138593539726,-0.0050000000000000044,3.375,-50.0,-2.2606990337371826,1.0,0.6712305,0.9998947328133291,-0.11768397713319553,4.263256414560601e-17,-1.6054850776569034,-3.7714348005671794,620,3.7148292,0.000304447763381519,2.31191349029541,-0.19567907,-0.2216874429313581,1000,0.016218122916430617,0.002347213282943701
1.9696413169049176,0.013726042611873709,0.0049086102833024794,4.348775796888424,0.0026177878,0.4364622020287413,0.0,3.375,-45.0,-2.341952323913574,1.0,0.68508494,0.9999415695998516,-0.10591557941987596,0.0,-0.8675966206464698,-1.450377434424162,640,3.7246916,0.0012942944196713219,2.4404008388519287,-0.19639412,-0.2216874429313581,1000,0.013800649719447701,0.004402651594406223
0.834465038276026,-0.09519159121846314,0.004523458727087453,6.907538952690751,0.008370873,0.42360305354466266,0.0,5.0625,-47.5,-2.8192338943481445,1.0,0.69368875,0.9999074877218277,-0.11179977827653574,1.4210854715202004e-17,-0.8775386180966437,-1.7470457816623652,660,3.736682,0.000766628103170201,2.210982084274292,-0.19660828,-0.2216874429313581,1000,0.012210045019473172,0.0027955187092355716
0.7978866101646721,-0.03558502847678028,0.004069059578502995,2.4044175171265567,0.0006253941,0.4874243450762584,-0.0050000000000000044,3.375,-50.0,-2.66709566116333,1.0,0.6950699,0.9998596016096533,-0.11768397713319553,-4.263256414560601e-17,-0.8363502747185888,-2.8864456216384697,680,3.7343216,0.0001163838319758357,2.306399345397949,-0.19608663,-0.2216874429313581,1000,0.016627982016459635,-0.001016202075359817
0.8443332113369089,-0.0672004009746015,0.0049086102833024794,4.766286872853962,0.008792719,0.43900276648514736,0.0,5.0625,-45.0,-2.2609245777130127,1.0,0.6988398,0.9999280451231698,-0.10591557941987596,0.0,-0.8561079542128418,-1.5014291141090537,700,3.7395067,0.0011777562348429577,3.293541669845581,-0.19584484,-0.2216874429313581,1000,0.01308841719863393,0.008099158591571136
2.058237174457822,-0.11496347594680265,0.004069059578502995,3.3514696787823817,0.0051604584,0.4560275318233005,-0.0050000000000000044,5.0625,-50.0,-2.6019227504730225,1.0,0.7033966,0.9999386964028306,-0.11768397713319553,0.0,-2.2411508805326115,-6.018400977451991,720,3.7370358,0.0002834586062281164,2.3135461807250977,-0.19581531,-0.2216874429313581,1000,0.022848727879186966,0.004068929422783422
0.8377639694132452,-0.08903003232285846,0.004069059578502995,2.375241666023327,0.001361465,0.45309341383105833,-0.0050000000000000044,3.375,-50.0,-2.7157671451568604,1.0,0.7089824,0.9998163881571336,-0.11768397713319553,7.815970093361102e-17,-1.0786656935313224,-4.924407658171537,740,3.732643,2.722624931687745e-05,2.223236083984375,-0.19598845,-0.2216874429313581,1000,0.0154918956749408,-0.007193786566085642
3.787029728724552,-0.05113093846011907,0.004523458727087454,4.333807921322772,0.0036145798,0.47953715389299123,0.0,3.375,-47.5,-2.7252416610717773,1.0,0.71041906,0.9999426244428599,-0.11179977827653574,0.0,-3.8434353458764328,-3.245624725856833,760,3.7316034,0.0008723692351139494,2.351025104522705,-0.19575794,-0.2216874429313581,1000,0.0663960123151822,-0.037470619198427195
3.6790366522715794,-0.05728588205762208,0.004069059578502995,3.881709053020246,0.0067582503,0.481461426266901,-0.0050000000000000044,5.0625,-50.0,-2.681323766708374,1.0,0.71416014,0.9999021677668655,-0.11768397713319553,-2.842170943040401e-17,-3.461022516728358,-6.448053653211679,780,3.7280273,0.0001438224377226194,2.6958446502685547,-0.19574666,-0.2216874429313581,1000,0.041106980708308316,0.0036165998745325083
0.7911395631000534,-0.1504608212582534,0.005224514247148072,3.7164452345965118,0.000490566,0.46964230944393226,0.0,3.375,-42.5,-2.8523035049438477,1.0,0.0153253125,0.9999451338520282,-0.1000313805632162,2.1316282072803006e-17,-0.8762303252890059,-0.965836876764008,800,3.7220016,0.001893329513996178,2.6024811267852783,0.0044706645,-0.2216874429313581,1000,0.016418889100738816,0.005661301805840783
1.476318311169905,-0.05645801498589571,0.0054711706186242335,3.3881149695652923,0.0019130509,0.4838065992741087,0.0,3.375,-40.0,-2.5153744220733643,1.0,0.8115674,0.9999524280784564,-0.09414718170655642,3.552713678800501e-18,-0.8333277849613985,-1.566200817737535,820,3.719225,0.0024985751359756047,2.963610887527466,-0.19523923,-0.2216874429313581,1000,0.019859628460936116,-0.0012546166040116064
3.57575345439204,-0.06803641985915601,0.004523458727087453,4.750498115860084,0.012859689,0.45514091315127697,0.0,5.0625,-47.5,-2.485330104827881,1.0,0.76807153,0.99993783845955,-0.11179977827653574,0.0,-3.056169169397487,-2.174693365889815,840,3.7114809,0.0009441778447348201,2.42850923538208,-0.19516787,-0.2216874429313581,1000,0.035041569295946984,-0.0016275067244011575
3.445127278477548,-0.01584545102529228,0.004523458727087453,4.300988480078199,0.0014379909,0.46789935992191956,0.0,3.375,-47.5,-3.024756908416748,1.0,0.7253112,0.9999474281679389,-0.11179977827653576,-3.1974423109204506e-17,-3.4191178651312004,-3.7642292245767286,860,3.7031417,0.0006956968685500876,2.319895029067993,-0.19494335,-0.2216874429313581,1000,0.060166209022672015,-0.0006784012257546743
3.0136032957874863,-0.10689770241436782,0.0049086102833024794,4.161241235132317,0.0020482647,0.4529866605857296,0.0,3.375,-45.0,-2.47770357131958,1.0,0.7175282,0.999936446724433,-0.10591557941987596,-4.263256414560601e-17,-3.2136068865804095,-3.119920066433805,880,3.7140205,0.0010983074657375785,2.749141216278076,-0.19503987,-0.2216874429313581,1000,0.029991481208220525,0.0024076480657399014
0.831051809395142,-0.0835101031891536,0.004908610283302479,4.528516955028608,0.0026449726,0.4452534550316417,0.0,3.375,-45.0,-2.9762768745422363,1.0,0.015651492,0.9999247364478494,-0.10591557941987596,0.0,-0.8012517678854968,-1.182482095056054,900,3.707419,0.0009345675857600508,2.181628942489624,0.0051955204,-0.2216874429313581,1000,0.014820780562769094,-0.0036272022533334895
3.035997167128524,-0.0939528594945441,0.004523458727087453,6.0879589835427455,0.004302105,0.4811380196321785,0.0,3.375,-47.5,-2.635528802871704,1.0,0.81197757,0.9999169530345965,-0.11179977827653576,-6.394884621840901e-17,-2.2138832013687972,-2.996029733592997,920,3.7046068,0.00034127562674285845,2.750802993774414,-0.19467768,-0.2216874429313581,1000,0.03806057463944315,-0.007884026307706104
1.894155927139977,-0.11148358910449314,0.004069059578502995,3.127201391412909,0.0033944533,0.4626907465457193,-0.0050000000000000044,3.375,-50.0,-2.9861221313476562,1.0,0.76335776,0.9998603341928177,-0.11768397713319553,-7.105427357601002e-17,-1.271212901652722,-3.6205638546669823,940,3.7007022,9.883568834993021e-05,2.514087677001953,-0.19392547,-0.2216874429313581,1000,0.023480718438868443,0.00035393878067513905
0.789683516635954,-0.10931486845540349,0.004069059578502995,1.8309738207709423,0.0023313973,0.4450147441385517,-0.0050000000000000044,3.375,-50.0,-2.627558946609497,1.0,0.72635484,0.9998338800979807,-0.11768397713319553,3.552713678800501e-17,-0.8036768598994053,-4.096000430016325,960,3.7071137,5.169586526631878e-05,2.4479949474334717,-0.19439517,-0.2216874429313581,1000,0.015690244679984904,-0.0016365560261208374
0.7793783832182642,-0.15587355941499118,0.005224514247148072,3.7821282760042645,0.0022547108,0.4711496441091383,0.0,3.375,-42.5,-3.3584940433502197,1.0,0.71373266,0.9999403603767296,-0.1000313805632162,0.0,-0.782440977127258,-1.2000172017726582,980,3.7149866,0.0019085826281396204,2.4169681072235107,-0.19397336,-0.2216874429313581,1000,0.013968851397899206,0.012132282875734623
0.7566420185636666,-0.12296343138883822,0.004069059578502995,4.247485857336677,0.0018003023,0.4508117168363497,-0.0050000000000000044,3.375,-50.0,-2.888136386871338,1.0,0.70897615,0.9998234108194547,-0.11768397713319553,0.0,-0.7954225055630836,-1.8646079557939288,1000,3.7196934,0.00019027029721805345,2.3865041732788086,-0.19341555,-0.2216874429313581,1000,0.014191847320840844,0.004755220469850462
0.7702147374946403,-0.10005141639499925,0.004523458727087453,6.301792858205222,0.0012602665,0.46517522337002293,0.0,2.25,-47.5,-2.5685720443725586,1.0,0.71695256,0.9998762474837006,-0.11179977827653576,1.4210854715202004e-17,-0.8466428133642245,-2.0417943106435334,1020,3.7306376,0.00024035922994333807,2.362300395965576,-0.19417457,-0.2216874429313581,1000,0.014926532395099803,0.0034019753228224483
1.5896726374922219,-0.10555765460047405,0.004523458727087453,5.571057611265735,0.0043109255,0.46122688666172607,0.0,2.25,-47.5,-2.6577255725860596,1.0,0.7157376,0.9999151996186694,-0.11179977827653574,-1.4210854715202004e-17,-1.2360618332545605,-1.5864679294188455,1040,3.7357702,0.0008233468274108744,2.523958444595337,-0.19384636,-0.2216874429313581,1000,0.019161650883392087,0.007257009079252711
0.7546657457097983,-0.06747255876089912,0.0052245142471480715,3.6806258615266305,0.0030766542,0.4535083847108601,0.0,2.25,-42.5,-2.1831843852996826,1.0,0.7186784,0.9999366926436196,-0.1000313805632162,-7.105427357601002e-18,-0.7721587473634851,-2.177446483526428,1060,3.7367344,0.0011818268739773382,2.645768404006958,-0.19404744,-0.2216874429313581,1000,0.014598108914682235,-0.010032165250332917
0.7771987387696642,-0.09772057427885011,0.0049086102833024794,4.4276403431125715,0.0034208032,0.47465154111080166,0.0,2.25,-45.0,-2.693716526031494,1.0,0.71485746,0.9999360497113697,-0.10591557941987596,0.0,-0.7885429966976228,-1.640086712966854,1080,3.7392972,0.0014229553992829286,2.4863643646240234,-0.1934122,-0.2216874429313581,1000,0.015029016389286099,-0.0010282024954455272
0.7679807456619251,-0.12615532634290866,0.005224514247148072,4.086175273742047,0.0018426924,0.49670426417160296,0.0,2.25,-42.5,-2.7885074615478516,1.0,0.71809363,0.9999371853043763,-0.1000313805632162,0.0,-3.072531313752773,-2.4610609255498805,1100,3.740929,0.0011960377341793847,2.568061113357544,-0.19358502,-0.2216874429313581,1000,0.031565209878861564,-0.012850107326013351
0.6974649752321691,-0.11493831313541159,0.004523458727087453,5.263513668052601,0.0019480231,0.46267237823984153,0.0,2.25,-47.5,-2.5821900367736816,1.0,0.72002524,0.9999286780387424,-0.11179977827653574,-1.4210854715202004e-17,-0.6982469188491672,-2.20919662259204,1120,3.7374668,0.0007834597785006145,2.6427459716796875,-0.19366167,-0.2216874429313581,1000,0.014368186074362632,0.0056802155408278735
0.7254913844817927,-0.12427517027501017,0.004908610283302479,4.30982559966973,0.0038041717,0.4300026773828182,0.0,2.25,-45.0,-2.3455562591552734,1.0,0.71952593,0.9999413719847328,-0.10591557941987596,0.0,-0.7586546665728768,-1.9025392787180966,1140,3.7254848,0.0013114990526251708,2.0760226249694824,-0.19345859,-0.2216874429313581,1000,0.012232033187530224,-0.0025661383036112923
0.7496370677037706,-0.08482781235978473,0.004069059578502995,2.464495600867423,0.0037935372,0.46934349062660385,-0.0050000000000000044,2.25,-50.0,-2.3468971252441406,1.0,0.7152207,0.9999014655743256,-0.11768397713319553,1.4210854715202004e-17,-0.7581992285959802,-2.808264816588876,1160,3.710383,0.00024088204036575616,2.1929988861083984,-0.19279248,-0.2216874429313581,1000,0.016547030847514826,0.0028483431125887813
0.7521068103773596,-0.05993965652701445,0.0049086102833024794,4.6157849042120835,0.0057966127,0.4514761238714976,0.0,2.25,-45.0,-2.3098864555358887,1.0,0.7193965,0.9999397194787474,-0.10591557941987598,2.1316282072803006e-17,-0.7375605274324578,-1.6562973897873352,1180,3.7230372,0.0014883318716274994,2.2276153564453125,-0.1931246,-0.2216874429313581,1000,0.014112667380287396,0.005005863589265226
1.7263973015996885,-0.07844659300893544,0.004523458727087453,4.961595341362269,0.0069245896,0.5004576004252225,0.0,3.375,-47.5,-2.4417171478271484,1.0,0.7135984,0.9999243229884264,-0.11179977827653576,-2.842170943040401e-17,-1.9642873262291707,-3.329313234198884,1200,3.7431326,0.0007786353196730668,3.296802520751953,-0.19227542,-0.2216874429313581,1000,0.02268830277705329,0.004154725541275397
0.7686096265810126,-0.06518511323467828,0.004523458727087453,4.956418686176243,0.0015108085,0.4670127964904568,0.0,3.375,-47.5,-2.75730562210083,1.0,0.71507865,0.9999286204140475,-0.11179977827653576,4.263256414560601e-17,-0.903590432760981,-1.9269568042087086,1220,3.7383375,0.0006252891068424682,2.1536922454833984,-0.19229837,-0.2216874429313581,1000,0.015783422296918148,0.001787149031123663
0.8231122389712108,-0.0189489035399165,0.0052245142471480715,3.7539484356082498,0.0017678371,0.4552360672111641,0.0,3.375,-42.5,-2.6236367225646973,1.0,0.71432346,0.9999333396393417,-0.1000313805632162,4.9737991503207014e-17,-0.7660110930700512,-1.0708709806015062,1240,3.7357595,0.0007803114306218281,2.17132306098938,-0.19206418,-0.2216874429313581,1000,0.014245358100798753,-0.004941624422582587
0.7604654954001078,-0.028540232825558634,0.004069059578502995,4.657674708064698,0.0017396373,0.4527417951903393,-0.0050000000000000044,3.375,-50.0,-3.179807662963867,1.0,0.71466553,0.999907544924861,-0.11768397713319553,1.2789769243681802e-16,-0.7604162442022797,-3.3502800818794483,1260,3.7423558,0.0003227918288947283,2.3693206310272217,-0.1919912,-0.2216874429313581,1000,0.012899704893808666,0.004086992271686107
0.8166719987023524,-0.09087542275851593,0.004069059578502995,3.162506255812016,0.0018954952,0.44410198823951097,-0.0050000000000000044,3.375,-50.0,-2.4590983390808105,1.0,0.7179429,0.999867041398035,-0.11768397713319553,0.0,-1.0805661249665777,-4.485880420018403,1280,3.7508938,7.044806587261255e-05,2.6405043601989746,-0.1922611,-0.2216874429313581,1000,0.014334869062628862,0.007734010056312712
2.8110097986944202,-0.061095724113984035,0.004069059578502995,3.9147468753583596,0.0058360253,0.502241469763116,-0.0050000000000000044,3.375,-50.0,-2.5939669609069824,1.0,0.7189356,0.9998883809738843,-0.11768397713319553,1.4210854715202004e-17,-2.7791383544904416,-5.568649348661553,1300,3.7601027,6.802060131408044e-05,2.375764846801758,-0.1923126,-0.2216874429313581,1000,0.028271898556381715,-0.00647080172886146
0.9062713294316731,-0.08004476157645694,0.004908610283302479,4.86772933689901,0.0036252069,0.45683267945324413,0.0,3.375,-45.0,-2.283581256866455,1.0,0.7193805,0.9999272301594238,-0.10591557941987596,4.263256414560601e-17,-0.8440911807301686,-0.8952187967190361,1320,3.7663803,0.0010237019091395316,2.4751029014587402,-0.19228595,-0.2216874429313581,1000,0.01540534036899422,0.002309552359519729
0.7172321634609516,-0.08651667524781079,0.004523458727087453,4.996798457730616,0.0031815819,0.4986720324328702,0.0,3.375,-47.5,-2.3972580432891846,1.0,0.71813613,0.9999191382972755,-0.11179977827653576,-2.842170943040401e-17,-1.8798882547247704,-1.8047242424710273,1340,3.7666595,0.0006488025905910562,2.4911837577819824,-0.19202465,-0.2216874429313581,1000,0.027269471339282383,-0.008103115731782781
2.8770522850531877,-0.09872992494597566,0.0049086102833024794,4.753106536708165,0.0014785767,0.4915007143411712,0.0,2.25,-45.0,-3.1582584381103516,1.0,0.7208796,0.9999260825406591,-0.10591557941987596,-7.105427357601002e-17,-2.1464942926972106,-1.6345389987500887,1360,3.7625618,0.0009396715657906072,2.4643845558166504,-0.19225574,-0.2216874429313581,1000,0.02768552040170829,0.00608352205758147
0.7974113013372957,-0.06634390450571663,0.004523458727087453,5.455744168653817,0.0047595375,0.4567418582263739,0.0,2.25,-47.5,-2.2140138149261475,1.0,0.015628163,0.9999212108079337,-0.11179977827653576,0.0,-0.7809635853361299,-2.056530955671954,1380,3.7680635,0.0006667078188634127,2.2907214164733887,0.008003039,-0.2216874429313581,1000,0.01350893611044159,0.002819853152943785
0.710048033761379,-0.11540693032112904,0.0049086102833024794,3.7592197385944632,0.009083212,0.48340157929114874,0.0,3.375,-45.0,-2.688555955886841,1.0,0.7992771,0.9999253187476438,-0.10591557941987596,-5.684341886080802e-17,-1.1176895042148403,-2.204361442956697,1400,3.7840195,0.0005634750866408958,2.5870962142944336,-0.19120046,-0.2216874429313581,1000,0.015632511116522658,0.006721971647147046
0.8114247110336015,-0.06687988022202626,0.0049086102833024794,3.5961507529228247,0.0011236076,0.4950663866688013,0.0,2.25,-45.0,-2.5707926750183105,1.0,0.009479229,0.9999376353098809,-0.10591557941987598,-1.4210854715202004e-17,-0.7934746432678526,-2.242126581211004,1420,3.7964299,0.0003140509526948857,2.945230007171631,0.008162823,-0.2216874429313581,1000,0.017271292037200608,0.0007997813687877127
2.9276992995446447,-0.07649991091550327,0.004069059578502995,1.3424908446898702,0.0039317603,0.4948219577117162,-0.0050000000000000044,2.25,-50.0,-2.4694342613220215,1.0,0.8100779,0.9999355513609309,-0.11768397713319553,-2.1316282072803006e-17,-2.8799714635873928,-2.649588129000586,1440,3.8060794,0.000296070779005297,3.191020965576172,-0.19115499,-0.2216874429313581,1000,0.019648688842992954,0.002559346212785343
0.7398674060865882,-0.08136142609594389,0.0049086102833024794,4.2841197063211265,0.004252353,0.5014884570586854,0.0,2.25,-45.0,-2.723055839538574,1.0,0.7630493,0.9999397761357619,-0.10591557941987596,0.0,-2.0829255635263713,-2.1951041035020857,1460,3.8187504,0.0009580752179182809,2.263071298599243,-0.19120744,-0.2216874429313581,1000,0.026717764900646465,-0.009920852112295228
0.935706944360968,-0.11136846631811932,0.004523458727087453,4.253499180246679,0.012412985,0.5106210961501332,0.0,3.375,-47.5,-2.5669713020324707,1.0,0.728171,0.9999192319824215,-0.11179977827653574,-4.9737991503207014e-17,-0.7968704478597465,-2.9589140772761806,1480,3.828908,0.0004962728447833149,2.812591075897217,-0.1917309,-0.2216874429313581,1000,0.016819378896948234,0.004092521765275029
0.6560895160695761,-0.08176333343517035,0.0049086102833024794,5.48911801848912,0.0010893896,0.4791707690216438,0.0,2.25,-45.0,-2.6093246936798096,1.0,0.7185929,0.9999293307644934,-0.10591557941987596,1.4210854715202004e-17,-0.6354488049525067,-1.883836069427012,1500,3.8364036,0.0009222851489795339,2.5765252113342285,-0.19179605,-0.2216874429313581,1000,0.012702794875342312,0.004745399897691337
0.7316515542314713,-0.16294310737540946,0.0049086102833024794,4.952559457717375,0.0028139355,0.5083076361887717,0.0,2.25,-45.0,-2.7286746501922607,1.0,0.7112035,0.9999290944940094,-0.10591557941987598,-4.263256414560601e-17,-0.7336389664455274,-2.184657599165693,1520,3.844614,0.000825272502663816,2.3833842277526855,-0.19115068,-0.2216874429313581,1000,0.014635876388008173,0.01003313740048168
0.774415527194252,-0.06819912807270885,0.0049086102833024794,4.792536066374694,0.0029386661,0.49012551606158683,0.0,2.25,-45.0,-2.693100929260254,1.0,0.7069879,0.9999351844733668,-0.10591557941987598,1.4210854715202004e-17,-0.7400099321043444,-1.7666208574321962,1540,3.8514338,0.000745541948542016,2.451134204864502,-0.19059007,-0.2216874429313581,1000,0.013118318634042496,0.003676739057222936
0.8165866325856982,-0.12491548682982102,0.004523458727087453,5.1968656723145505,0.005206627,0.5118599903828523,0.0,2.25,-47.5,-2.5536346435546875,1.0,0.7126678,0.9999247099654208,-0.11179977827653574,-4.263256414560601e-17,-1.1325776145743656,-2.2162039498009634,1560,3.8543577,0.0007048682255790312,2.3551242351531982,-0.19117002,-0.2216874429313581,1000,0.015779613308846974,0.006318252567861749
0.7190091160459133,-0.03232471909304149,0.005202768129127805,3.573697799799825,0.0034499965,0.4878608368077636,0.0,2.25,-42.2,-2.267137289047241,1.0,0.7122641,0.999939514250503,-0.09992725120131934,0.0,-2.616073492710166,-2.6705117333977912,1580,3.8626096,0.0006803356413069368,2.8180737495422363,-0.1910499,-0.2216874429313581,1000,0.023629095342524678,-0.00942626183794839
2.2113951028717067,-0.05995226591778919,0.004523458727087453,3.153363846493121,0.008908323,0.5132875223857137,0.0,3.375,-47.5,-2.7016825675964355,1.0,0.7090293,0.9999027269582168,-0.11179977827653576,-2.842170943040401e-17,-1.6586223157016065,-2.969901235041132,1600,3.867266,0.0002334236937728516,2.6657721996307373,-0.19059815,-0.2216874429313581,1000,0.022012141605887076,0.0006644496055047391
1.47574527895545,-0.08615476431988646,0.004888089601026648,4.3742426179485125,0.0018509817,0.5257471920438808,0.0,3.375,-44.7,-2.668349266052246,1.0,0.71138877,0.9999319868273147,-0.10581145005797911,-2.842170943040401e-17,-0.8390675755567965,-2.4881324395015185,1620,3.8645835,0.0007673459047312644,2.4060263633728027,-0.19080918,-0.2216874429313581,1000,0.018908115515277817,-0.0002927853949839543
0.761079976034761,-0.01077519249683246,0.004069059578502995,2.280145059394668,0.0015588541,0.505220519383901,-0.0050000000000000044,3.375,-50.0,-3.714186668395996,1.0,0.7117106,0.9999079270933864,-0.11768397713319553,1.4210854715202004e-17,-0.747706479266295,-3.7841369405262872,1640,3.8605764,0.00016767437506884757,2.2884721755981445,-0.190777,-0.2216874429313581,1000,0.013877830516356921,0.006003241593438794
3.3172452499977587,-0.08175377489021048,0.004069059578502995,2.845797258435678,0.0036940244,0.5529431126671447,-0.0050000000000000044,3.375,-50.0,-2.670858383178711,1.0,0.7116615,0.9998519839731532,-0.11768397713319553,3.907985046680551e-17,-2.8738465276922733,-2.977460199283702,1660,3.8675742,4.9912406543453855e-05,2.5658931732177734,-0.19069631,-0.2216874429313581,1000,0.02812803976059397,0.006005328325656204
0.8933037128116615,-0.0999832499991171,0.004908610283302479,4.649466888492476,0.0024318097,0.524717122742289,0.0,3.375,-45.0,-3.386838674545288,1.0,0.70927376,0.9999300558081005,-0.10591557941987596,-2.1316282072803006e-17,-0.7345229201375454,-1.1364583991765493,1680,3.870219,0.0007666744626548412,2.762115716934204,-0.19034536,-0.2216874429313581,1000,0.01408898409390965,0.007841387590906851
0.7803922593953387,-0.02684641639998881,0.0049086102833024794,5.007877931444275,0.001793679,0.49926827216947106,0.0,3.375,-45.0,-2.5975217819213867,1.0,0.7115547,0.9999227311823792,-0.10591557941987596,0.0,-0.940590077863244,-1.492208066755402,1700,3.8817205,0.0006500150834215291,2.9190282821655273,-0.1905429,-0.2216874429313581,1000,0.015952534961794388,-0.002657943819061088
0.8107205491061158,-0.07433084722422063,0.0052245142471480715,3.9590888565812588,0.0019769804,0.5540957857866219,0.0,3.375,-42.5,-2.8231263160705566,1.0,0.7110319,0.9999367571459097,-0.1000313805632162,-5.684341886080802e-17,-0.7972045061923452,-1.7420739179123024,1720,3.8963912,0.0005825609006365359,3.0721428394317627,-0.19041811,-0.2216874429313581,1000,0.017366265799089474,0.0056262283193590605
0.7866410371242135,-0.0038582774540409444,0.004523458727087453,3.6254361538555115,0.002907237,0.5639923987647428,0.0,3.375,-47.5,-3.1430304050445557,1.0,0.7099364,0.9999359611305421,-0.11179977827653574,-7.105427357601002e-17,-2.4931507335478096,-2.6117625803646067,1740,3.917958,0.0004408070025078933,2.8839821815490723,-0.19022869,-0.2216874429313581,1000,0.03714517430034826,-0.016227181544939226
0.7702472263638744,-0.06525656109151896,0.004523458727087453,4.190227991176794,0.002511222,0.5232592860458297,0.0,3.375,-47.5,-2.8896284103393555,1.0,0.70882946,0.9999211358548864,-0.11179977827653574,-4.263256414560601e-17,-0.7636057749514611,-2.3001245754665636,1760,3.9353952,0.0004180897807695799,2.644070625305176,-0.1900333,-0.2216874429313581,1000,0.013668094567670817,0.0077459330705876754
1.771154077758221,-0.11963095155986957,0.004062497339007659,3.2173065954191333,0.0046746144,0.5741838779397773,-0.0050000000000000044,3.375,-49.9,-3.0568838119506836,1.0,0.7048782,0.9999071282466538,-0.11764920150882052,-2.842170943040401e-17,-2.0698391590923086,-6.948428904831031,1780,3.929865,0.00020500099225271917,3.624406337738037,-0.18947929,-0.2216874429313581,1000,0.023929333585362624,-0.0011307307994565532
0.7552280398573625,-0.051564524337882174,0.0049086102833024794,5.009202091399211,0.0012929995,0.5534485420701792,0.0,2.25,-45.0,-3.171100616455078,1.0,0.70168066,0.9999081783818117,-0.10591557941987596,2.842170943040401e-17,-0.8585004798105029,-1.7667666744529682,1800,3.9350128,0.0002684448946363924,2.6064188480377197,-0.18901438,-0.2216874429313581,1000,0.01534524668691464,0.0038818330203270533
1.2910444810166128,-0.0446772384501528,0.004523458727087453,5.0475868222829,0.0048362617,0.5313763849974643,0.0,2.25,-47.5,-2.904719114303589,1.0,0.7044383,0.9998814936351625,-0.11179977827653576,-2.1316282072803006e-17,-0.9007648972106959,-3.8657225305551335,1820,3.9343882,0.00016350685723786235,2.697065591812134,-0.18926604,-0.2216874429313581,1000,0.017403203395025935,0.003296001853210705
2.003863275840084,-0.04229414226987865,0.004069059578502995,3.548743167217051,0.0117594665,0.5916709230485513,-0.0050000000000000044,3.375,-50.0,-3.0181074142456055,1.0,0.70406836,0.9998989483278804,-0.11768397713319553,2.842170943040401e-17,-1.6776818741418102,-2.7059264241044954,1840,3.9465666,0.00021091425274509512,3.2609474658966064,-0.18915866,-0.2216874429313581,1000,0.02957227919161564,0.007164694099504716
0.8990546197768252,0.03728382419038098,0.0049086102833024794,4.394937933486849,0.0013311045,0.5352660318962522,0.0,2.25,-45.0,-2.533787727355957,1.0,0.7076636,0.9998938011316805,-0.10591557941987596,0.0,-0.9321496594952663,-3.689460080165028,1860,3.9556725,0.00023938287247522993,2.421525478363037,-0.189556,-0.2216874429313581,1000,0.014841096833952905,-0.0017237001519357534
0.7313967013664184,-0.21453620782587676,0.004069059578502995,3.180970014046703,0.0070637483,0.5086038148796262,-0.0050000000000000044,3.375,-50.0,-2.736989736557007,1.0,0.7077745,0.9998150315935789,-0.11768397713319553,0.0,-0.868591607383803,-3.304475835787958,1880,3.9576564,6.697698949040445e-05,2.6158900260925293,-0.18953754,-0.2216874429313581,1000,0.012543365033337098,0.017448536798099937
0.9972362259107379,-0.0870536219710193,0.0049086102833024794,4.052292850744508,0.004943516,0.5567917489070715,0.0,3.375,-45.0,-2.3491053581237793,1.0,0.7009424,0.9998841212668119,-0.10591557941987596,8.526512829121202e-17,-0.8810772072787325,-1.5233545234963388,1900,3.9618106,2.9514163383497265e-05,2.633686065673828,-0.18867202,-0.2216874429313581,1000,0.01608829623023652,0.007836565155576196
3.3792739416250877,-0.06856551958038472,0.004523458727087453,4.855888290797101,0.0018983622,0.5223539954950915,0.0,3.375,-47.5,-2.5922434329986572,1.0,0.017676445,0.9999328834264494,-0.11179977827653576,-2.842170943040401e-17,-3.371034972017153,-1.6642064316435645,1920,3.9719768,0.00032514770090596144,2.434812307357788,0.010480421,-0.2216874429313581,1000,0.03359847346703736,0.0029390688871508103
0.6923820896358677,0.003990015440620482,0.005224514247148072,3.270185516963724,0.0023219995,0.5730758915551868,0.0,3.375,-42.5,-2.5821521282196045,1.0,0.008430441,0.9999429096519918,-0.1000313805632162,0.0,-0.7118736124972447,-2.7775705070723378,1940,3.9751036,0.00018883263180032638,2.8049306869506836,0.01183519,-0.2216874429313581,1000,0.01470749836776612,0.0018229489394640894
0.8872306536617526,0.016924261801177634,0.004523458727087453,4.114946154947964,0.0011595857,0.536620009566134,0.0,2.25,-47.5,-2.341826915740967,1.0,0.83833706,0.9998987680418182,-0.11179977827653576,1.7763568394002505e-17,-1.01734412019416,-4.728672903768707,1960,3.967597,0.00019793908024104274,3.2571892738342285,-0.18905735,-0.2216874429313581,1000,0.013261935155270185,0.006397997647223969
0.8403771016194123,-0.09492698917130474,0.00545378451851981,3.6703121293384733,0.0020943577,0.5596371660712647,0.0,2.25,-40.3,-2.9974684715270996,1.0,0.76324373,0.9999452439033344,-0.09425131106845328,7.105427357601002e-18,-0.9800280625366907,-2.140887253632999,1980,3.9603496,0.0005612457942479269,2.614234447479248,-0.188883,-0.2216874429313581,1000,0.0189757151535517,0.0023793771446158456
0.7619660394072003,-0.019591647742548957,0.004908610283302479,4.306430679699689,0.004600035,0.5295525605333038,0.0,2.25,-45.0,-3.360751152038574,1.0,0.01586708,0.9999158516975817,-0.10591557941987596,-1.4210854715202004e-17,-0.8285143827762692,-3.0050258078107808,2000,3.9507554,0.00017999169861975778,2.6473124027252197,0.010748467,-0.2216874429313581,1000,0.01347545047928041,0.004003917059844405
0.7368149633688557,-0.014897476329933853,0.0049086102833024794,3.9113911264914996,0.0022240113,0.5239623756567513,0.0,2.25,-45.0,-2.9594004154205322,1.0,0.78860354,0.9999234894293454,-0.10591557941987596,-2.842170943040401e-17,-0.744958936082198,-4.148023750937248,2020,3.9516234,0.00018513145541935677,3.1481783390045166,-0.1891144,-0.2216874429313581,1000,0.015120637373577779,7.90807316660267e-05
0.9834499494258481,-0.07700431860610843,0.005224514247148072,4.719285568768535,0.004541649,0.5598391252413046,0.0,2.25,-42.5,-2.6211349964141846,1.0,0.7521657,0.9998938418063219,-0.1000313805632162,-7.105427357601002e-18,-0.8514998871321637,-3.104445093643763,2040,3.97498,0.00011701199731160683,2.673985719680786,-0.18925832,-0.2216874429313581,1000,0.014966372237638659,0.01218847937941656
0.7793674795195608,0.00608256722567603,0.0044590411759468495,4.2968188707406085,0.008930804,0.6009568640289313,0.0,3.375,-46.85,-2.3569416999816895,1.0,0.7139252,0.999912569541144,-0.11135375439345478,-2.1316282072803006e-17,-0.7940753618334154,-5.3964800879872215,2060,3.9768562,0.00010138406416993228,2.650515556335449,-0.18906501,-0.2216874429313581,1000,0.017674918655314044,0.000143184589901175
1.2606375280774702,-0.13179987137438728,0.004523458727087453,4.5381934588356945,0.0017030349,0.5503524455919289,0.0,3.375,-47.5,-2.829575538635254,1.0,0.7033032,0.9999090363256155,-0.11179977827653574,-2.842170943040401e-17,-1.8169040916821064,-3.7749154661748334,2080,3.9883611,7.419014147078659e-05,2.4472615718841553,-0.18894285,-0.2216874429313581,1000,0.016949963197857625,0.005482140012550724
5.590692886962928,-0.019898272815160455,0.0054711706186242335,3.8438565999284773,0.001676198,0.6179063254524082,0.0,3.375,-40.0,-2.708272933959961,1.0,0.019082267,0.9999344429208186,-0.09414718170655642,5.684341886080802e-17,-3.3739580254733093,-3.2336557867099645,2100,3.9912539,0.0001844242061879023,2.769731044769287,0.011387072,-0.2216874429313581,1000,0.0326034703254091,-0.0049943998697592
2.0088652736263923,-0.10183427528216271,0.004523458727087453,6.531262590558194,0.0027416677,0.6118713738887159,0.0,3.375,-47.5,-3.1084187030792236,1.0,0.77864003,0.9998793109503984,-0.11179977827653574,0.0,-2.338034033708022,-4.565583193067721,2120,3.9770155,7.534118454792902e-05,2.273254632949829,-0.18833874,-0.2216874429313581,1000,0.026787231581012184,0.005241321381669577
0.8648022440859789,-0.13570380425744225,0.0049086102833024794,4.533095683804126,0.0022606056,0.5906678008577231,0.0,3.375,-45.0,-2.5853371620178223,1.0,0.7454703,0.9999067368035873,-0.10591557941987596,-1.4210854715202004e-17,-0.8628490861574281,-2.524850336281862,2140,3.9734445,0.00016118093412935067,3.3530313968658447,-0.18854707,-0.2216874429313581,1000,0.01734754245576666,0.007023083161709659
0.794021856772996,0.07340249222866259,0.0049086102833024794,4.973036560935448,0.0018022392,0.5822191766725971,0.0,3.375,-45.0,-2.741804599761963,1.0,0.7072564,0.9998573654962082,-0.10591557941987598,0.0,-1.7156116050706263,-3.439172307066548,2160,3.9846852,4.6872503591663956e-05,2.501617431640625,-0.18826768,-0.2216874429313581,1000,0.01872849150263052,-0.005200956672734271
0.8111428862587416,-0.08032358799211216,0.005224514247148073,4.296506476466398,0.0020716938,0.631968032308724,0.0,3.375,-42.5,-3.0337655544281006,1.0,0.019145574,0.9998979944381076,-0.10003138056321619,1.4210854715202004e-17,-0.7787174191778108,-3.8006429133398547,2180,3.9942534,0.0001282842407746786,2.5437912940979004,0.011757554,-0.2216874429313581,1000,0.01799002954629485,0.010237586119071657
0.8222217014027591,-0.0373143470203504,0.004523458727087453,6.429176253571078,0.0013442083,0.5759344959596456,0.0,2.25,-47.5,-3.3651816844940186,1.0,0.77453315,0.9998546952250105,-0.11179977827653576,-2.842170943040401e-17,-0.7740697416634584,-2.0564298975034134,2200,3.9863966,3.770692032807418e-05,2.599930763244629,-0.18774243,-0.2216874429313581,1000,0.01599327909038374,0.0032251436796977115
2.961618883979689,0.027572873590979725,0.004045819683249805,4.923117515187215,0.013212688,0.6645912371643538,-0.0050000000000000044,3.375,-49.65,-3.24033522605896,1.0,0.7420873,0.9998858893255783,-0.11754536841810816,1.0658141036401503e-17,-3.6993015160964777,-9.434696508321757,2220,3.9834929,4.8807729814300954e-05,3.565925359725952,-0.1881721,-0.2216874429313581,1000,0.040181912010944704,-0.00536827352112257
0.7408440109033371,0.10102189935860224,0.00546457608646206,3.615883274332263,0.002341185,0.625513220906189,0.0,3.375,-39.0,-2.7610864639282227,1.0,0.70717776,0.9999257944126405,-0.09047943704092117,-6.039613253960852e-17,-0.7250886326310049,-2.815064641447717,2240,3.9885688,0.00017014114280811381,2.7838621139526367,-0.18831488,-0.2216874429313581,1000,0.01835890693748232,-0.0013481416596598165
0.8279956133400868,-0.021474256763933226,0.004069059578502995,3.11427116972092,0.0016140747,0.5673756177099962,-0.0050000000000000044,3.375,-50.0,-2.5868780612945557,1.0,0.6969366,0.9998782293602714,-0.11768397713319553,-2.842170943040401e-17,-0.7700791210164848,-3.801612961162624,2260,3.9875178,8.821606052979935e-05,2.84903621673584,-0.18824436,-0.2216874429313581,1000,0.01604225407413669,0.0030520619638247687
1.1567742600997308,-0.05339825673704036,0.0049086102833024794,5.232447342749056,0.009285036,0.5839789840209579,0.0,5.0625,-45.0,-2.906648635864258,1.0,0.6915911,0.9999247904774294,-0.10591557941987596,-2.842170943040401e-17,-2.9636077385865764,-2.09470001997183,2280,3.98349,0.0002546914719798911,2.6594645977020264,-0.18783802,-0.2216874429313581,1000,0.023978750359586104,-0.003293468136972704
0.7560503983862088,0.039145261781755834,0.004523458727087453,6.386851055944531,0.0013706,0.5908212945880551,0.0,3.375,-47.5,-2.7061092853546143,1.0,0.6878857,0.9998427805585381,-0.11179977827653576,5.684341886080802e-17,-0.7618761344192196,-4.3276344072748865,2300,3.9833646,4.1664359693777075e-05,2.4973015785217285,-0.18738607,-0.2216874429313581,1000,0.016882717568124032,-0.0002608103885376574
2.898126182458394,-0.03117598548391834,0.0049086102833024794,4.481913188116146,0.0019208482,0.6396013073823831,0.0,3.375,-45.0,-2.8335933685302734,1.0,0.6919321,0.9999252390909166,-0.10591557941987596,-1.4210854715202004e-17,-3.0351132972670154,-4.174752782374068,2320,3.969758,8.372781654140527e-05,3.392111301422119,-0.18780589,-0.2216874429313581,1000,0.02342675012750583,0.006770364795162591
3.3473531168718527,-0.10122277265728917,0.0049086102833024794,3.501857422189278,0.0019251583,0.598978625533112,0.0,3.375,-45.0,-3.8475699424743652,1.0,0.69346964,0.9999286683861408,-0.10591557941987598,-1.4210854715202004e-17,-3.325556181486234,-4.762082228525094,2340,3.9674747,0.00020070236362212932,3.0642077922821045,-0.18795744,-0.2216874429313581,1000,0.036650781698227324,-0.0006887787643793698
3.3145580665428347,0.007203706603497267,0.004907477539667365,5.113052237575471,0.0043246727,0.6940233765233325,0.0,3.375,-44.95,-3.279045343399048,1.0,0.68773496,0.9999316136159156,-0.10591057941987597,-2.842170943040401e-17,-3.3195626447764455,-3.4453946479925146,2360,3.976871,0.0006123879202226743,2.9681572914123535,-0.18724665,-0.2216874429313581,1000,0.04243813501924931,0.0044108861764725815
0.7511848546012896,0.055022907455568204,0.005224514247148072,4.277859181417385,0.0012527775,0.5382148929296335,0.0,2.25,-42.5,-2.7336959838867188,1.0,0.020519404,0.9999353553377659,-0.1000313805632162,-5.684341886080802e-17,-1.326559673767759,-2.051368045703809,2380,3.9697354,0.00034680250666230836,2.524205446243286,0.012427923,-0.2216874429313581,1000,0.01610114607265074,-0.005152193128128307
0.8009622731065538,0.028659281553002073,0.0049086102833024794,3.4744981829640187,0.011769518,0.6362885882439089,0.0,3.375,-45.0,-2.628591775894165,1.0,0.7740587,0.9999408412050175,-0.10591557941987596,-5.684341886080802e-17,-1.6636257750393437,-2.4546547915757695,2400,3.9624424,0.00039559350471701907,2.7904951572418213,-0.18762763,-0.2216874429313581,1000,0.021030750263379475,-0.0017424568646375006
3.135726122000198,-0.028639972939621658,0.004069059578502995,3.473413734534845,0.0050995317,0.6549849989953298,-0.0050000000000000044,3.375,-50.0,-3.1797733306884766,1.0,0.54942954,0.9999107227335935,-0.11768397713319553,-1.0658141036401503e-17,-3.1931305603030866,-3.339111797089939,2420,3.9787865,9.746874061966709e-05,2.8375396728515625,-0.1599696,-0.2216874429313581,1000,0.031013465813967477,0.004255187784650122
3.2085822725390445,0.09197652677469886,0.004069059578502995,4.573254018372222,0.012711782,0.7069127586815274,-0.0050000000000000044,5.0625,-50.0,-2.9910662174224854,1.0,0.71091616,0.999906479292599,-0.11768397713319553,1.4210854715202004e-17,-3.0745773354381547,-4.987133341348785,2440,3.9813743,6.840868612553256e-05,3.3205933570861816,-0.18726304,-0.2216874429313581,1000,0.03355674232529045,-0.006792495045869777
0.7913143979459394,0.051910588839324194,0.0049086102833024794,5.775906596334119,0.011400161,0.6185181992680624,0.0,7.59375,-45.0,-3.0912067890167236,1.0,0.695754,0.9999022755046364,-0.10591557941987596,-7.815970093361102e-17,-1.2253471870614994,-1.608980753519918,2460,3.981883,4.673307778682932e-05,2.980771064758301,-0.18714517,-0.2216874429313581,1000,0.017105265147361128,0.0009950708472280293
0.9071708885827363,-0.09891453143663238,0.004908610283302479,4.365951186208418,0.00037720037,0.614966833555316,0.0,5.0625,-45.0,-2.9871737957000732,1.0,0.6904522,0.9999189979547444,-0.10591557941987598,-2.842170943040401e-17,-0.8540984391912448,-2.250795796320087,2480,3.9695609,0.00014285569256127778,2.8299334049224854,-0.18729867,-0.2216874429313581,1000,0.017772280973567308,0.0024862215940522655
0.8407913624920347,0.04973860591650009,0.0040402713960367665,1.8978314229537263,0.0010390832,0.6583420702081032,-0.0050000000000000044,3.375,-49.6,-3.797379493713379,1.0,0.6859163,0.9998436191273252,-0.1175060614616836,-5.684341886080802e-17,-1.6925621749039146,-6.715533516453764,2500,3.9691176,3.4424604117579835e-05,2.996166229248047,-0.18693154,-0.2216874429313581,1000,0.02179982535798536,-0.006809151498816039
0.7340282193153429,0.023002618215978144,0.004523458727087453,5.628160539121315,0.0015677498,0.6569750363794503,0.0,3.375,-47.5,-3.0859503746032715,1.0,0.6851987,0.9998223943591656,-0.11179977827653574,1.4210854715202004e-17,-0.8820157827196059,-4.180490489911312,2520,3.9778066,3.531698781999481e-05,2.708233118057251,-0.18685229,-0.2216874429313581,1000,0.016358684530090314,0.0028034281446386133
1.6319501479691378,-0.036240649934043176,0.004504163480556058,5.182176390433831,0.0032316102,0.6757615601342183,0.0,3.375,-47.2,-3.172792911529541,1.0,0.68629694,0.9999091307746975,-0.1116956489146389,-1.4210854715202004e-17,-2.0842427275817403,-3.3268346550730366,2540,3.9861095,0.00012715763470516451,2.787855386734009,-0.18693809,-0.2216874429313581,1000,0.025868647519606065,0.0018724989999487538
2.5590867636767753,0.05513446636684239,0.004899287149536802,4.921232475299997,0.0043733427,0.7105154595045693,0.0,3.375,-44.95,-2.979355812072754,1.0,0.6870348,0.9999290453122934,-0.10586668955034174,7.105427357601002e-18,-3.0495907100166773,-2.613612411722028,2560,3.987239,0.0001971206413844778,3.8273937702178955,-0.18699694,-0.2216874429313581,1000,0.03317963797628382,-0.000652880103247894
1.8080778683950656,0.06616067823651246,0.004523458727087453,6.326463268440303,0.0024632062,0.6887038849800684,0.0,3.375,-47.5,-2.654484510421753,1.0,0.021482654,0.9998802859022297,-0.11179977827653576,0.0,-1.7781409420443666,-2.870603152229358,2580,3.983367,7.685197003307524e-05,3.426677703857422,0.013202771,-0.2216874429313581,1000,0.027771897215638674,-0.0018244502094723707
1.9798934645702697,0.08613774017733522,0.004523458727087453,2.598685886756024,0.0031940115,0.7907467373897041,0.0,3.375,-47.5,-3.4674792289733887,1.0,0.763349,0.9999103145273587,-0.11179977827653574,7.815970093361102e-17,-2.447297925739565,-4.203528385719124,2600,3.9817672,6.901730570875518e-05,3.303109645843506,-0.18632187,-0.2216874429313581,1000,0.03253005479540695,-0.0006747387558939817
0.8471794010149808,-0.0243036512543913,0.004523458727087453,5.475082011024103,0.0015892534,0.6786865099012627,0.0,3.375,-47.5,-2.9362480640411377,1.0,0.7317739,0.9998938488081426,-0.11179977827653574,-1.4210854715202004e-17,-1.6684006020389652,-2.086909719212748,2620,3.9700851,4.905671998927326e-05,2.998339891433716,-0.1865868,-0.2216874429313581,1000,0.021297617013330584,-0.0004980479775194481
1.9881863099457966,-0.012484133490244858,0.004523458727087453,5.088019096012677,0.0024983394,0.5981737272013523,0.0,3.375,-47.5,-3.258733034133911,1.0,0.6938955,0.9998662705731776,-0.11179977827653576,0.0,-2.0972374958170734,-2.810236758252494,2640,3.9603488,3.307437300587561e-05,2.5959041118621826,-0.18633172,-0.2216874429313581,1000,0.02417110633314197,-0.008315265089138418
0.9667247529192347,0.060000304174609484,0.004069059578502995,2.3594464840923117,0.0017397135,0.6193705634558788,-0.0050000000000000044,3.375,-50.0,-3.020364284515381,1.0,0.68507344,0.9996740997641125,-0.11768397713319553,-1.4210854715202004e-17,-0.9215205197359803,-5.204692003552127,2660,3.962264,1.804225613323082e-05,3.273355007171631,-0.18642993,-0.2216874429313581,1000,0.014864312182938067,-0.001634851274308108
0.8241537816184077,0.020151812160154804,0.004523458727087454,5.8313048411708674,0.0036097679,0.6026616860864558,0.0,3.375,-47.5,-3.6205592155456543,1.0,0.68209875,0.9998749825061024,-0.11179977827653574,0.0,-0.7383479958900571,-1.6187556569188186,2680,3.9856513,1.9836449020875912e-05,2.7750978469848633,-0.18631649,-0.2216874429313581,1000,0.01786977798748577,-0.0008747659985803784
2.481487631806527,-0.07234999037813396,0.004523458727087453,5.514653701629478,0.0025048365,0.7345415034455074,0.0,3.375,-47.5,-3.221235752105713,1.0,0.68115383,0.9997429870531236,-0.11179977827653576,1.4210854715202004e-17,-2.0802209451828144,-3.165405425218573,2700,4.0009594,1.2910154177124138e-05,3.6155247688293457,-0.18622659,-0.2216874429313581,1000,0.026455328223447344,0.000766584360529432
3.201691891935326,0.020349400465376675,0.005648579397730963,3.3583858599253413,0.002142522,0.6968268460599303,0.0,3.375,-37.5,-2.8039064407348633,1.0,0.6810427,0.999943563302209,-0.08826298284989664,-2.842170943040401e-17,-3.198315283809124,-2.289384772898376,2720,4.0026293,0.00017233359312961315,3.741971492767334,-0.18617733,-0.2216874429313581,1000,0.03922760635996689,-0.004444552371324855
0.770317414100975,-0.09566633104754146,0.004028389434573451,2.708751834209564,0.0024861812,0.6555438829152375,-0.0050000000000000044,3.375,-49.5,-3.333469867706299,1.0,0.6804645,0.9998405738148878,-0.11741306117050693,7.105427357601002e-17,-0.8343156065870029,-4.783516948938357,2740,4.0101724,4.7174101455505326e-05,2.937610149383545,-0.18606593,-0.2216874429313581,1000,0.018021137674651987,0.001628174890706243
0.7377124563728696,-0.07233060908061452,0.004523458727087453,6.909425941371875,0.007333361,0.6915558518297903,0.0,5.0625,-47.5,-3.4944846630096436,1.0,0.679708,0.9998545280787777,-0.11179977827653576,-1.4210854715202004e-17,-0.807560002395616,-5.543273205316168,2760,4.0013623,1.8956166280842908e-05,3.1549530029296875,-0.18594751,-0.2216874429313581,1000,0.014625424495717765,0.0038936867188374335
0.7351328354527176,0.03134266962634865,0.004523458727087453,5.815138246896047,0.0022139016,0.6180311432444561,0.0,5.0625,-47.5,-3.0713696479797363,1.0,0.676296,0.9999022756464652,-0.11179977827653574,-1.4210854715202004e-17,-0.7645720229278393,-3.3352426609480093,2780,4.0098104,5.629340144159948e-05,2.8516669273376465,-0.18548493,-0.2216874429313581,1000,0.01436391780749332,-0.0015813375681734607
2.653174135727866,0.0044784111606422814,0.005455893040753562,5.469150956252433,0.0015189731,0.720330114060335,0.0,5.0625,-40.2,-3.5750017166137695,1.0,0.67890155,0.9999261359178621,-0.09423633606845329,0.0,-2.1712139330319813,-2.7392074037231824,2800,4.0247154,0.0001617076964044421,4.094503402709961,-0.18574266,-0.2216874429313581,1000,0.02856503405320256,-0.004322165572331675
0.9142130478553381,-0.02571102076396346,0.004069059578502995,4.153126425995949,0.0009508746,0.5820327524899076,-0.0050000000000000044,3.375,-50.0,-3.0932369232177734,1.0,0.67555296,0.9998852038139553,-0.11768397713319553,-1.4210854715202004e-17,-0.821589598865618,-4.291127635629765,2820,4.035428,6.0451308358994224e-05,2.6548829078674316,-0.18528637,-0.2216874429313581,1000,0.01387440239048401,0.004313132508453093
1.1036514469740102,0.020818154696375133,0.004492576762239441,5.174898224679912,0.0018385305,0.68169283058766,0.0,3.375,-47.1,-3.225156784057617,1.0,0.022838952,0.9998779283927024,-0.11162186260502381,1.4210854715202004e-17,-1.425178724502554,-2.121505229512252,2840,4.0406265,6.813246470728855e-05,3.6173605918884277,0.014488516,-0.2216874429313581,1000,0.016604774849717088,3.687388962135762e-05
1.0958297076603918,0.025799428153783083,0.004523458727087454,6.093972046035011,0.0025744534,0.7234411857717885,0.0,3.375,-47.5,-3.437403678894043,1.0,0.7565206,0.9999117461490521,-0.11179977827653574,5.684341886080802e-17,-0.7768745104073458,-2.006516379360675,2860,4.039093,6.930708485957738e-05,2.5704360008239746,-0.18538213,-0.2216874429313581,1000,0.018771033616352344,-0.0017289906285975194
0.7587134421662736,0.0010616925674839877,0.004069059578502995,2.276678523199045,0.0011241718,0.607927252546931,-0.0050000000000000044,2.25,-50.0,-3.006343126296997,1.0,0.71834487,0.9998280510289678,-0.11768397713319553,-8.526512829121202e-17,-0.7090048809843056,-4.0653642745193945,2880,4.0465717,2.6865759692967192e-05,3.0252039432525635,-0.18490922,-0.2216874429313581,1000,0.013819688489097263,0.0023817958807749876
0.8189227399584394,-0.051537291409797036,0.0054711706186242335,3.336331025387349,0.004692815,0.6964890456113764,0.0,2.25,-40.0,-3.1013264656066895,1.0,0.6878075,0.9999443050099079,-0.09414718170655641,-3.552713678800501e-17,-1.9103307875610636,-3.941414798116908,2900,4.0478272,0.0003749254163947006,2.7128818035125732,-0.1853593,-0.2216874429313581,1000,0.019990917514204926,0.002194299037914495
0.6722838555093017,0.20660995734191964,0.004523458727087453,3.571724679509034,0.00328124,0.6856184977078182,0.0,2.25,-47.5,-2.9324958324432373,1.0,0.6753151,0.9999192948337591,-0.11179977827653576,2.842170943040401e-17,-0.7026818293478968,-4.854099003300646,2920,4.0513115,0.00018999585916564004,3.289353609085083,-0.184954,-0.2216874429313581,1000,0.012637219780234889,-0.002940043610134091
0.7046130916339804,0.05650194830656983,0.004069059578502995,1.8560439841657441,0.0028983837,0.6246446835213457,-0.0050000000000000044,2.25,-50.0,-3.0796611309051514,1.0,0.67293996,0.999802465744583,-0.11768397713319553,7.105427357601002e-18,-0.7908313704749218,-5.486690237570295,2940,4.0478954,2.7134246647487293e-05,2.840998649597168,-0.18489368,-0.2216874429313581,1000,0.01364101520464761,0.0030875343952271256
3.261627538662384,-0.030834081179928034,0.005224514247148072,3.3992417854089805,0.010240699,0.8898604637655168,0.0,3.375,-42.5,-3.654374361038208,1.0,0.67268175,0.9999209947534187,-0.1000313805632162,-1.4210854715202004e-17,-3.2566402815037616,-2.114875019039307,2960,4.0398936,8.650536107979904e-05,3.8066329956054688,-0.18488657,-0.2216874429313581,1000,0.043028990738447875,0.0019199302593993599
1.6741874645234167,0.08140178364235907,0.004523458727087453,2.8057605196639024,0.0011407323,0.7849123853356796,0.0,2.25,-47.5,-3.0534439086914062,1.0,0.6723606,0.9999515741451935,-0.11179977827653576,1.4210854715202004e-17,-1.045784370814577,-3.5744389353864494,2980,4.0397863,0.00040992428666770914,3.28072452545166,-0.18484111,-0.2216874429313581,1000,0.025059378375733746,0.0031246951608249196
1.3355350996254147,0.06409223880863282,0.004523458727087453,2.3630996461510114,0.0044254493,0.7805704447594931,0.0,2.25,-47.5,-3.2754499912261963,1.0,0.6700271,0.9998144355859713,-0.11179977827653576,0.0,-0.7702059702784868,-4.432922176908989,3000,4.0324607,3.557015860903565e-05,4.218176364898682,-0.18453147,-0.2216874429313581,1000,0.01894360353870398,0.0013953586496957258
