_MeanReward,Steps,_mean_obs,_min_obs,_max_obs,_std_obs,_mean_act,_min_act,_max_act,_std_act,_mean_adv,_min_adv,_max_adv,_std_adv,_mean_discrew,_min_discrew,_max_discrew,_std_discrew,_Episode,TotalPolicyLoss,PolicyEntropy,KL,Beta,_lr_multiplier,BaselineLoss,CriticLoss
-48.45,1000,0.00569690134320972,-0.801773456423087,0.6777246244373094,0.010539423656576787,-0.016494943047233392,-2.1750361919403076,2.224496603012085,0.3756213855781437,1.4210854715202004e-17,-1.7491617159756507,2.9803019951822622,0.9999581126951799,-0.11317123787325241,-0.2216874429313581,0.0,0.004134729286251408,20,-0.20620714,3.6628327,0.0012988973,0.6666666666666666,1.0,0.0024673910616215353,0.26554805
-49.75,1000,0.002911554556125579,-0.6373565332516337,0.5547730885462981,0.010567044813748589,-0.010470574386738008,-2.4065256118774414,2.1367549896240234,0.36248863099999085,7.105427357601002e-18,-1.9640401234233096,3.249651746807045,0.9999642535868511,-0.11755071234965624,-0.2216874429313581,-0.0050000000000000044,0.004045254856965789,40,-0.46216464,3.67364,0.0016039076,0.6666666666666666,1.0,0.0017311146913539406,2.255761
-49.35,1000,0.00690268773965832,-0.48272976210539226,0.48832989847659375,0.009117004347039501,-0.006839120615710272,-2.1012096405029297,2.2201313972473145,0.3628297336368215,4.263256414560601e-17,-2.186380343994451,3.6961295775982714,0.9999513887704412,-0.11604978612813362,-0.2216874429313581,0.0,0.004006233745132693,60,-0.83211654,3.707174,0.0015237498,0.6666666666666666,1.0,0.0007994167937445012,7.832116
-48.05,1000,0.012613887354809466,-0.7008974468834894,0.46677193401714645,0.010837753022299517,-0.0024545589998160723,-2.4896504878997803,2.0260727405548096,0.37411046391934116,-1.7763568394002505e-17,-2.8730255729905743,3.9597543391733407,0.999937021248109,-0.11303743144187166,-0.2216874429313581,0.0,0.0038903699079876884,80,-1.4475696,3.7202466,0.000839915,0.4444444444444444,1.0,0.0003122271245379451,22.382488
-48.85,1000,0.00041199722387685715,-0.5183500747506086,0.5854587243946989,0.010115432553599358,0.011428681331046391,-2.04959774017334,2.242169141769409,0.3728989970353895,7.105427357601002e-18,-3.36200353263198,3.268170548473405,0.9999343189714904,-0.11560996834727881,-0.2216874429313581,-0.0050000000000000044,0.00400340467320558,100,-2.0941713,3.7223492,0.0015990393,0.4444444444444444,1.0,0.00017407011656004066,33.604965
-48.55,1000,0.011575024044632494,-0.295966968865459,0.6746510110449339,0.010356697398432793,0.030895258372765966,-2.1112220287323,2.3743057250976562,0.3736214477435552,1.4210854715202004e-17,-4.912169574920102,3.531055630730279,0.9999097639305694,-0.11382865421256386,-0.2216874429313581,0.0,0.003984545238493209,120,-3.5500674,3.7115755,0.0017409942,0.4444444444444444,1.0,0.0001731241081010575,99.80153
-49.75,1000,0.011521353061109527,-0.3803177152927963,0.5764789654378129,0.009670344793289256,0.007173644398804754,-1.947145938873291,2.0237390995025635,0.36540425118740594,1.4210854715202004e-17,-5.395955338142822,3.7882229575419974,0.9998871281456513,-0.11706152553554176,-0.2216874429313581,-0.0050000000000000044,0.004026611869512896,140,-4.384005,3.7000341,0.0029534474,0.4444444444444444,1.0,0.0001208777928999045,105.2586
-49.65,1000,0.004857205521377614,-0.42258799716061946,0.8136606147421113,0.011179189962114627,0.035234000857686625,-2.1275634765625,2.1467297077178955,0.3673449869527141,-1.4210854715202004e-17,-2.823040761633022,3.225046415878943,0.9998569995686418,-0.11694555442767662,-0.2216874429313581,-0.0050000000000000044,0.004053725545706698,160,-8.019372,3.6999645,0.0015923417,0.4444444444444444,1.0,9.104578875444124e-05,434.2838
-49.25,1000,0.0013908183886563305,-0.5699765911618943,0.5494433848439505,0.010591831710734608,0.031993537790549455,-2.2687947750091553,2.233384609222412,0.37072305979466075,1.4210854715202004e-17,-2.8641690306713152,3.7297597820000554,0.9998746422389512,-0.11638960947892442,-0.2216874429313581,-0.0050000000000000044,0.003945413332803888,180,-12.74895,3.7059534,0.0018696234,0.4444444444444444,1.0,8.770069963815548e-05,1167.2418
-49.25,1000,0.018590104229567292,-0.43229171925849075,0.5309291719767703,0.009248967813511673,0.0342024497356615,-2.40273118019104,2.2312870025634766,0.380895239969981,-4.263256414560601e-17,-3.4460266690365935,3.933289973730491,0.9998457515140294,-0.11584160122242185,-0.2216874429313581,-0.0050000000000000044,0.0039749733735792115,200,-15.836631,3.7192612,0.0024646628,0.4444444444444444,1.0,9.777332038435932e-05,1420.8114
-49.35,1000,0.01977694651909536,-0.2659627896778874,0.5930179637165064,0.010449746267767516,0.04851968862302601,-1.983068823814392,2.315141201019287,0.35944222891134714,-2.842170943040401e-17,-2.417908279788926,3.9477815350121146,0.9998536248969553,-0.11651877874269499,-0.2216874429313581,-0.0050000000000000044,0.003970285319194575,220,-20.144308,3.7345243,0.0019366582,0.4444444444444444,1.0,8.904534503040965e-05,1983.4886
-49.55,1000,0.012486982129301038,-0.35056055530468694,0.6712776122498151,0.010723641445802451,0.033781762578641066,-2.269965648651123,2.2658815383911133,0.368979839979295,2.842170943040401e-17,-2.9150316938997616,3.2903614923037994,0.9998261943558275,-0.11722173117688849,-0.2216874429313581,-0.0050000000000000044,0.004001133709486083,240,-32.486485,3.731922,0.0010070906,0.2962962962962963,1.0,9.51901945343925e-05,6645.4727
-49.6,1000,0.004734140631324345,-0.35781802769632226,0.5245438973730407,0.009830182176758922,0.03955338291102089,-2.0243008136749268,2.5260868072509766,0.38973541232362063,2.842170943040401e-17,-2.5191658147146603,3.3917593225363287,0.9998060797253752,-0.11668965820988182,-0.2216874429313581,-0.0050000000000000044,0.004036187456936009,260,-55.682564,3.7600598,0.0014995594,0.19753086419753085,1.0,5.385759611794751e-05,26065.59
-48.5,1000,0.015383284559770134,-0.26150821053446777,0.5959921758499267,0.009262519405941938,0.038703692431998206,-2.2412214279174805,2.3165769577026367,0.3831798784358595,0.0,-3.3317245276965264,6.367962768103711,0.9998510264352582,-0.11519671209023136,-0.2216874429313581,-0.0050000000000000044,0.0039214031328732865,280,-92.676765,3.7820911,0.0019236978,0.19753086419753085,1.0,0.00013541480815150157,88699.266
-48.55,1000,0.013860898672641765,-0.40154775760576006,0.714215568114843,0.009503455860811394,0.04747215195326135,-2.4502949714660645,2.681447744369507,0.3824252340931309,2.842170943040401e-17,-3.7799927628528516,5.610592290086581,0.9997991376327426,-0.11634216028322704,-0.2216874429313581,-0.0050000000000000044,0.0038977325465196122,300,-133.21558,3.7657955,0.0024980535,0.19753086419753085,1.0,8.064051683411268e-05,203644.44
-49.15,1000,0.017488367242865146,-0.45660508810559863,0.7503349040629531,0.010945564847811349,0.05034494975476991,-2.489502429962158,2.2527339458465576,0.3773747090650764,-1.4210854715202004e-17,-3.2168382719468216,3.761967870931502,0.9998434611603481,-0.1157818272535471,-0.2216874429313581,-0.0050000000000000044,0.003930991502026944,320,-147.53006,3.745495,0.006057043,0.2962962962962963,1.0,7.427573968313658e-05,200093.7
-49.7,1000,0.013326940009694395,-0.39349874592451345,0.7233864178064513,0.010618561583709373,0.040802919566907805,-1.9271320104599,2.21207857131958,0.37971449305719546,1.4210854715202004e-17,-3.199433973503318,3.254722500150825,0.9997936788968743,-0.11719883612764369,-0.2216874429313581,-0.0050000000000000044,0.004012688350341008,340,-242.81078,3.7398064,0.0034577628,0.2962962962962963,1.0,4.48388311089336e-05,707569.25
-48.8,1000,0.005916546278725471,-0.47715883149660115,0.6610056468811842,0.010430751129485173,0.003527834793785587,-2.387303352355957,2.2412397861480713,0.36156291751490893,0.0,-2.5126673554997128,4.996605710685904,0.9998463121632974,-0.11511810200294466,-0.2216874429313581,-0.0050000000000000044,0.003919440326611697,360,-335.40402,3.7405238,0.0015173716,0.2962962962962963,1.0,7.525401735174403e-05,1398669.8
-47.3,1000,-0.003583261366397362,-0.4922574358235238,0.5246718960147096,0.010581282896996278,0.01043128970808175,-2.022334098815918,2.0294644832611084,0.37930687680369657,7.105427357601002e-18,-1.9699338086430271,4.846712198881231,0.9998590466299988,-0.11032914118038457,-0.2216874429313581,0.0,0.004013457920335153,380,-478.32397,3.7424326,0.0030433035,0.2962962962962963,1.0,0.0001814179161645267,3197666.0
-48.95,1000,0.0007417865213802942,-0.5643532841178583,0.46219302082530345,0.009640837000956123,-0.01711731080088066,-2.4016826152801514,2.238168716430664,0.38268694154381067,1.4210854715202004e-17,-2.8423917973377897,4.4023612554651805,0.9998720226957473,-0.11436016173997543,-0.2216874429313581,0.0,0.004057543136777019,400,-470.44305,3.7262487,0.0017810785,0.2962962962962963,1.0,0.00011061889904690091,2668091.0
-48.35,1000,-0.0013357824811192655,-0.6320551372881013,0.5213660547855011,0.011007484295579737,-0.011853445866145194,-1.9513444900512695,2.133302688598633,0.3858815560029688,-1.7763568394002505e-17,-3.0862475550631014,3.2866175104687247,0.9998443729350553,-0.11356585307559643,-0.2216874429313581,-0.0050000000000000044,0.003882859864097762,420,-614.45044,3.7260122,0.0086599365,0.4444444444444444,1.0,0.00010275268129854314,4898100.0
-49.65,1000,-0.0038017620421046537,-0.6033482674772638,0.6521741203303809,0.010571411389463355,-0.023092495116987265,-2.1471095085144043,2.558016300201416,0.37908765958287394,-7.105427357601002e-17,-5.375794603827704,4.010272547584857,0.9997573068598111,-0.11730488466144914,-0.2216874429313581,-0.0050000000000000044,0.004018807144159459,440,-822.567,3.7324452,0.0046887333,0.4444444444444444,1.0,3.7202605737472667e-05,9217282.0
-48.45,1000,-0.01837900005579365,-0.6625172731272176,0.49831088044031724,0.010516012849575767,-0.05639286030159565,-2.4479587078094482,1.9406503438949585,0.380710669533045,3.552713678800501e-18,-2.663851023043398,3.8010897451987353,0.9998231855469042,-0.11523744933374967,-0.2216874429313581,-0.0050000000000000044,0.003804993253917662,460,-1055.5149,3.7321944,0.0051600034,0.4444444444444444,1.0,7.648286118104242e-05,15855356.0
-49.1,1000,0.0018646832039282413,-0.5173207831016424,0.7105985355259712,0.011980978095463488,-0.01551371185388416,-2.210496425628662,2.2192258834838867,0.396225209880445,3.552713678800501e-18,-3.3803218413929526,4.161178327171095,0.9997825520950294,-0.11591047678563371,-0.2216874429313581,-0.004975000000000005,0.003939386439229143,480,-1575.3171,3.7366023,0.0074888333,0.6666666666666666,1.0,4.4702400031605524e-05,38953424.0
-49.7,1000,-0.002443138100215811,-0.6279892380792851,0.5962824631724003,0.01087596180308427,-0.011546025524206926,-2.124642848968506,2.122091770172119,0.3885603186907773,4.263256414560601e-17,-4.512700283202411,5.107252177528029,0.9997783124301953,-0.1173686825720161,-0.2216874429313581,-0.0050000000000000044,0.004023986374097854,500,-1645.9584,3.7241106,0.008763796,1.0,1.0,4.278381184651877e-05,40167930.0
-47.35,1000,0.007063950746650351,-0.4163082310662858,0.6942804812427797,0.011634340256537961,0.023721299738856033,-2.4978415966033936,2.5775647163391113,0.3818546286705028,1.4210854715202004e-17,-2.012234069177095,4.782635647868963,0.9998639270788869,-0.11106797399806997,-0.2216874429313581,-0.0050000000000000044,0.0038144640146769654,520,-2048.0012,3.7271948,0.0034714034,1.0,1.0,0.0001601722555321369,65135224.0
-48.75,1000,0.014565052823927647,-0.5019100398612719,0.7447029077677572,0.012213507497203888,0.0263581631827401,-2.355088233947754,2.2442626953125,0.38645084222468157,-1.4210854715202004e-17,-2.734840314452916,4.225119818640943,0.9998357152411843,-0.1151444792233984,-0.2216874429313581,-0.0050000000000000044,0.003928651577978812,540,-1969.5485,3.7241697,0.0055170716,1.0,1.0,8.277338836352636e-05,56075804.0
-48.65,1000,0.00258031763752102,-0.5405448555737099,0.6875822262413889,0.01211332868577707,-0.01622648499137722,-2.4270074367523193,2.5763750076293945,0.37245798581527,3.552713678800501e-17,-3.3101043954574427,3.078515399063534,0.999820511761549,-0.116008808633776,-0.2216874429313581,-0.0050000000000000044,0.0038891885107370018,560,-1972.6823,3.7134197,0.0061584385,1.5,1.0,7.10478276740559e-05,55078052.0
-49.15,1000,0.0024660891016179036,-0.48768937983279625,0.6634078627983716,0.012566551350067416,-0.018521730516338722,-2.3288087844848633,2.0792555809020996,0.39177753089016176,2.842170943040401e-17,-4.089095216103311,5.078540294450941,0.9997967063580206,-0.11641504232692743,-0.2216874429313581,-0.0050000000000000044,0.003944893488587377,580,-2277.2935,3.7085934,0.003910151,1.5,1.0,4.204300882485557e-05,77569290.0
-49.5,1000,0.020958356965543042,-0.2876279354946714,0.7011087468170075,0.011206169413115988,0.0254623461504234,-2.502938747406006,2.2891387939453125,0.3868935997183264,0.0,-3.1997646420681836,3.1385579711559,0.9997439861990423,-0.11667968902594046,-0.2216874429313581,-0.0050000000000000044,0.003975210569766704,600,-2413.6663,3.699186,0.0026143075,1.5,1.0,4.082014254640734e-05,93884450.0
-48.3,1000,0.011733371336611738,-0.548073941154323,0.5915418485541216,0.012427099282338167,-0.0052716050124727186,-2.0395748615264893,2.044909954071045,0.3687430875198682,-2.842170943040401e-17,-2.206436473339699,5.105496015181269,0.9998443691603732,-0.11318609438632697,-0.2216874429313581,0.0,0.00395596436756026,620,-3136.0837,3.6865435,0.0024747946,1.5,1.0,7.745978837401522e-05,148695800.0
-49.25,1000,-0.00084459043849311,-0.5549449644968673,0.7079814921468965,0.012754156809584949,-0.018179128310643135,-2.032641887664795,2.1608808040618896,0.3822132756342878,-1.7763568394002505e-17,-2.8948019510271377,3.015971594964421,0.999783477861366,-0.11557537508124298,-0.2216874429313581,-0.004975000000000005,0.003993801147829103,640,-4068.154,3.6975017,0.002447652,1.5,1.0,5.459829810179578e-05,263157810.0
-48.45,1000,-0.001246085196227148,-0.4660122220486279,0.6725732133472028,0.010516821655632157,-0.00600161291914992,-2.344698905944824,2.18206524848938,0.36880434606673146,-7.105427357601002e-18,-2.359237995886465,4.731406807193026,0.9998227419643526,-0.11468938382196407,-0.2216874429313581,-0.0050000000000000044,0.003941774639982838,660,-2608.9573,3.7055542,0.0014293933,1.0,1.0,0.00014247944246159445,86962510.0
-47.85,1000,-0.0067490237985730105,-0.5588313971742541,0.6308775894004354,0.010803820208839979,-0.025191675516194664,-2.163343667984009,2.381284236907959,0.3821208184387155,0.0,-2.4568349471358464,3.7177150729323225,0.9997999365518506,-0.11296420258120446,-0.2216874429313581,-0.004975000000000005,0.003824931071497305,680,-3436.7463,3.7218804,0.008791868,1.5,1.0,6.754231241161863e-05,199502030.0
-48.15,1000,0.012201404874359249,-0.3609708801250325,0.6500509819798694,0.01071208249938003,-0.010486269928049297,-2.419166326522827,1.9298200607299805,0.3788927477355364,-2.1316282072803006e-17,-2.486872769948256,4.24756763295701,0.9997866027571595,-0.11503756884675671,-0.2216874429313581,-0.0050000000000000044,0.0037663995525838664,700,-3374.24,3.7108817,0.0015011159,1.5,1.0,6.288256990465748e-05,172143540.0
-47.8,1000,0.0010878374525037553,-0.45004397963075937,0.5758773852987197,0.010230509559480114,-0.011046430498594419,-2.108337640762329,2.010098457336426,0.37940628649028973,-1.4210854715202004e-17,-2.4677900088992235,5.302546838297049,0.9998263538005497,-0.1138676913244336,-0.2216874429313581,-0.0050000000000000044,0.0038887097267337853,720,-1124.1543,3.7102952,0.0016859014,1.5,1.0,0.00012931012572534563,43948910.0
-46.0,1000,0.00548252032103495,-0.38615055564307843,0.6828941439204265,0.010285469914550418,-0.021747970164811704,-2.1680233478546143,2.1351318359375,0.4062138330685229,1.4210854715202004e-17,-2.064903598029621,4.341014147750762,0.9998589817638802,-0.10870872110523115,-0.2216874429313581,0.0,0.0036466821252542233,740,-2797.6677,3.7288938,0.0031667484,1.5,1.0,0.00016653563506525452,172609060.0
-49.25,1000,-0.010599689375248484,-0.3599363712429648,0.602754044182109,0.010568785991665258,-0.06196232167282142,-2.2273547649383545,2.253276824951172,0.3860014065463466,0.0,-3.1308012309597966,2.9843813400682504,0.9998239258237023,-0.11595873483883139,-0.2216874429313581,-0.0050000000000000044,0.004065919544903052,760,-915.8018,3.730664,0.003685099,1.5,1.0,6.759351002572981e-05,58935156.0
-47.25,1000,0.004066390254063395,-0.5005489024502469,0.5203306485437348,0.01106417209258755,-0.04414761808211915,-2.6568844318389893,2.1385953426361084,0.3950914965057891,-4.9737991503207014e-17,-1.9199616514077742,3.6173850310225366,0.9998061572606212,-0.11107885752102559,-0.2216874429313581,0.0,0.003776809874309691,780,-2480.4797,3.708549,0.0037159966,1.5,1.0,8.617875004402068e-05,121039270.0
-47.2,1000,0.0041492398794876805,-0.44488604171013635,0.6306614900249669,0.011048217405877395,-0.05989505440043286,-2.792001247406006,2.2131259441375732,0.39879141860816686,1.4210854715202004e-17,-1.9456808360231954,5.214733429794491,0.9998309820355824,-0.11033620097838504,-0.2216874429313581,0.0,0.0038544057307052276,800,-3138.9978,3.700451,0.00445102,1.5,1.0,0.00011260761043385501,157829740.0
-46.05,1000,-0.005198336721589389,-0.4377184567587756,0.549050297724396,0.010941372357850174,-0.06415269924892346,-2.5680091381073,1.8912361860275269,0.38740230042519624,0.0,-1.8826744893071485,5.099906079151295,0.9998732306479474,-0.10796414487786567,-0.2216874429313581,-0.0050000000000000044,0.0037097396159444704,820,-2751.9143,3.6890526,0.0022852565,1.5,1.0,0.0002601290331705958,99013610.0
-46.6,1000,-0.002482566395334675,-0.36001982353364054,0.569116697106989,0.010112973309737315,-0.05904659462999552,-2.409074544906616,2.2003066539764404,0.3752609376405383,0.0,-2.0208037646137123,4.5631640989444415,0.9998604712141587,-0.10820343515290898,-0.2216874429313581,0.0,0.0038490764413655707,840,-3578.0955,3.6842365,0.0026370885,1.5,1.0,0.00020443031387287747,177415230.0
-48.0,1000,-0.004730791323224594,-0.4134516205486446,0.646582089548987,0.009218611206881338,-0.05867191606498091,-2.572519063949585,2.146359443664551,0.3800512209271014,0.0,-2.8030168067082695,3.4535941782228443,0.9998096224511512,-0.11310447160379568,-0.2216874429313581,0.0,0.0038538989802659983,860,-2516.393,3.680038,0.006113861,2.25,1.0,7.289914694141475e-05,82542440.0
-47.45,1000,-0.00319615587311753,-0.28002774857102175,0.4566165490224048,0.009606390183585325,-0.0517341155114118,-2.3411500453948975,2.063664674758911,0.3929961335440774,-1.4210854715202004e-17,-2.61602470583571,3.5600805385619854,0.999850872929757,-0.11034548903028006,-0.2216874429313581,0.0,0.0039107770723178035,880,-2251.9167,3.6694531,0.0019213093,2.25,1.0,8.356735646072036e-05,92957690.0
-45.95,1000,-0.00010966262794426841,-0.37268091513458007,0.6400486608713355,0.011664211735674775,-0.049952759676147256,-2.3718161582946777,2.139598846435547,0.37532021945081673,-1.4210854715202004e-17,-2.3912846319966965,4.17097370994445,0.9998839637583743,-0.10595420866885398,-0.2216874429313581,0.0,0.003923114044523838,900,-1916.2782,3.6595535,0.0014623024,1.5,1.0,0.00023380448141718235,64685104.0
-46.6,1000,-0.010290493875083842,-0.39151791033100103,0.4479505161948069,0.00882127867361692,-0.07194904095691163,-2.5982518196105957,2.007253408432007,0.3837977765761211,-2.1316282072803006e-17,-3.1557807713001744,3.3170689834272458,0.9998517474077054,-0.10984548681971472,-0.2216874429313581,0.0,0.003678955794006318,920,-1815.3696,3.6444206,0.0026343535,1.5,1.0,0.00013418388369199703,49859760.0
-45.3,1000,-0.009825375400858987,-0.4327095337179144,0.3349756706273364,0.010626266473875587,-0.10186895497015212,-2.709245204925537,2.5091090202331543,0.3650090181243828,4.263256414560601e-17,-2.120582991843254,3.367706099841127,0.9998841291386968,-0.10495599116979464,-0.2216874429313581,0.0,0.00368784348786059,940,-2244.758,3.6385608,0.005937581,1.5,1.0,0.00017969597593706449,60541070.0
-45.8,1000,0.007027242231491782,-0.8657272227384493,0.6028583639677949,0.012051985993298809,-0.09118261791369878,-2.3408267498016357,2.0793774127960205,0.3823162590533995,3.552713678800501e-18,-3.395317881608986,3.452700465819702,0.9998657491137178,-0.10746658864728086,-0.2216874429313581,0.0,0.0037601985381441896,960,-379.95435,3.6425316,0.0037932952,1.5,1.0,0.00011619433959645512,30617066.0
-43.3,1000,-0.004159427226047757,-0.499743649430576,0.42501351846355184,0.009270370867952682,-0.07341149428975768,-2.322906732559204,2.2437307834625244,0.36914008656639974,0.0,-2.784082102306505,3.5372424928004156,0.999882334786824,-0.09907531461642823,-0.2216874429313581,0.0,0.0038920585012063524,980,-2190.7927,3.6324728,0.0027224624,1.5,1.0,0.00019534790000766322,82123430.0
-46.75,1000,-0.00671809393340227,-0.4909055714199918,0.3083369641946185,0.009028354182535949,-0.11230156375956722,-2.36966872215271,2.1865713596343994,0.3718782250300759,-2.1316282072803006e-17,-4.08842861730963,2.513119062021484,0.9999010032051346,-0.11084683484750746,-0.2216874429313581,0.0,0.0036350764662028694,1000,-337.18152,3.619345,0.00367728,1.5,1.0,0.00029104151193332496,39435416.0
-45.6,1000,-0.0002741478409713076,-0.38779304209245,0.40221298711910103,0.01028260454142518,-0.08780663607793394,-2.575852870941162,2.1166043281555176,0.3682504323181096,2.842170943040401e-17,-2.0509401954310493,4.480733207118999,0.9998823066176126,-0.1057460826753807,-0.2216874429313581,0.0,0.0036451071607191735,1020,-1687.5132,3.6063871,0.0034792593,1.5,1.0,0.00018330736724739716,56167210.0
-45.75,1000,-0.012053618599669354,-0.530280807557952,0.5670323006818835,0.01255931268383872,-0.12666498114384012,-2.9029057025909424,1.8844369649887085,0.38254012725609976,2.1316282072803006e-17,-2.4219115098971,4.5345446791772135,0.999868475977935,-0.10812966653078528,-0.2216874429313581,-0.0050000000000000044,0.0036430766272221166,1040,-1699.946,3.6099718,0.004115243,1.5,1.0,0.0001522548595693369,47842264.0
-44.05,1000,-0.00319773682675992,-0.4267167131773283,0.6140617081328318,0.011207282500076582,-0.08221989912871504,-2.1579174995422363,2.1915407180786133,0.3830263878621951,-2.842170943040401e-17,-2.0319357942621887,3.056589348988366,0.9998927234762006,-0.10192337902659782,-0.2216874429313581,0.0,0.003598631947991839,1060,-1479.1564,3.6018703,0.005060435,1.5,1.0,0.00033993865317635016,23184862.0
-43.85,1000,0.000543104466865159,-0.48853984644960696,0.395067667865019,0.010627629393719482,-0.06869714620913146,-2.203869581222534,2.1448974609375,0.373394587659025,3.1974423109204506e-17,-2.3521652326359788,4.381809674384987,0.9998991625521569,-0.10338519394784336,-0.2216874429313581,0.0,0.003395913689919953,1080,-1005.73883,3.5713398,0.0047214413,1.5,1.0,0.0002635111048611708,18554864.0
-43.25,1000,-0.012772145932075592,-0.6047404684732051,0.37750563992272,0.01048484616441157,-0.10963387910317397,-2.4207592010498047,2.1942927837371826,0.3781078786906522,0.0,-2.2879119573068474,3.1637839528196263,0.9999032104308616,-0.10054657702576424,-0.2216874429313581,0.0,0.003505589129225216,1100,389.33163,3.5369034,0.0048974464,1.5,1.0,0.00022029752233186973,15455394.0
-41.45,1000,-0.019916360384208513,-0.5174526382693658,0.5376032301790703,0.010301268614899243,-0.11541783758444944,-2.2159831523895264,2.2629120349884033,0.35994196437053416,-2.4868995751603507e-17,-2.481890236570691,2.8311682107809966,0.9998849898182055,-0.09484034474990803,-0.2216874429313581,0.0,0.0032565885183620962,1120,-576.8146,3.5224214,0.0051907194,1.5,1.0,0.0002794435203103273,18561664.0
-39.45,1000,-0.007571307448200433,-0.5180131916955929,0.41534750370531254,0.008330820528726598,-0.10572579640429466,-2.479774236679077,1.8331419229507446,0.3696748066931647,2.842170943040401e-17,-2.2526840769924052,4.725176233063156,0.9998958776240624,-0.09289769917713507,-0.2216874429313581,0.0,0.0030600873856657584,1140,-112.11363,3.5100718,0.0036497908,1.5,1.0,0.00021648870207427578,7551115.5
-41.5,1000,-0.014768667418898282,-0.4862493814343221,0.5371837381154314,0.010155754422858593,-0.14114162238268183,-2.1458113193511963,1.7594809532165527,0.35856068678954744,2.1316282072803006e-17,-3.0214656831339415,3.2116325130781056,0.9999194208578217,-0.09675519239607143,-0.2216874429313581,0.0,0.0031549120043204617,1160,166.26875,3.5004086,0.006001732,2.25,1.0,0.0003505284064358867,6953835.5
-39.4,1000,0.0028496073842185312,-0.4580467520279912,0.33450633261265306,0.00931716200822305,-0.09975306413939689,-2.486374855041504,2.1523008346557617,0.3672429800249472,4.263256414560601e-17,-2.7302791536418436,2.7563341947614006,0.9999187253032182,-0.08999821430879847,-0.217736918068623,0.0,0.002955697106391468,1180,20.468575,3.492279,0.0037175019,2.25,1.0,0.00031834363051295154,5124138.0
-38.4,1000,-0.005452601737166743,-0.4212693780366311,0.3879052014477111,0.010506618966683565,-0.09628595643746667,-2.4853274822235107,2.2709226608276367,0.34781054851608734,-2.842170943040401e-17,-2.3547596575291636,2.83095183446578,0.9999001990100846,-0.08512534092093975,-0.2216874429313581,0.0,0.002758785275925435,1200,-317.76584,3.4869351,0.0059962207,2.25,1.0,0.0002909700519078312,5046457.5
-38.0,1000,0.004336723062865395,-0.42602784325231685,0.5007669421243055,0.010414207639060752,-0.08856024348526262,-2.250816822052002,2.3397834300994873,0.3734894494810429,2.842170943040401e-17,-2.3840424052380156,2.7506500409106858,0.999913114490184,-0.0867614428013748,-0.21734217795363178,0.0,0.0029955245870658597,1220,10.995018,3.492444,0.005457618,2.25,1.0,0.00042776463970151113,4173767.0
-33.65,1000,-0.003137799777034274,-0.34745314678498057,0.31035853268167835,0.008026773441710742,-0.13049163080286236,-2.4503986835479736,2.1624929904937744,0.3651028333432947,0.0,-2.3414330471743043,3.100229162952771,0.9999050503486259,-0.07685237352429822,-0.20218185527240434,0.0,0.002415591608644661,1240,51.435062,3.4683876,0.004287587,2.25,1.0,0.0004404293612594554,1660320.9
-27.15,1000,-0.015071285322450329,-0.44591545081349443,0.26314878500372274,0.007293865205304076,-0.12420309042365989,-2.2768750190734863,2.2065036296844482,0.3627145043695458,1.4210854715202004e-17,-2.51846827072223,3.176395907326055,0.9999144670928894,-0.05825158052343289,-0.19735537125113536,0.0,0.001788936113565588,1260,-165.89116,3.4157352,0.0057349,2.25,1.0,0.0004611425931842413,2116468.5
-32.5,1000,-0.013428834130069714,-0.45432145358850307,0.4110135701112496,0.008323953708127612,-0.11864224366028793,-2.4343504905700684,2.3920021057128906,0.3573661187619161,1.4210854715202004e-17,-3.031510754324565,2.7864246338596015,0.9999223708595985,-0.07262833743857339,-0.2216874429313581,0.0,0.0024209050179614337,1280,-469.30984,3.3953426,0.0038316504,2.25,1.0,0.0006397128995832053,4263580.5
-34.6,1000,0.004640861654589366,-0.38497022944920595,0.3303541890940519,0.009810322961359138,-0.1266495445051696,-3.1336910724639893,1.8702460527420044,0.35901072640101633,-4.263256414560601e-17,-2.3351699601547358,3.826005017030255,0.9999044857623506,-0.07881060431397392,-0.2009595476152745,0.0,0.0025515143587123957,1300,-346.70367,3.38005,0.0028847891,2.25,1.0,0.0002859722101305317,1607066.5
-29.3,1000,-0.009795999644312374,-0.46816583593248917,0.4199305692838973,0.009933096616049691,-0.10449940448766575,-2.758495569229126,2.0005686283111572,0.34873435761129096,-1.4210854715202004e-17,-2.6387167886809855,2.8721772634875564,0.999926097003907,-0.06098313480273055,-0.2216874429313581,0.0,0.0025686131298819875,1320,-318.86652,3.3778603,0.007237115,3.375,1.0,0.000699870367086603,1577431.6
-27.75,1000,-0.01160263012110226,-0.4114201000197345,0.3065195222126716,0.009892365811794963,-0.09049329377803951,-2.45454740524292,2.0601253509521484,0.361123467706831,3.552713678800501e-17,-2.5087125871690423,2.6653331904203053,0.9999270581996702,-0.059965695323309115,-0.20434961786109374,0.0,0.0017997032095642819,1340,-91.32172,3.3787503,0.0029418317,3.375,1.0,0.0005369651004025974,1469323.0
-22.1,1000,0.0003893053703459606,-0.4145442705709708,0.3007606379219182,0.009825448560704523,-0.13737426341813988,-2.356250762939453,2.130612850189209,0.366116917145057,3.552713678800501e-18,-2.952971746972456,2.4658207076042613,0.9999048482346018,-0.042220949603216804,-0.20073319614958865,0.0,0.0015310575732068786,1360,-100.827576,3.3620749,0.0029104478,3.375,1.0,0.0004270583402986571,1143439.2
-22.55,1000,-0.007486783517375101,-0.40649186151148253,0.3338577736637485,0.008379945722729442,-0.11259731556056067,-2.3224174976348877,1.7883927822113037,0.3463925705983265,-4.9737991503207014e-17,-3.668858287902277,2.476323186047523,0.9999065222074798,-0.04694169684569955,-0.16843913547996847,0.0,0.0013811184548066415,1380,286.9068,3.3454466,0.002716616,3.375,1.0,0.0003181441336991706,1786988.6
-19.25,1000,0.0020553796059734016,-0.382531375359569,0.3075847367651047,0.007900785443102153,-0.08265426037623547,-2.249497652053833,1.9353387355804443,0.35775045226568714,0.0,-3.8746972423124877,3.064577738499125,0.9998884710847561,-0.03926486001995686,-0.1395134474355961,0.0,0.001027561068397728,1400,254.89847,3.3335533,0.0022986962,3.375,1.0,0.000331020257095866,523477.62
-24.1,1000,-0.00825505802854389,-0.34083149198303503,0.3146456815166284,0.009536326878540984,-0.08286116574564949,-2.3207616806030273,2.1992781162261963,0.3567760744434696,1.4210854715202004e-17,-2.5930351529575706,2.157355543787041,0.9999255723632836,-0.05007173270009299,-0.16193781757083567,0.0,0.0014888530690312022,1420,150.72697,3.3028154,0.0022451,3.375,1.0,0.00048485328094489646,881838.9
-19.45,1000,-0.01444480339390462,-0.4014165365546193,0.33025882270679935,0.009036843806993365,-0.11087389704829548,-2.589461088180542,2.0519399642944336,0.35657162569799405,-2.842170943040401e-17,-2.988003564408981,2.799435139763213,0.9998976813543266,-0.03918246963919943,-0.15109527797167613,0.0,0.0012381239485123013,1440,24.353025,3.2914946,0.0027933647,3.375,1.0,0.00041182167935407656,227746.31
-18.4,1000,-0.00630089533380086,-0.3647899014266676,0.2902357295836796,0.009853748779661333,-0.10883822862431407,-2.1082801818847656,2.0187172889709473,0.34984157001725874,1.4210854715202004e-17,-3.06328852769358,2.452777316560101,0.9998891245085028,-0.03508357440075447,-0.1787888655581531,0.0,0.001094490924639001,1460,176.78726,3.2744455,0.0030754216,3.375,1.0,0.0003018446175258761,653821.75
-20.65,1000,-0.008411419473335817,-0.33652026710512273,0.3027743357325089,0.01074385736265156,-0.09830540613317862,-2.450791835784912,1.8472363948822021,0.3563519310749105,-5.329070518200751e-17,-3.9181396670659554,2.3254359938912565,0.9998866890301603,-0.043508821932451085,-0.20432224909213945,0.0,0.0012999561941945878,1480,-6.9801106,3.2321324,0.0034686418,3.375,1.0,0.0003941732413409237,351139.12
-17.35,1000,-0.011090223158867015,-0.3321330038045716,0.29730768984491335,0.010742297699079226,-0.11255533525277861,-2.4349606037139893,1.9886997938156128,0.34922982133294267,0.0,-3.0640268339250767,2.8317084594123223,0.999884303189088,-0.032570613196667444,-0.1398732121625466,0.0,0.0008157148292014378,1500,31.940517,3.205213,0.0019789895,3.375,1.0,0.00029815315464956036,209174.75
-15.75,1000,-0.0013613118288960109,-0.3773200570851121,0.2956552549900676,0.010185369564571538,-0.07676885538059287,-2.6303584575653076,1.8212904930114746,0.3405881546473695,-7.105427357601002e-18,-3.2443223862409654,2.3766019643174268,0.9999110685130203,-0.03003295667190769,-0.1271800771608961,0.0,0.0009534655257622695,1520,54.340725,3.1815698,0.003583297,3.375,1.0,0.00044971153576420296,264988.34
-14.35,1000,0.0005479164476090219,-0.3633395795416775,0.28789674222959927,0.009422034213687053,-0.0862519147801213,-2.1839723587036133,2.3733201026916504,0.35672289126070783,-8.526512829121202e-17,-3.5607153340789433,2.116813009826977,0.9998778319151034,-0.02667311310890031,-0.16668400596568064,0.0,0.0007810872917936235,1540,-63.440395,3.1585908,0.0034855348,3.375,1.0,0.00023284811694176385,311393.28
-13.8,1000,-0.00817750478154174,-0.36943927678101934,0.3172665724906326,0.008589648912196381,-0.10434355892799795,-2.1243844032287598,2.0107240676879883,0.34437181355572655,-2.842170943040401e-17,-3.09355520185337,3.048039404602933,0.999871067033081,-0.02342039623908164,-0.10727570878531834,0.0,0.0004616519831126471,1560,-56.915962,3.1517735,0.0027919034,3.375,1.0,0.00024025218246376007,210388.45
-14.35,1000,-0.0017711296388578026,-0.3274685228689706,0.27766346417438154,0.008697519923712326,-0.10690220009861515,-2.2647557258605957,2.2321155071258545,0.3467124866007676,-2.1316282072803006e-17,-3.8946981661377276,2.4590175833346612,0.9998635355782789,-0.026279711664625324,-0.12093761186613043,0.0,0.0005785655750157155,1580,83.55763,3.1410098,0.0043298258,3.375,1.0,0.0001973500006044329,224688.62
-11.65,1000,-0.0006402466112110438,-0.31761503896095733,0.30419942027979185,0.00897027417533029,-0.10983496393740642,-2.6651244163513184,2.1360433101654053,0.356393211463273,-1.4210854715202004e-17,-3.344643211207047,2.68902151743263,0.9998789470210605,-0.019850742780896647,-0.11886402574140845,0.0,0.00047713102263328906,1600,4.665221,3.125959,0.0025815559,3.375,1.0,0.00032038488140530996,204021.6
-11.4,1000,0.005689725173939462,-0.3237376686173637,0.3025327180762453,0.00870129998195279,-0.07679162410483696,-2.1743392944335938,2.3163933753967285,0.3282431699424219,-7.105427357601002e-18,-3.5892735769076247,2.57347924923479,0.9998004265423989,-0.020553639466517806,-0.11102775345328315,0.0,0.0004136519715474919,1620,17.31116,3.0955133,0.0032008067,3.375,1.0,0.00010321384428333324,173175.86
-11.35,1000,0.0037076925808676394,-0.3555278577187569,0.28736248645343687,0.00943903195459445,-0.08051825788221322,-2.524695873260498,1.9261897802352905,0.33046498971040206,-7.105427357601002e-18,-3.940905125111253,4.237656447257467,0.9998734188651381,-0.017941765000976835,-0.13881282747705465,0.0,0.0004419400547535037,1640,-53.95189,3.070218,0.0031591482,3.375,1.0,0.00017858994867926754,145016.0
-10.1,1000,6.309135588159315e-05,-0.3820137822506255,0.28982180491481213,0.011687845734948065,-0.10574961470346898,-2.217254161834717,1.7962716817855835,0.3352443711684343,0.0,-2.8934952394973363,3.530843613328766,0.9998071186010551,-0.016658900442189952,-0.07482793263203467,0.0,0.0002835552977678059,1660,-58.677547,3.0460927,0.0040818,3.375,1.0,0.00011654533790721477,50554.773
-8.15,1000,-0.005339663613560421,-0.35200184650987315,0.29977958791756676,0.009431257095495407,-0.11259792771493085,-2.5069689750671387,2.133697032928467,0.3431851928663263,-7.105427357601002e-17,-4.138989594229224,3.04760834890569,0.9997814029511765,-0.012129742462532355,-0.060542552598464465,0.0,0.00018125329767323833,1680,29.976088,3.0129876,0.0033567273,3.375,1.0,0.00011953786186335144,111624.484
-8.65,1000,-0.017883489696968947,-0.3466102372889579,0.301092124231092,0.0090987815198354,-0.10472589400975267,-2.1745362281799316,1.7886335849761963,0.34261148745426884,4.263256414560601e-17,-4.6762863526879075,2.591879301219602,0.9998583881080951,-0.013822263935325282,-0.13145741099264863,0.0,0.00039479265106619633,1700,126.97071,2.9959214,0.0046974495,3.375,1.0,9.851084319655514e-05,147740.81
-8.9,1000,0.004389269888815499,-0.3848106028076568,0.31068991637147875,0.010790948778389587,-0.10447427894044085,-2.376967191696167,2.2444512844085693,0.3412169061873951,3.552713678800501e-18,-3.3969876269908776,3.8780368553313385,0.9997653412353611,-0.013688314011551888,-0.08364621446411344,0.0,0.0002197540251725781,1720,100.58317,2.9676707,0.003699593,3.375,1.0,8.592801908080904e-05,78866.83
-7.0,1000,-0.005889441027957253,-0.3383484504992934,0.2991128931937111,0.009532907600060078,-0.09964828964706976,-2.250316619873047,2.1494698524475098,0.3299352327788612,2.842170943040401e-17,-2.788157215512197,3.8174693801578314,0.9997846137160796,-0.010665524609141509,-0.06257753645984454,0.0,0.000162871940055506,1740,-15.241157,2.9357584,0.0027537956,3.375,1.0,8.720498807998784e-05,83106.95
-6.55,1000,-0.00023566244574742867,-0.3635746772066264,0.3083859443862279,0.012723966886846317,-0.09247987699345686,-2.464942216873169,2.105855703353882,0.3434220512939755,1.4210854715202004e-17,-4.128477505213156,3.6732370221403388,0.9997495798590248,-0.008255598351811604,-0.055292947450664445,0.0,0.0001011543116056089,1760,17.990046,2.9184642,0.0028387783,3.375,1.0,5.803951873157942e-05,62688.78
-5.45,1000,-0.015213295377096394,-0.35524813943567446,0.2521187654434015,0.008392812131304458,-0.12617819505761144,-2.3256778717041016,2.109769821166992,0.343128473173509,1.4210854715202004e-17,-4.68867593094964,2.7164224474288226,0.9996755190163811,-0.006407988601906741,-0.05900770203367424,0.0,8.647986107328956e-05,1780,14.584988,2.8956714,0.0037734492,3.375,1.0,4.5507330028305814e-05,52146.914
-5.75,1000,-0.00971923863484563,-0.35531393302351505,0.29683270516718135,0.009657386814669227,-0.11174166712048464,-2.2810282707214355,2.209223508834839,0.3367901752858547,0.0,-4.94385423401667,2.1603876152690202,0.9997383189028417,-0.006785025327708487,-0.07123099720760119,0.0,0.00011425235098639311,1800,53.363583,2.8776417,0.0037300002,3.375,1.0,7.59186110863797e-05,48395.887
-4.0,1000,-0.002287066459001965,-0.35410053768395533,0.2940101611461081,0.008251606185850878,-0.10249535175191704,-2.1216349601745605,2.1287479400634766,0.33505011833305115,5.684341886080802e-17,-3.107210548840708,4.491127461581218,0.999625429982002,-0.004285999521404477,-0.033355971124561117,0.0,3.4724288453012095e-05,1820,98.478355,2.8529654,0.0029344677,3.375,1.0,2.8672369572362425e-05,103302.586
-4.65,1000,-0.0022995112775575617,-0.29456339137127535,0.3081707559120244,0.008664319532813476,-0.12099196830601432,-2.2483468055725098,2.0130717754364014,0.34719803130546095,-1.4210854715202004e-17,-4.1070644414702375,2.6449116381503806,0.9996489131951396,-0.006086263668810733,-0.042014860885429293,0.0,5.315322770634494e-05,1840,43.589634,2.8428106,0.0040105255,3.375,1.0,4.303233333536843e-05,30155.22
-4.05,1000,-0.010889234007177543,-0.34230985857211405,0.28342231948857577,0.009030970434517395,-0.09682894554943777,-2.450448513031006,2.354400157928467,0.3477051497453388,-4.263256414560601e-17,-3.7822506356382157,2.471371566054556,0.999486240959329,-0.0035868605605931794,-0.03652816732949742,0.0,3.549842215344897e-05,1860,62.780266,2.8156116,0.0033908708,3.375,1.0,2.4150857558392683e-05,74491.945
-4.45,1000,0.008791855119555617,-0.3307504046228594,0.2719259912117136,0.010542062058100987,-0.09638225173065439,-2.4723522663116455,2.36067271232605,0.3396600056992825,-2.842170943040401e-17,-6.04790882986207,2.8667542802746993,0.9995520197591932,-0.003157332243127676,-0.04826119050142854,0.0,3.864931293468291e-05,1880,93.6679,2.7960868,0.0030931123,3.375,1.0,2.1285269808669307e-05,103942.29
-4.25,1000,0.0036517028315168894,-0.33567519946463564,0.302209410594019,0.009893650782765074,-0.08166902481485158,-2.4684319496154785,1.9404844045639038,0.322112951724268,7.105427357601002e-18,-4.859177442375916,2.333976040125258,0.9995284623088094,-0.004092657710334968,-0.05258697518877447,0.0,5.355916036418312e-05,1900,48.377502,2.7760963,0.003369494,3.375,1.0,1.839223884788659e-05,18431.207
-4.95,1000,-0.005974691949168465,-0.3484735343977668,0.2977584200965638,0.010517781596016107,-0.12390209777886048,-2.4209821224212646,2.366232395172119,0.3507125481957006,1.4210854715202004e-17,-4.228543210266764,4.678316486257902,0.999577276401671,-0.00556829310237519,-0.040517737171237536,0.0,5.780124659624784e-05,1920,105.01032,2.7622225,0.0033752113,3.375,1.0,2.6484351317717064e-05,111597.266
-3.8,1000,-0.01303590719477528,-0.3692217474286861,0.2994238669985009,0.01057899759463461,-0.09777631733937596,-2.5040104389190674,2.4819774627685547,0.34465759424660125,0.0,-3.2912113309789475,3.5499203876399386,0.999516462353093,-0.003491541672204014,-0.028469910694140354,0.0,2.4092574216878838e-05,1940,65.65349,2.759156,0.0033154683,3.375,1.0,1.8915904225259458e-05,18268.66
-2.75,1000,-0.010470568016003894,-0.3551066602679301,0.2949890272635943,0.008562979559478639,-0.10654194228665438,-2.823918581008911,1.8492544889450073,0.3559022059521013,1.2079226507921704e-16,-5.27504581749886,3.6291725916317943,0.999254189123765,-0.0019105154960717729,-0.028137126623767904,0.0,1.4416458725575107e-05,1960,52.49246,2.7546816,0.0032337508,3.375,1.0,9.92116484889675e-06,12568.588
-3.6,1000,-0.010757732512427553,-0.3341153727454603,0.30688234128673925,0.00838470602550213,-0.12558336375502405,-2.4727485179901123,2.0581777095794678,0.3361936339426255,3.552713678800501e-17,-5.536390257938457,2.6112576853617138,0.9995768783471669,-0.0031927609135674376,-0.03916192563043108,0.0,4.3744746752286634e-05,1980,37.342247,2.7406962,0.0051301853,3.375,1.0,2.6168182631851835e-05,42198.473
-2.7,1000,-0.013445805622025,-0.3134240327957423,0.3176292180866106,0.010273484366945779,-0.13597244524839333,-2.5065484046936035,2.0105433464050293,0.3477623270391125,7.105427357601002e-18,-4.428212221489062,4.647572200939178,0.9992648317592171,-0.0017091463550092554,-0.019850499375000018,0.0,1.093299540515401e-05,2000,135.60707,2.7062378,0.002241357,3.375,1.0,9.845963786540176e-06,110968.64
-2.3,1000,-0.010426949708157097,-0.3230706209204576,0.2581665601806403,0.007719230983564189,-0.15302063693039236,-2.639491558074951,2.4559037685394287,0.3507874930895954,2.842170943040401e-17,-5.25183431376681,2.0002947057841194,0.9993942629290289,-0.0012714521330621795,-0.024702116268734396,0.0,1.1100119402874187e-05,2020,98.836105,2.7028427,0.0021712165,3.375,1.0,8.233689725928768e-06,30617.041
-3.3,1000,-0.004827605754281346,-0.3414538340733431,0.30559117973164485,0.009674166114493296,-0.10846700202254579,-2.5396246910095215,2.1952826976776123,0.3408167520606611,-1.4210854715202004e-17,-6.881506696369724,3.344442416499074,0.9993847832667302,-0.002075587285685187,-0.046879863582472904,0.0,2.560450733393359e-05,2040,10.339506,2.6961055,0.004236449,3.375,1.0,1.2203820791672666e-05,43569.305
-3.8,1000,-0.012497755830208608,-0.33771684331834195,0.3154482840183581,0.010823207776150324,-0.118464032121934,-3.006664752960205,2.2967779636383057,0.36665678581879846,0.0,-5.187848769332839,1.8219808021665524,0.9995196513797046,-0.0031409004654559397,-0.0367860024716375,0.0,3.2395044643075326e-05,2060,46.685055,2.676642,0.0045907535,3.375,1.0,2.4593299881394805e-05,59223.43
-2.25,1000,-0.0034578403467475836,-0.3390511271308932,0.3033747974401558,0.00933803986779624,-0.09212802982912399,-2.307072162628174,2.3867430686950684,0.3366720161140542,-2.1316282072803006e-17,-4.7099414169095,8.080532582198003,0.9992406785079152,-0.0006658609155345543,-0.019850499375000018,0.0,5.556496799809421e-06,2080,34.486782,2.6639807,0.003900444,3.375,1.0,7.892719612852852e-06,8187.381
-2.75,1000,0.009853299937322566,-0.33223567014185573,0.30259021107567086,0.010069620634632926,-0.10636378711044381,-2.3896374702453613,2.3023135662078857,0.35990217680607256,1.4210854715202004e-17,-5.3568192116636935,7.03069283710887,0.9993241410280563,-0.001730407634929498,-0.03788059464398394,0.0,1.860795232824835e-05,2100,58.633465,2.6556644,0.0035852848,3.375,1.0,1.0246075502105227e-05,24341.008
-2.3,1000,-0.012267053094280524,-0.33835064626759437,0.31127148383740166,0.008574800955447756,-0.12524772404844406,-2.466397285461426,2.3283002376556396,0.3543152348989267,1.0658141036401503e-17,-4.267542403348454,8.94442163578534,0.999175812232446,-0.0011470483241177976,-0.019067590573540585,0.0,7.618754656762795e-06,2120,11.848431,2.6587768,0.005114213,3.375,1.0,4.67063702234315e-06,13726.842
-2.55,1000,-0.006492726480827723,-0.33687304564670073,0.30795952066951565,0.009934483506077962,-0.11499417847162112,-2.5287017822265625,2.5710506439208984,0.36552665490135405,-2.1316282072803006e-17,-5.076754797335057,2.329608870321937,0.9991740860553646,-0.0015181483761940668,-0.02475124687812502,0.0,1.092632666425393e-05,2140,60.266205,2.647491,0.004820668,3.375,1.0,7.460391605899745e-06,49201.133
-2.55,1000,-0.007904061648940773,-0.3441329291315339,0.3165100554653011,0.011005453413362875,-0.11260136970458552,-2.497795343399048,2.69113826751709,0.36482701997974654,-5.684341886080802e-17,-7.67580556722147,3.318826875761845,0.9990054064296501,-0.0011996114842247234,-0.02475124687812502,0.0,8.003962735632017e-06,2160,85.78006,2.6210113,0.0030640685,3.375,1.0,4.428287140863534e-06,24324.676
-2.35,1000,0.001105573200878653,-0.30863074462304496,0.2607427244523225,0.009420579427880344,-0.1341284706639126,-2.5520615577697754,2.357806444168091,0.37959979961341567,4.263256414560601e-17,-4.892160370033385,5.965885545052388,0.9988408071781034,-0.0007166326247384462,-0.019850499375000018,0.0,5.4030398959536254e-06,2180,152.91406,2.6036642,0.002302339,3.375,1.0,3.437472807044862e-06,80290.34
-2.15,1000,-0.014580803535635442,-0.33425430155045976,0.26862339610290936,0.007657823622094507,-0.09400414133595768,-2.87851881980896,2.491115093231201,0.3379042262557134,-2.842170943040401e-17,-8.063407945450411,5.126043471182514,0.9989785375970737,-0.0006095899560300143,-0.02475124687812502,0.0,5.766066114129454e-06,2200,130.57889,2.6011405,0.0044672517,3.375,1.0,4.111249811727195e-06,24965.314
-2.1,1000,0.0034593891478147997,-0.2952366082534089,0.29408477130758653,0.009124646949766476,-0.10002078953338787,-2.4691710472106934,2.2799220085144043,0.33305266877234807,2.1316282072803006e-17,-8.469843831466694,2.1817002564955823,0.9989508519861665,-0.0006535177291277429,-0.02475124687812502,0.0,6.8796347492080236e-06,2220,36.243565,2.6055322,0.0029331907,3.375,1.0,4.43174700017734e-06,17474.52
-2.7,1000,0.0024025083285274403,-0.334138050744985,0.3033223488554227,0.010900601307943115,-0.13177749753720128,-3.4708831310272217,2.5133137702941895,0.3598240124820145,-2.842170943040401e-17,-6.147396172498342,5.606157536611187,0.9989834876335654,-0.0008644959301664075,-0.024154552185863484,0.0,8.336827952100742e-06,2240,47.3672,2.5874119,0.0031875917,3.375,1.0,4.092231081053854e-06,43213.305
-1.9,1000,0.007457424177084725,-0.3303036085811472,0.30086693779088747,0.007663008625370136,-0.10120486058056122,-2.6551756858825684,2.842785120010376,0.3565809730906691,-1.4210854715202004e-17,-7.330890057982703,3.6319264230135566,0.9986394512088592,-0.0006249455134768405,-0.019850499375000018,0.0,5.0327616271261725e-06,2260,24.50124,2.5725675,0.0026858065,3.375,1.0,2.6065226427566813e-06,6002.1504
-2.4,1000,-0.004260730368049699,-0.32853637213399123,0.2885675373210538,0.011496763280036763,-0.09946197071112692,-3.356299877166748,2.9547901153564453,0.3698336236612566,-1.4210854715202004e-17,-9.636742467576392,7.080537666030867,0.9987948601525002,-0.0007357004534511805,-0.024582272274067236,0.0,6.962878067766565e-06,2280,37.84892,2.5560722,0.0052258624,3.375,1.0,3.0133890348992475e-06,27497.555
-2.45,1000,0.006509553194293692,-0.3142368625154657,0.266369023166581,0.010172003217282663,-0.10804074286459946,-3.665785551071167,2.3960673809051514,0.3701466858163833,1.4210854715202004e-17,-5.110206070326712,2.059568905368405,0.99903380721231,-0.001294738724882564,-0.022966038244490818,0.0,9.121688669064262e-06,2300,85.83434,2.5572271,0.0032611487,3.375,1.0,4.593601912856886e-06,47668.97
-2.45,1000,4.7084052843564854e-07,-0.30139789518298726,0.3134497045581535,0.010223917766903018,-0.10043749943911098,-2.6583189964294434,2.9531631469726562,0.36022913221601544,-2.842170943040401e-17,-7.662440843318418,3.043892346163768,0.9989680470229395,-0.0012964448879811644,-0.024442081716771848,0.0,8.091978058935898e-06,2320,111.71359,2.530842,0.0024241977,3.375,1.0,4.814136702914418e-06,26233.557
-1.8,1000,0.004633439738136791,-0.3149098316797614,0.24703405425483374,0.008130098121502238,-0.10372219046880492,-2.897934675216675,2.4230570793151855,0.35727704656088344,3.552713678800501e-17,-7.102849571051954,3.430481577602653,0.9987097973835078,-0.0006394115973984001,-0.019468998805062983,0.0,4.452866280207235e-06,2340,95.18718,2.5298781,0.003608101,3.375,1.0,2.9197608401091442e-06,10719.632
-2.05,1000,0.005254142915124311,-0.31999272004189805,0.2818515702374396,0.009821500126590285,-0.11872678296035155,-3.2195825576782227,2.6723201274871826,0.35517136991363035,1.4210854715202004e-17,-8.159110853686895,8.250631184380122,0.9988503155727749,-0.00042222906683562453,-0.019850499375000018,0.0,4.480619618048161e-06,2360,42.738064,2.523212,0.0029621029,3.375,1.0,2.340254380525995e-06,5023.8057
-2.1,1000,0.0026983734074589186,-0.3042956334001436,0.2984159330389438,0.010747644411860999,-0.10918171953409911,-3.4962716102600098,2.6378087997436523,0.3624008159693569,-5.3290705182007515e-18,-5.434923607663203,8.273568115626848,0.9986256035247347,-0.0006113161278562909,-0.019776987546781345,0.0,4.600337802279539e-06,2380,39.545525,2.5105066,0.0028704505,3.375,1.0,2.2410429410565742e-06,13283.575
-2.25,1000,0.00020538655753088404,-0.3293813443607911,0.2920691575605103,0.009503221750836401,-0.11275544102175628,-3.251713991165161,2.196336507797241,0.3669829089764246,-1.7763568394002505e-17,-7.0796644242232665,4.826684178457643,0.998749447314085,-0.00064788673422637,-0.019336226214744026,0.0,4.9777179086039175e-06,2400,61.47567,2.475617,0.0030110602,3.375,1.0,2.6872242561452e-06,20308.523
-2.05,1000,-0.00180831402194355,-0.29926650022410994,0.28584819028592956,0.00989254967934671,-0.10320619847183116,-3.0494704246520996,2.428112506866455,0.37577367712328336,1.7763568394002505e-17,-8.005600430570569,5.884899646636108,0.99831679907618,-0.0003835048618968597,-0.02475124687812502,0.0,4.13399339244409e-06,2420,-19.490335,2.4519682,0.004932597,3.375,1.0,1.3671943591714212e-06,34020.258
-2.0,1000,-0.0024421098432164234,-0.328764339229029,0.2933975759154431,0.009908775480118587,-0.10568452046148014,-3.423896312713623,2.6651785373687744,0.347267947777157,-5.684341886080802e-17,-7.196403588569638,4.024569803326445,0.998708866613822,-0.0008424995406941742,-0.019801368765609395,0.0,5.0649675433316535e-06,2440,33.779503,2.4456053,0.002751247,3.375,1.0,2.8512984830350187e-06,39265.023
-2.3,1000,0.016135547299416787,-0.33260206597356073,0.2802252364420607,0.010643898778407218,-0.0801541851683287,-2.497365713119507,2.7540643215179443,0.3466483949900067,-7.105427357601002e-18,-5.271141860056339,3.684175884977097,0.9989067562279201,-0.0012221755279537639,-0.024365011933639116,0.0,7.836157533265774e-06,2460,31.836021,2.4243293,0.0032990682,3.375,1.0,4.4870057255352705e-06,6111.216
-1.8,1000,-0.007700357726463231,-0.3273955612843243,0.2853726503122895,0.009593153876832525,-0.11722054489985749,-2.722139835357666,2.7927212715148926,0.3371195902680965,-3.552713678800501e-18,-7.597845815036114,3.1768440128041004,0.9981083372973394,-0.0003091511243750003,-0.019850499375000018,0.0,3.1307728140626788e-06,2480,104.782036,2.426738,0.003416128,3.375,1.0,1.3691624407157014e-06,52397.656
-2.3,1000,0.0021237526857343252,-0.34015290522691194,0.31412242091537423,0.01201219917336197,-0.10268144225049763,-3.762747049331665,2.5036463737487793,0.3555851511752734,-2.842170943040401e-17,-8.823810733033726,5.240998604233698,0.9987123135130233,-0.000647678766383964,-0.02475124687812502,0.0,5.86260570023513e-06,2500,102.722824,2.4244864,0.0022001043,3.375,1.0,2.388171156906635e-06,25695.027
