Beta,_mean_act,_mean_adv,Steps,_lr_multiplier,ValFuncLoss,_min_obs,_mean_discrew,ExplainedVarOld,_max_adv,_std_discrew,_min_act,_std_act,_std_adv,_MeanReward,KL,_max_act,_std_obs,_mean_obs,PolicyLoss,PolicyEntropy,_max_discrew,ExplainedVarNew,_max_obs,_Episode,_min_adv,_min_discrew
1.5,-0.0482277063569054,-8.526512829121202e-17,1000,1.0,0.002804766247064381,-0.9245906151228125,-0.11768397713319553,-1.2595964088529588,3.559680504755819,0.004069059578502995,-2.5579512119293213,0.3771215075674772,0.9999682428179689,-50.0,0.010165078,2.27831768989563,0.011414462286326935,-0.006039418271134209,-0.02104634,3.6638176,-0.0050000000000000044,0.33874120488503756,0.7658913117008488,20,-1.8785384858458647,-0.2216874429313581
2.25,-0.01858539383264724,-2.1316282072803006e-17,1000,1.0,0.0032866768795639613,-3.1682082089918215,-0.11768397713319553,-0.9580806058524582,3.4003687530542903,0.004069059578502995,-1.9217618703842163,0.3693664870195602,0.9999732763801787,-50.0,0.012739014,1.9479577541351318,0.05034127345752193,0.01748485200999423,-0.017843429,3.6613848,-0.0050000000000000044,0.19317082287050436,6.5501480716870875,40,-3.345867531227031,-0.2216874429313581
3.375,-0.025392009604605845,1.0658141036401503e-17,1000,1.0,0.002418204615101121,-1.9810858354743246,-0.11768397713319553,0.014695782696121262,3.311895008783017,0.004069059578502995,-2.12717866897583,0.3647054380053807,0.9999621120832278,-50.0,0.0064317808,2.497339963912964,0.014141200240811504,-0.00719189026311963,-0.015127045,3.6541083,-0.0050000000000000044,0.4057130620548841,1.7102359387229924,60,-2.096260079673524,-0.2216874429313581
3.375,-0.035496267377980985,-3.552713678800501e-18,1000,1.0,0.0015714403640145114,-1.475233331528692,-0.11425619262143684,0.32917768242188683,3.5990096777676515,0.004122869720924139,-2.335487127304077,0.3730678698587297,0.9999589122441769,-48.25,0.0027166985,2.355128526687622,0.013611888253874176,0.00526565283731853,-0.017126804,3.637731,0.0,0.6189673541534652,0.8244927805457254,80,-1.6433825736111196,-0.2216874429313581
3.375,-0.04632074882270536,-1.7763568394002505e-17,1000,1.0,0.0009925099454442315,-2.4308811817743465,-0.11147312783355115,0.5765454070543679,2.807628490386328,0.004485862897454702,-1.977220892906189,0.36312676776414865,0.9999463599742487,-47.35,0.0023018476,2.26292085647583,0.020720214777274697,-0.0026840449195021493,-0.007744693,3.6391253,0.0,0.779561096762485,1.0644126505395273,100,-1.6513020909365226,-0.2216874429313581
3.375,-0.028787859270029,0.0,1000,1.0,0.0011737411497937838,-3.71041430362961,-0.10591557941987596,0.35298817358160206,2.739812789837637,0.0049086102833024794,-2.836592197418213,0.36688939927885916,0.999955878026909,-45.0,0.004520045,2.131671667098999,0.02690873058458607,-0.011885290696912059,-0.013198729,3.637918,0.0,0.7621585269786588,3.2632702241636005,120,-4.817745661465956,-0.2216874429313581
5.0625,-0.04035067696624901,-3.1974423109204506e-17,1000,1.0,0.00022758547481070194,-2.481692623006264,-0.11768397713319553,0.8804545465862694,7.269773596699983,0.004069059578502995,-2.41999888420105,0.37226535997612287,0.9998977772693017,-50.0,0.013754763,2.363402843475342,0.016483150275243018,-0.002340026347067106,-0.12706527,3.6289725,-0.0050000000000000044,0.9451599089493348,2.8015140173835915,140,-4.415660773503599,-0.2216874429313581
3.375,-0.03961406227690168,-4.263256414560601e-17,1000,1.0,0.0007890660708747472,-0.5776412191251297,-0.11179977827653576,0.7819206236073697,5.869300652071828,0.004523458727087453,-2.370317220687866,0.3686514466198904,0.9999136305403035,-47.5,0.00079019263,2.3263230323791504,0.011014325577671336,-0.004403877355729836,-0.004719716,3.634911,0.0,0.8267421454628056,0.5801787247997435,160,-2.0532894349392756,-0.2216874429313581
3.375,-0.017362320578249636,7.105427357601002e-18,1000,1.0,0.0014546444151253284,-3.3078550042549875,-0.10591557941987596,0.5800707919986372,4.168869792810734,0.0049086102833024794,-2.138106107711792,0.3761792432248519,0.999939016702283,-45.0,0.0029096776,3.1352059841156006,0.023232384849442726,-0.0004280279018312649,-0.014104145,3.6398892,0.0,0.7053047175699767,2.537687401853572,180,-4.570677975398937,-0.2216874429313581
3.375,-0.016609712695761118,7.105427357601002e-18,1000,1.0,0.0016830984033747681,-3.2995441562827654,-0.10591557941987598,0.5223485926942004,3.5638624419484457,0.0049086102833024794,-2.4105477333068848,0.3753286152814371,0.9999489423369734,-45.0,0.004722657,2.642249584197998,0.0329763827275933,-0.0022342584577486253,-0.023878943,3.6366544,0.0,0.6571142074061039,3.4414249829132935,200,-5.860171537336438,-0.2216874429313581
3.375,-0.03189059004141018,7.460698725481052e-17,1000,1.0,0.0001278221572721906,-1.6781589116985685,-0.11768397713319553,0.8878133989652726,4.129226620779795,0.004069059578502995,-2.0895144939422607,0.37548912508845883,0.9998662578468995,-50.0,0.0018355635,2.2111995220184326,0.01468860584133777,-0.0030206217582891375,-0.0067134816,3.640516,-0.0050000000000000044,0.9729461163623244,0.7028609052238262,220,-2.320338123546379,-0.2216874429313581
2.25,-0.026326046615082303,0.0,1000,1.0,0.0006717281408552952,-0.77464227526101,-0.11179977827653576,0.8173698479482023,6.103131858849714,0.004523458727087453,-2.0583620071411133,0.36143710296736997,0.9999051671360001,-47.5,0.001192661,2.1344664096832275,0.013152918195550619,0.0017064707422948285,-0.0056807054,3.645905,0.0,0.8542106526802395,0.7457534233006132,240,-0.9351586695425311,-0.2216874429313581
2.25,-0.032137623079004696,5.684341886080802e-17,1000,1.0,9.830578654480117e-05,-0.8255164445028246,-0.11768397713319553,0.9696671676646261,3.272113349758876,0.004069059578502995,-2.162245035171509,0.3752655821294596,0.9997453958496162,-50.0,0.004546626,2.2592599391937256,0.015001223118309526,-0.006068305585666072,-0.01066281,3.6486273,-0.0050000000000000044,0.9768777075069399,0.8149733655988296,260,-2.630594206554903,-0.2216874429313581
2.25,-0.044145738772465845,-1.4210854715202004e-17,1000,1.0,0.0011857597479681637,-0.5734136847201594,-0.10591557941987598,0.5700332170297,4.4877744941642765,0.004908610283302479,-1.964516282081604,0.3638251925942667,0.9999389890108197,-45.0,0.0044165384,2.334364175796509,0.013345117749577022,0.004118232511528366,-0.014201336,3.6567345,0.0,0.7704318264100243,0.5632904356094283,280,-1.096135491212613,-0.2216874429313581
3.375,-0.04681188943632878,4.263256414560601e-17,1000,1.0,0.0004181123939590849,-2.1493661227333924,-0.11165225405463451,0.7010420573003688,5.756727385897111,0.004470941549831486,-2.5158472061157227,0.38724568921221725,0.9999277413465327,-47.3,0.016338829,2.2876038551330566,0.01838327314570957,-0.001002960374276221,-0.066511214,3.6587315,0.0,0.9065846531846206,1.7368629572258503,300,-1.4472457170052306,-0.2216874429313581
5.0625,-0.04397097120393301,4.263256414560601e-17,1000,1.0,0.0006923521435035041,-1.195050816748174,-0.11179977827653574,0.7495794614788621,4.685252707570337,0.004523458727087453,-2.373889684677124,0.40851851524409516,0.9999248473995835,-47.5,0.0062263277,2.314466953277588,0.02174530504445773,-0.003210558717793186,-0.020929055,3.666509,0.0,0.8469442737350174,1.8187518071881879,320,-4.725414726625791,-0.2216874429313581
5.0625,-0.04796233481355011,-2.842170943040401e-17,1000,1.0,0.00010149476562513604,-0.7484646534832564,-0.11768397713319553,0.9326838233638484,2.7712083094696993,0.004069059578502995,-2.3534998893737793,0.37149844078535094,0.9998407329965269,-50.0,0.001960184,1.9309477806091309,0.014981425937285719,0.0028124769847788908,-0.011976085,3.6662428,-0.0050000000000000044,0.9750571247041253,2.4465180625469727,340,-6.166043150373657,-0.2216874429313581
3.375,-0.038655639159493146,-7.105427357601002e-18,1000,1.0,0.0006562937431438003,-0.7738572285451439,-0.11179977827653576,0.8329739132217473,6.34990004637063,0.004523458727087453,-2.3225040435791016,0.38649348526394756,0.999902370426347,-47.5,0.001458396,2.1333751678466797,0.01493136871975735,-0.0015928931202784317,-0.0072296504,3.6600084,0.0,0.8551448316553297,0.7902246456579142,360,-1.4707942928461015,-0.2216874429313581
3.375,-0.024616080175037497,2.842170943040401e-17,1000,1.0,6.015964103451257e-05,-0.7867213237445718,-0.11768397713319553,0.9683079970497477,3.8382176092945177,0.004069059578502995,-2.181910753250122,0.38483707891984154,0.9997537223345965,-50.0,0.0029290635,2.328735113143921,0.0160944377256275,0.001605137596629998,-0.011286938,3.6561463,-0.0050000000000000044,0.9869369789020868,1.8269970452409359,380,-4.474612515385868,-0.2216874429313581
3.375,-0.03509211321291514,7.105427357601002e-17,1000,1.0,1.6719333118881533e-05,-0.7516494433786663,-0.11768397713319553,0.9796305953266772,3.004589015067958,0.004069059578502995,-2.52618408203125,0.38439427286501743,0.9997004983897368,-50.0,0.0026930273,2.292013645172119,0.01451624393267626,0.0021365168322466624,-0.011356831,3.6642845,-0.0050000000000000044,0.9960395556690134,1.0271414107800934,400,-3.123907090165465,-0.2216874429313581
3.375,-0.022274639712064528,0.0,1000,1.0,0.0006364446285954374,-1.1295020842228833,-0.11179977827653574,0.8008630437816113,6.328717406002019,0.004523458727087453,-2.816734790802002,0.3941385733290964,0.9999083378485804,-47.5,0.0024431916,3.632840156555176,0.016715780655858888,0.007011410169952276,-0.009840207,3.651197,0.0,0.8609375374359483,3.738795549838998,420,-1.7068518217301358,-0.2216874429313581
2.25,-0.04989496329508256,5.684341886080802e-17,1000,1.0,0.0006895123428559845,-0.6878218426428927,-0.11179977827653576,0.7688318958593201,5.707531164560555,0.004523458727087453,-2.6657838821411133,0.36592568181234303,0.9999135846835591,-47.5,0.0013912747,1.9243813753128052,0.01260617534958465,0.009120172555235362,-0.0059049614,3.6568832,0.0,0.8484697316158959,0.7144424051971132,440,-1.340864141976706,-0.2216874429313581
3.375,-0.041237446425831874,-7.105427357601002e-17,1000,1.0,0.00018108051020216293,-0.7942407241172056,-0.11768397713319553,0.874294231669742,2.275538318346683,0.004069059578502995,-2.0105717182159424,0.379285033915279,0.9998696048638576,-50.0,0.0073276283,2.08829402923584,0.01292049056239986,0.0009480140516100703,-0.015425843,3.666842,-0.0050000000000000044,0.9598980336571655,0.7161590318112103,460,-2.654469857345808,-0.2216874429313581
3.375,-0.04981284207542194,-2.842170943040401e-17,1000,1.0,2.9314578530089433e-05,-0.5866339359171888,-0.11768397713319553,0.9639465111042653,2.437077682556368,0.004069059578502995,-2.3408844470977783,0.39342866261333426,0.999770019041199,-50.0,0.0015794949,2.4120702743530273,0.011896549047736285,-1.2548024319833928e-05,-0.007554478,3.6724691,-0.0050000000000000044,0.9929579157607701,0.639491150593472,480,-4.2644530430411605,-0.2216874429313581
3.375,-0.03931340901367366,-1.4210854715202004e-17,1000,1.0,1.1907533192881636e-05,-1.0878928391011562,-0.11768397713319553,0.982804453280197,3.667118034515525,0.004069059578502995,-2.036886215209961,0.3795124165156486,0.9997037601133657,-50.0,0.0028787262,1.9609888792037964,0.01265041802216384,0.0012500936816551187,-0.016415626,3.6773124,-0.0050000000000000044,0.9972384647920575,0.595041119449672,500,-4.867264467858473,-0.2216874429313581
5.0625,-0.04518418657942675,8.881784197001253e-18,1000,1.0,1.1522265648808177e-05,-3.8729621322623986,-0.11768397713319553,0.9922976462177454,9.819716101888508,0.004069059578502995,-2.177349805831909,0.3927631184131349,0.9996009021068447,-50.0,0.00600642,2.436253309249878,0.019204619364455413,0.004088758413236589,-0.038997505,3.6745672,-0.0050000000000000044,0.9972289962012721,6.18560021503116,520,-9.743750902801514,-0.2216874429313581
5.0625,-0.03886417735682335,0.0,1000,1.0,0.0006638248272208671,-3.402048581269464,-0.11179977827653574,0.7337831200482392,5.521582036553434,0.004523458727087453,-2.9509482383728027,0.43174599662429153,0.999923521901536,-47.5,0.0039793514,2.5140905380249023,0.030262363611185485,0.010114126803238106,-0.021823326,3.6781094,0.0,0.8534532736521037,3.389982172640564,540,-4.045084453347878,-0.2216874429313581
3.375,-0.07159623465221375,7.105427357601002e-18,1000,1.0,0.0009618552549468213,-0.7424204605774991,-0.10591557941987596,0.7472163303069053,4.933078290488013,0.0049086102833024794,-2.5427677631378174,0.3918694182758312,0.999923677494574,-45.0,0.0010023053,2.483167886734009,0.013074126445813152,0.00010972569818703536,-0.004701472,3.679366,0.0,0.808070526619608,0.7296799005813072,560,-0.8080846461228867,-0.2216874429313581
3.375,-0.01898148550715996,0.0,1000,1.0,0.0011669438571177953,-1.5391607200048392,-0.10591557941987598,0.5834150342788893,4.3283700725593945,0.0049086102833024794,-2.278108596801758,0.3791488094762896,0.9999391177831928,-45.0,0.002154963,2.1111159324645996,0.013551217507210753,-0.0011973383567112524,-0.0078070704,3.6838198,0.0,0.7622861063433369,0.7547393470788237,580,-1.367828864975293,-0.2216874429313581
3.375,-0.03810756291588768,-2.842170943040401e-17,1000,1.0,0.0003023015814421146,-1.8564812496337344,-0.11179977827653574,0.8685602660594143,5.7269858925662795,0.004523458727087453,-2.254577875137329,0.40324279786801975,0.9998950571579884,-47.5,0.0021363173,2.533609628677368,0.02048643260075894,-0.0071235918040028256,-0.00779728,3.6846101,0.0,0.9331707210276914,2.2912922211141433,600,-1.665834730262468,-0.2216874429313581
3.375,-0.039713291569205465,-2.842170943040401e-17,1000,1.0,0.0009725786381438947,-3.0410128720492353,-0.1000313805632162,0.6630551007058695,4.211837363092902,0.005224514247148072,-2.2671122550964355,0.37945668507761476,0.9999371580723692,-42.5,0.0047239456,1.9960005283355713,0.016530776695500442,-0.0019916130539050637,-0.020447472,3.678597,0.0,0.8138932407563554,2.8353220608972762,620,-1.69418289847847,-0.2216874429313581
3.375,-0.06637229335587472,4.263256414560601e-17,1000,1.0,0.000675002708140828,-0.7182702405690261,-0.11179977827653576,0.7986458493751978,5.560265951582503,0.004523458727087453,-2.5677435398101807,0.38158690655469807,0.9999113250343497,-47.5,0.0026035693,1.928299903869629,0.014515029960796422,0.0004951975186802291,-0.008383722,3.6786973,0.0,0.8542152804378804,0.7438285566800303,640,-1.6369391570015377,-0.2216874429313581
3.375,-0.03289566735178232,8.526512829121202e-17,1000,1.0,0.00030938600015619855,-1.5740301957952543,-0.11179977827653574,0.843973326145541,3.862051069203939,0.004523458727087454,-2.066197395324707,0.38385031504147127,0.9998982799891353,-47.5,0.0019352313,2.2870607376098633,0.011916259790514246,-0.0013193514357769192,-0.008919135,3.666706,0.0,0.9342386401914715,0.5990678504068514,660,-3.496720711511902,-0.2216874429313581
3.375,-0.04611495671235025,-2.842170943040401e-17,1000,1.0,0.001394312490833206,-0.9614472206331608,-0.10591557941987596,0.5368085831868379,4.095363578249849,0.004908610283302479,-2.192101001739502,0.39279451142283683,0.9999413718410285,-45.0,0.002263466,1.9725786447525024,0.014741255424756348,-0.0031144870413736575,-0.008455614,3.6762207,0.0,0.7375973021301163,0.9173109225187618,680,-2.042012116678353,-0.2216874429313581
3.375,-0.0511523762352299,0.0,1000,1.0,0.00022126868053470546,-1.90098866203715,-0.11768397713319553,0.9166067133406631,3.363604168277096,0.004069059578502995,-2.452644109725952,0.41685230835466136,0.9998564227447028,-50.0,0.0032037478,2.657884120941162,0.021072366242738894,-0.004966707728144953,-0.011559957,3.6773188,-0.0050000000000000044,0.9592371451375324,1.9668008966807393,700,-3.5348476022388313,-0.2216874429313581
5.0625,-0.07730369149812032,-1.4210854715202004e-17,1000,1.0,5.692256858037413e-05,-3.654332851915768,-0.11768397713319553,0.8100188532582338,3.4885410799970473,0.004069059578502995,-2.5800554752349854,0.4378375419321998,0.9999164585388985,-50.0,0.012067264,1.9921274185180664,0.036963007555002605,-0.008685326741218129,-0.02171586,3.6761117,-0.0050000000000000044,0.9872511603597537,3.0914506969377897,720,-6.100582323925672,-0.2216874429313581
3.375,-0.02672535492538009,1.4210854715202004e-17,1000,1.0,0.0006779388117331427,-1.6268349880229196,-0.11179977827653576,0.7712814295715413,5.92762492619748,0.004523458727087453,-2.250868797302246,0.40212329882668363,0.9999140193726048,-47.5,0.001060919,2.2125813961029053,0.013106730533010726,0.009945163507376922,-0.005132862,3.6760392,0.0,0.8516159597630029,0.7116429683334401,740,-1.5310745376912904,-0.2216874429313581
5.0625,-0.04430605832184665,0.0,1000,1.0,0.0007126915863532846,-1.3302240966330152,-0.11179977827653574,0.7855470528901976,6.325137378625941,0.004523458727087453,-2.5503628253936768,0.4163401453801356,0.9999133147329742,-47.5,0.008666923,2.2193872928619385,0.01574343216951644,0.004480247309496242,-0.042832404,3.6843147,0.0,0.8431321611429466,1.0071044028162552,760,-0.9609268803328713,-0.2216874429313581
5.0625,-0.052109046876663345,-1.4210854715202004e-17,1000,1.0,6.825100460734866e-05,-1.6707272008583962,-0.11768397713319553,0.9770584966210406,3.6866625932307753,0.004069059578502995,-2.3178586959838867,0.40708995406579196,0.999745602634491,-50.0,0.0023504223,1.8863328695297241,0.0175834279308225,0.005267955011338044,-0.010220883,3.6952062,-0.0050000000000000044,0.98336719618827,0.9846436424550487,780,-2.6044524592220655,-0.2216874429313581
5.0625,-0.07792834740527906,0.0,1000,1.0,0.0011802708318698978,-1.781200577432904,-0.10591557941987596,0.6415349926055796,4.601824722318697,0.0049086102833024794,-2.622889518737793,0.40336570517344006,0.9999342679776921,-45.0,0.0016714542,2.5362401008605957,0.01397213933877655,0.0001370122291316358,-0.021999206,3.7080827,0.0,0.7653618437672899,0.9019125684996804,800,-1.2278523983246303,-0.2216874429313581
3.375,-0.04288854488322977,1.4210854715202004e-17,1000,1.0,0.00041886267803584886,-1.745348506557829,-0.11179977827653574,0.8408506152032841,5.572972735951458,0.004523458727087454,-2.4214982986450195,0.41943301890582596,0.9999062365079817,-47.5,0.0014931784,2.090996742248535,0.016460730307750127,0.0016632316101252704,-0.008688884,3.701041,0.0,0.9075162090850009,0.5441134275285677,820,-3.1326361760171437,-0.2216874429313581
3.375,-0.060255942269228396,-1.4210854715202004e-17,1000,1.0,9.30948297430641e-05,-0.8101395225524005,-0.11768397713319553,0.8443875258628777,1.9831586156934458,0.004069059578502995,-2.4687561988830566,0.41673211292355583,0.9998866870670355,-50.0,0.0020939207,2.077279567718506,0.013534248455109548,0.002906535238998895,-0.007234804,3.6890328,-0.0050000000000000044,0.9774274696618833,0.8341620901426305,840,-2.8699556260587076,-0.2216874429313581
3.375,-0.05716963085206225,1.4210854715202004e-17,1000,1.0,0.001522418262136779,-1.7270399071554314,-0.1000313805632162,0.5438313057660739,4.297334647272687,0.005224514247148072,-2.605776786804199,0.43372851673513013,0.9999465939507458,-42.5,0.0015613635,2.793323040008545,0.021457960742431236,0.012277530233089766,-0.0075882324,3.6778755,0.0,0.7090869665411803,2.116198046775909,860,-3.4787228260872225,-0.2216874429313581
3.375,-0.0458673544410849,-1.4210854715202004e-17,1000,1.0,0.00023737520549902192,-2.6945268325830276,-0.11768397713319553,0.7340116068525829,2.7788795117885514,0.004069059578502995,-3.3750107288360596,0.4340156510390992,0.9999169501420738,-50.0,0.0026241257,2.1945345401763916,0.028554833808519458,0.008098366660030807,-0.0130285015,3.6816645,-0.0050000000000000044,0.9444523152794624,3.460258159572161,880,-3.804143815487036,-0.2216874429313581
3.375,-0.042032785516232254,7.105427357601002e-18,1000,1.0,0.00037834455391917043,-0.7975305065906438,-0.11179977827653576,0.7902330974037004,5.242598207532309,0.004523458727087453,-2.709221839904785,0.4282748807089264,0.999911500576876,-47.5,0.0019470039,2.2901952266693115,0.015200565750176686,-0.0013867970630121894,-0.0067400243,3.6659691,0.0,0.9197252601234963,0.7657872355456853,900,-2.04065443876275,-0.2216874429313581
3.375,-0.06203222266223747,5.684341886080802e-17,1000,1.0,0.000542141851750118,-0.8463230350665809,-0.11179977827653574,0.7586269848087013,6.069959214857726,0.004523458727087453,-2.930555582046509,0.39384728158251026,0.9999150747112271,-47.5,0.0017869191,2.2109875679016113,0.015750599215351907,-0.001005118585238105,-0.0069113066,3.6701412,0.0,0.880766190125035,0.9520162577191663,920,-1.6693489476731034,-0.2216874429313581
3.375,-0.0773109609571984,2.842170943040401e-17,1000,1.0,0.0007892769931826038,-3.1521532765929363,-0.11179977827653576,0.7616415220635872,4.962589171122371,0.004523458727087453,-3.1454267501831055,0.4374949607004784,0.9999201977882342,-47.5,0.0019911346,2.0952861309051514,0.026924132546018796,0.008896185625530208,-0.0070928987,3.6800687,0.0,0.8259319190878551,3.9615413767293983,940,-2.355308688583433,-0.2216874429313581
2.25,-0.023854270332027225,3.1974423109204506e-17,1000,1.0,0.0006378213634577146,-1.1851988468930736,-0.11179977827653576,0.8142455963872886,5.3060644029819475,0.004523458727087453,-2.6704862117767334,0.39343077585228975,0.9999052017400402,-47.5,0.0013597166,2.2139675617218018,0.013483249474423507,-0.0008202171470401037,-0.0063673053,3.6792731,0.0,0.8589996562903383,2.8423177537272006,960,-2.3409155316032204,-0.2216874429313581
2.25,-0.03632749101141235,-4.263256414560601e-17,1000,1.0,7.810046910748044e-05,-0.7677404268741544,-0.11768397713319553,0.9743867284171648,2.9173493060969466,0.004069059578502995,-2.0423338413238525,0.3897492363508365,0.9997417026743013,-50.0,0.0055298624,1.9249367713928223,0.013606761275803993,-0.002803034788469928,-0.013156908,3.6868584,-0.0050000000000000044,0.9841634273594807,0.7233093538380927,980,-2.9040806135797723,-0.2216874429313581
3.375,-0.035060449702083135,1.4210854715202004e-17,1000,1.0,0.0005545265350970823,-1.9023707076611702,-0.11179977827653576,0.7424455534350927,5.237441706640881,0.004523458727087453,-2.2539446353912354,0.4301443035197746,0.9999227989049803,-47.5,0.009007847,2.5854201316833496,0.033567404621658234,0.005965413892216354,-0.021528214,3.6790428,0.0,0.8811263697986613,2.5886460049593683,1000,-3.6133726881974018,-0.2216874429313581
3.375,-0.10296742845815607,1.4210854715202004e-17,1000,1.0,0.00010068035443801479,-0.9817419615744314,-0.11768397713319553,0.9470123678798853,5.209468286440142,0.004069059578502995,-2.320502758026123,0.390587850923072,0.9998166990304423,-50.0,0.0029571338,2.3769843578338623,0.014043087715326896,0.014433754147680243,-0.01756715,3.6744943,-0.0050000000000000044,0.9753708686903707,1.2051381949372197,1020,-3.954856605111893,-0.2216874429313581
3.375,-0.09164180450387358,-4.263256414560601e-17,1000,1.0,0.0013164752801382656,-0.8442522589196428,-0.1000313805632162,0.5336606261937452,3.7786010149781766,0.005224514247148072,-2.2761805057525635,0.40848241874251223,0.9999440332811191,-42.5,0.0017979364,2.339752435684204,0.01574925670769588,-0.007170437808656473,-0.0072748116,3.6761506,0.0,0.76639491294937,0.8466598774898773,1040,-0.8779758862179107,-0.2216874429313581
3.375,-0.020227421840187162,-1.7763568394002505e-17,1000,1.0,0.000373332536594713,-0.8498351618642807,-0.11768397713319553,0.7936227968888823,3.263861196475685,0.004069059578502995,-2.398646593093872,0.42758127745315483,0.9999082730470326,-50.0,0.004115605,2.8874754905700684,0.015528078202520121,0.009501069886810315,-0.011682717,3.6782503,-0.0050000000000000044,0.9267434508607182,2.1533023311319583,1060,-2.638775441674847,-0.2216874429313581
3.375,-0.05197680409369059,1.0302869668521453e-16,1000,1.0,4.00323249310556e-05,-0.7987382938881258,-0.11768397713319553,0.7949416480834954,3.6697446651720953,0.004069059578502995,-2.3009164333343506,0.4055182715241384,0.9999009107774713,-50.0,0.002942778,2.5470075607299805,0.018050039766025212,0.0011764818458515867,-0.011505803,3.68372,-0.0050000000000000044,0.9903236687758049,1.3570344802872745,1080,-3.1733614734345212,-0.2216874429313581
3.375,-0.08499527166946791,-4.263256414560601e-17,1000,1.0,2.146183516477033e-05,-1.7480791630243167,-0.11768397713319553,0.9525007264135744,3.5773021348611427,0.004069059578502995,-2.6006877422332764,0.4284312127980658,0.9998223653461278,-50.0,0.0037432415,2.1869726181030273,0.020156900848318747,-0.0035087596802182972,-0.014492183,3.7018034,-0.0050000000000000044,0.9947273108807281,0.9677139117094378,1100,-8.323096611283235,-0.2216874429313581
5.0625,-0.07093320468347519,2.842170943040401e-17,1000,1.0,1.3284162470357407e-05,-1.1940982482211524,-0.11768397713319553,0.996005633604069,5.559805014709148,0.004069059578502995,-2.378429412841797,0.4041424122002007,0.9994249842216938,-50.0,0.013299617,2.731055736541748,0.01626642629407466,0.0008486447468934175,-1.2402244,3.7162848,-0.0050000000000000044,0.9970634751232478,0.8020359917377695,1120,-4.180635015728388,-0.2216874429313581
5.0625,-0.10981267895968631,-1.4210854715202004e-17,1000,1.0,0.0005247675492331598,-0.844960284641161,-0.11179977827653576,0.823592834153089,6.777515104967949,0.004523458727087453,-2.3822758197784424,0.41193337708091715,0.9999032759417038,-47.5,0.0043786154,2.3062260150909424,0.014694364916199448,-0.0032022755058263657,0.006607198,3.7266216,0.0,0.884605265250397,0.7097895378223785,1140,-0.5744460319217253,-0.2216874429313581
3.375,-0.08216976769373287,-4.9737991503207014e-17,1000,1.0,9.520824606177034e-05,-2.3749946371205892,-0.11768397713319553,0.9572009557765927,7.530515127333128,0.004069059578502995,-4.025010108947754,0.462907926703525,0.9998048432099925,-50.0,0.0011025119,2.4634456634521484,0.027765844580409014,-0.0017495579295097557,-0.005784249,3.738024,-0.0050000000000000044,0.9766309678784098,0.9106496780105497,1160,-2.9864756451491963,-0.2216874429313581
3.375,-0.031019395058916415,2.1316282072803006e-17,1000,1.0,1.8399352895465716e-05,-0.7649760915671412,-0.11768397713319553,0.9828275959588832,4.596853727612638,0.004069059578502995,-2.326526165008545,0.4041241736152301,0.9997407469563712,-50.0,0.0020495583,1.9997446537017822,0.012873871669393529,0.009816442800556095,-0.009559903,3.7322395,-0.0050000000000000044,0.9959667208009898,2.4002379385079733,1180,-3.1608485926027816,-0.2216874429313581
5.0625,-0.08235363684233744,-7.105427357601002e-18,1000,1.0,9.909255464806701e-06,-3.5849719096435044,-0.11768397713319553,0.9934471650770247,11.017818891534258,0.004069059578502995,-2.8292860984802246,0.42286449156238703,0.9995660863289391,-50.0,0.009399012,2.1840200424194336,0.014002899966268906,0.004862171736467103,-1.2258273,3.7275784,-0.0050000000000000044,0.9976043268676913,3.0316408113582254,1200,-11.786890704084401,-0.2216874429313581
5.0625,-0.042063025487819684,-2.842170943040401e-17,1000,1.0,0.0015067654422866688,-3.2731566340785694,-0.1000313805632162,0.5693489822184756,3.60884406535139,0.005224514247148072,-2.715334892272949,0.46300917349554294,0.9999441496164442,-42.5,0.002702402,2.3712100982666016,0.028002347029868997,-0.011381850623505496,0.0032278271,3.7156823,0.0,0.7118370654100749,3.2588890487154436,1220,-1.9576383702543865,-0.2216874429313581
3.375,-0.07548583223822061,5.684341886080802e-17,1000,1.0,0.0007447852830421559,-1.5985965056935494,-0.11179977827653576,0.7662513125075119,5.253079562311914,0.004523458727087453,-4.01099157333374,0.4595788147166292,0.9999171568520833,-47.5,0.00059608294,2.227543354034424,0.026702661917626894,0.008109571001263884,-0.004435224,3.70887,0.0,0.8378816863213613,2.4237013858564143,1240,-2.583551384843156,-0.2216874429313581
3.375,-0.03634304594609421,-1.4210854715202004e-17,1000,1.0,7.738988676938291e-05,-2.0648806018968053,-0.11768397713319553,0.8922431864991581,3.053839336330697,0.004069059578502995,-3.713360548019409,0.44398219914812614,0.9998782336955128,-50.0,0.0018358886,2.8865628242492676,0.02223216134972962,-0.0022215203677269572,-0.008159129,3.7089467,-0.0050000000000000044,0.98105413135414,3.655604675187395,1260,-3.864472986107665,-0.2216874429313581
3.375,-0.03713793787523173,0.0,1000,1.0,0.00031720698385558825,-2.507196418158422,-0.11179977827653574,0.8715873797235836,5.634166243392329,0.004523458727087453,-3.9394869804382324,0.48179378318984306,0.9998924193888509,-47.5,0.0024539453,2.3982858657836914,0.02226243058619145,0.0057048317169340465,-0.010469673,3.7119675,0.0,0.9299281233954427,3.1857767652914144,1280,-2.507546050827826,-0.2216874429313581
3.375,-0.05198242652695626,-1.4210854715202004e-17,1000,1.0,0.0007199494325912319,-3.186127182002085,-0.11179977827653576,0.7899166215124513,5.413754734546634,0.004523458727087453,-3.0864670276641846,0.44756087785103804,0.999909388868987,-47.5,0.0020864566,2.264991283416748,0.020045616213762232,0.00018385891185403557,-0.009334877,3.7160516,0.0,0.8445653126317049,3.19487258050111,1300,-2.348037121542352,-0.2216874429313581
3.375,-0.09718523086956703,1.4210854715202004e-17,1000,1.0,7.208097906814157e-05,-0.9224641227949837,-0.11768397713319553,0.956850195245233,2.990929523479858,0.004069059578502995,-2.4089205265045166,0.4166149254798843,0.9997973576922687,-50.0,0.0020915014,2.112607955932617,0.0167241900021989,-0.0004341991405551078,-0.0076714754,3.72108,-0.0050000000000000044,0.9837023544001627,0.7628762040458369,1320,-3.1033187836666114,-0.2216874429313581
2.25,-0.07180200341250748,-2.842170943040401e-17,1000,1.0,0.0007082293744829334,-2.128417718993609,-0.11023794992972429,0.7691271044807855,5.619027912690836,0.00440581082638348,-4.59114408493042,0.47233589200328896,0.9999186243524847,-46.25,0.0014840715,3.376331090927124,0.03183772927552253,0.008822635247509392,-0.008234728,3.7237148,0.0,0.8409481063129554,2.34233292290661,1340,-2.297071974735549,-0.2216874429313581
3.375,-0.08283647498709615,1.4210854715202004e-17,1000,1.0,0.00013742086097293937,-4.02567152539309,-0.11768397713319553,0.8788970968571244,3.1320970505125687,0.004069059578502995,-3.222297430038452,0.5342875333942655,0.9998874209307866,-50.0,0.0132675925,3.117551565170288,0.06093081366676589,-0.003693687525044262,-0.03381157,3.7257123,-0.0050000000000000044,0.9694284843092683,4.021113872966955,1360,-5.190596709454093,-0.2216874429313581
3.375,-0.051383385353488846,0.0,1000,1.0,4.5326103697108943e-05,-0.8983130398148732,-0.11768397713319553,0.9708005757368876,3.409916543684676,0.004069059578502995,-3.0591280460357666,0.445317453075746,0.9997731981251479,-50.0,0.0019572764,2.191652774810791,0.016505693439224263,0.007208980872809809,-0.0073657967,3.7265968,-0.0050000000000000044,0.9891675207794092,1.942550791690041,1380,-3.143438383259699,-0.2216874429313581
5.0625,-0.05420190667384304,1.4210854715202004e-17,1000,1.0,0.00010090660322259214,-2.278735880574915,-0.11623992854343526,0.9581099344405343,8.337377276861886,0.003969024807393317,-2.3794736862182617,0.4347172885344753,0.99981162221811,-48.8,0.009510201,2.013016939163208,0.015268101618940107,-0.006026984929459008,-0.054588687,3.7190497,-0.0050000000000000044,0.9754418850805228,2.064418098917493,1400,-2.167296563727413,-0.2216874429313581
3.375,-0.017486729527765418,-2.842170943040401e-17,1000,1.0,0.000496208058323914,-0.9909206448509514,-0.11179977827653574,0.8098594459873887,6.4360057307407885,0.004523458727087453,-2.539522171020508,0.4449647797984294,0.9999056745177317,-47.5,0.000565002,2.3607544898986816,0.0163243520908523,-0.0028193729244443814,-0.0025124028,3.708838,0.0,0.8943647480177552,1.4206305400638197,1420,-1.6132069310351147,-0.2216874429313581
2.25,-0.07803952387766913,0.0,1000,1.0,0.001263736641212259,-0.8381605905708037,-0.10591557941987596,0.6213536591859525,4.056976531228743,0.0049086102833024794,-2.6379151344299316,0.40725949482668533,0.9999353902718118,-45.0,0.0011258681,2.365567207336426,0.01537915386365567,0.008868498627492982,-0.0055010663,3.7087953,0.0,0.74418119260152,0.8245918884954492,1440,-1.3175953627553434,-0.2216874429313581
3.375,-0.06785151031881105,-9.947598300641403e-17,1000,1.0,0.00017732592233917903,-2.500507050149366,-0.11768397713319553,0.8908844626435941,2.3337503464091367,0.004069059578502995,-3.075228691101074,0.44010463544671363,0.9998758213284723,-50.0,0.007245676,3.3368632793426514,0.02696999985507498,-0.0027952911063059594,-0.022324888,3.7097468,-0.0050000000000000044,0.9656520781645104,1.5668621422689575,1460,-4.938499948616671,-0.2216874429313581
3.375,-0.05369089087145403,-2.842170943040401e-17,1000,1.0,3.562498748297338e-05,-2.090046075098685,-0.11768397713319553,0.9516339383967437,2.4825152538455524,0.004069059578502995,-3.757025718688965,0.46377595329947957,0.9998053171319483,-50.0,0.0018890266,2.0042974948883057,0.020530340755664303,0.011072569448270893,-0.012145721,3.7119255,-0.0050000000000000044,0.9917724771017621,2.451922386688951,1480,-8.81187736280457,-0.2216874429313581
2.25,-0.03782760319195222,1.4210854715202004e-17,1000,1.0,5.5545382083379656e-05,-0.8294554106837039,-0.11685272481668946,0.9720829242576773,7.987983751157947,0.00398283755699536,-2.7486777305603027,0.4380538881776655,0.99977394595023,-49.1,0.0013198018,2.6171655654907227,0.01619374660759064,0.00977498265799265,-0.0052605257,3.7018323,-0.0050000000000000044,0.9860573556659838,1.5192391949747392,1500,-3.1564682165172377,-0.2216874429313581
2.25,-0.07567735251621344,-2.842170943040401e-17,1000,1.0,1.750892436856276e-05,-0.9264571000775413,-0.11768397713319553,0.979687997771686,9.06621372722125,0.004069059578502995,-2.6273980140686035,0.42244085424259886,0.9997469042146301,-50.0,0.0028193446,2.1727328300476074,0.016029364680568974,0.0022421904181596617,-0.015225124,3.6922514,-0.0050000000000000044,0.9957375841565922,3.1717727680949253,1520,-2.5841861673086424,-0.2216874429313581
2.25,-0.05318827843898907,0.0,1000,1.0,0.0005824075646450812,-0.7329915964760293,-0.11179977827653574,0.8377788372382149,6.518958979324568,0.004523458727087453,-2.7054226398468018,0.4206356380857668,0.9998989079020698,-47.5,0.002690255,2.4209251403808594,0.014314110096047605,-0.003343997078910376,-0.0077433926,3.687564,0.0,0.8723947970035311,0.7341213337167917,1540,-0.9701173076112592,-0.2216874429313581
2.25,-0.02627029790909728,-2.842170943040401e-17,1000,1.0,6.251013745258254e-05,-0.6970080445890122,-0.11768397713319553,0.9784881128053031,3.106942084634822,0.004069059578502995,-2.8052496910095215,0.41582669042425746,0.9997115015994773,-50.0,0.003793342,2.1530635356903076,0.01376981557744712,-0.0006147983079858146,-0.009308549,3.6948228,-0.0050000000000000044,0.985030128154074,0.6945939774432,1560,-3.8790385285772686,-0.2216874429313581
2.25,-0.04655188246630132,-1.4210854715202004e-17,1000,1.0,0.0005940822518496235,-0.7595625340233476,-0.11179977827653576,0.7830353420047518,5.914367593228778,0.004523458727087453,-2.7943129539489746,0.41107840997202727,0.999910677834567,-47.5,0.0032939888,2.689333915710449,0.01315734777085774,0.0006744392698663288,-0.008277142,3.6959996,0.0,0.8689171586797787,0.7993128808735496,1580,-1.091471902107712,-0.2216874429313581
2.25,-0.06665177499339915,1.4210854715202004e-17,1000,1.0,0.0007695396510877403,-0.7529016335038348,-0.11179977827653574,0.7781673060618972,6.37560557775054,0.004523458727087453,-2.155251979827881,0.4130879255341994,0.9999125738711803,-47.5,0.0018223829,2.3589961528778076,0.011619622945715653,-0.002202733357008496,-0.0055953166,3.7002277,0.0,0.8303323154766215,0.7767407367270295,1600,-1.2872561750319267,-0.2216874429313581
2.25,-0.08621848383219913,6.217248937900877e-18,1000,1.0,0.00017360212350150164,-0.7480679116066711,-0.11768397713319553,0.9524480878688308,3.178478155956719,0.004069059578502995,-2.4103076457977295,0.4016555486759029,0.9998173112117872,-50.0,0.002549647,2.1095101833343506,0.01329387402221956,-0.0030387857674452493,-0.007201401,3.7084553,-0.0050000000000000044,0.9638268988067019,0.7669195919730205,1620,-2.6606502354384816,-0.2216874429313581
2.25,-0.11087421316135442,0.0,1000,1.0,0.0004964449378289748,-0.8846106082862587,-0.11179977827653576,0.807570984094061,5.798465911435468,0.004523458727087453,-2.476504325866699,0.42595295671292754,0.9999073704353645,-47.5,0.0042189043,2.2548439502716064,0.01583887605918079,0.0044490165494802305,-0.012739703,3.7081108,0.0,0.8902826288928507,0.86954269354741,1640,-1.4650371960791044,-0.2216874429313581
2.25,-0.11754007973941043,7.105427357601002e-18,1000,1.0,0.0007999752349638523,-1.0830616199517547,-0.10591557941987598,0.6579512339935818,4.482208979983927,0.0049086102833024794,-2.681060314178467,0.43365896174354857,0.9999336748335301,-45.0,0.0049884208,2.5213987827301025,0.015994833221276154,0.008644736033039987,-0.014774454,3.7051597,0.0,0.8413933534987914,0.9470480672662438,1660,-1.892618812553588,-0.2216874429313581
2.25,-0.05489085469976999,2.842170943040401e-17,1000,1.0,0.000201633094702709,-0.7571812879485051,-0.11768397713319553,0.864671830873666,3.3077659579252674,0.004069059578502995,-2.7063565254211426,0.4442848032830573,0.9998854524331888,-50.0,0.004832409,2.4142558574676514,0.01580824540602402,0.0032871200774257686,-0.009936406,3.7047043,-0.0050000000000000044,0.9519331887380404,1.4893768363186266,1680,-3.6645139577121357,-0.2216874429313581
2.25,-0.03494194603385404,-2.842170943040401e-17,1000,1.0,0.0005181452097778468,-2.2285739667532773,-0.11179977827653574,0.6966671239111983,4.82158600167543,0.004523458727087453,-3.531672477722168,0.4322676840025802,0.9999249938605894,-47.5,0.0019341193,3.01261305809021,0.017560362135065753,-0.0022291047412609337,-0.007659327,3.7078066,0.0,0.8856040405942741,0.7844023195847165,1700,-3.2166441369414396,-0.2216874429313581
3.375,-0.06334446030342951,0.0,1000,1.0,0.00034862708364673435,-0.7467044778909241,-0.11179977827653574,0.8163137010794107,5.721061738913806,0.004523458727087453,-3.3081510066986084,0.4484863210709013,0.9999059211299448,-47.5,0.008733403,2.24989652633667,0.015930362255246543,0.0051769959447816125,-0.019029351,3.7177567,0.0,0.9230436060162348,1.0171482741009605,1720,-2.2160109693751227,-0.2216874429313581
3.375,-0.04583650621335255,-3.552713678800501e-17,1000,1.0,0.00066131839612436,-0.7837986293183505,-0.11179977827653576,0.7879624914145829,5.597784517501253,0.004523458727087453,-2.6692256927490234,0.4504229771210085,0.9999115658807965,-47.5,0.001962285,2.312687873840332,0.01771132758031315,0.010436125563108344,-0.007562952,3.7143466,0.0,0.8553040256617533,0.8089956875622829,1740,-2.1820021358607664,-0.2216874429313581
3.375,-0.10652952863043175,2.842170943040401e-17,1000,1.0,0.0007324351769559242,-0.7421730479788899,-0.10591557941987596,0.7279472883970421,4.629930181057136,0.0049086102833024794,-2.8633737564086914,0.4105858972555749,0.999925298928117,-45.0,0.0022829464,2.0398356914520264,0.013596085131091458,0.0020102128923224025,-0.009038618,3.723936,0.0,0.8510676576871227,0.7717740655896352,1760,-1.4974023674795152,-0.2216874429313581
3.375,-0.04078284999390598,-4.263256414560601e-17,1000,1.0,0.00033105640646674127,-0.7814935669999764,-0.11179977827653574,0.8855541419330173,4.443141747798604,0.004523458727087453,-2.219531774520874,0.45396809717553227,0.99987828029766,-47.5,0.0024481097,2.16705060005188,0.01591217557847696,0.000499449230179859,-0.0083468,3.726636,0.0,0.9278338079071884,0.8028942948156249,1780,-3.337938154295633,-0.2216874429313581
3.375,-0.045507371740066443,0.0,1000,1.0,5.528392887347677e-05,-1.9096954036657028,-0.11768397713319553,0.9519974952250714,3.866346248363125,0.004069059578502995,-2.4683096408843994,0.44774814648143857,0.9998278088163423,-50.0,0.0019540861,2.3573203086853027,0.017705955656324854,0.006971948015119125,-0.010564209,3.7283278,-0.0050000000000000044,0.9867631059435806,1.0375341074345077,1800,-3.49776648217804,-0.2216874429313581
2.25,-0.043943700285395605,0.0,1000,1.0,4.8693086594178926e-05,-0.8791479435688242,-0.11768397713319553,0.9260508197039323,2.3114486926027675,0.004069059578502995,-2.094214677810669,0.42959855594240326,0.9998384302592564,-50.0,0.0009924002,2.336650848388672,0.015282392712387738,0.0056661681894185165,-0.0052978853,3.7298875,-0.0050000000000000044,0.9890788820177085,0.8317382519401395,1820,-3.1786641576104997,-0.2216874429313581
2.25,-0.06800829637784045,-2.842170943040401e-17,1000,1.0,1.26375649216463e-05,-1.4126431301176627,-0.11768397713319553,0.9855082993655615,3.3318893680081323,0.004069059578502995,-3.0160961151123047,0.4546377848156388,0.9996523851382806,-50.0,0.004312054,2.554943561553955,0.01652243293045095,-0.0014157911447978367,-0.014879628,3.729182,-0.0050000000000000044,0.9968959972115446,3.5193974808616417,1840,-4.83606197565325,-0.2216874429313581
2.25,-0.07243686592805898,-2.842170943040401e-17,1000,1.0,0.0003999506447137228,-0.9842803230846908,-0.11179977827653574,0.8413019194330997,6.225450990764852,0.004523458727087454,-2.5849409103393555,0.44040740289365354,0.9998956804506549,-47.5,0.005210479,2.2547523975372314,0.015891545759382675,0.006309606296338669,-0.015503942,3.7344217,0.0,0.9115898122527233,0.9853294622907239,1860,-1.3860224082711394,-0.2216874429313581
2.25,-0.03835523224924691,2.842170943040401e-17,1000,1.0,0.0001871541893316179,-1.0973767658922728,-0.11179977827653576,0.8898011202013203,5.882123940044727,0.004523458727087453,-2.4914004802703857,0.4496545314896647,0.9998848908210297,-47.5,0.004485129,2.5299410820007324,0.01997067057804919,0.0036355048487698464,-0.011259611,3.7343168,0.0,0.9586298977637695,2.754507340117295,1880,-4.195400172513172,-0.2216874429313581
2.25,-0.08866196163813583,-7.105427357601002e-17,1000,1.0,0.00011654174649237995,-0.8144945750769514,-0.11768397713319553,0.878999362074809,3.6397068617156485,0.004069059578502995,-2.8190321922302246,0.47085676679234156,0.99987675338913,-50.0,0.0034048588,2.959108591079712,0.01967716662322122,0.003691785167056656,-0.00910528,3.7337964,-0.0050000000000000044,0.9764477054785207,1.7835451519826961,1900,-3.8642430705841364,-0.2216874429313581
2.25,-0.12408640752104111,-2.842170943040401e-17,1000,1.0,0.0001802239533092466,-0.8305611583711179,-0.11179977827653574,0.9157892338084792,6.0144282489640934,0.004523458727087453,-2.6481709480285645,0.42315088612807344,0.9998617150504002,-47.5,0.0035722707,2.1230902671813965,0.015232065822627023,0.0038517613233309757,-0.013906314,3.7329035,0.0,0.9609276358933723,0.855542770138919,1920,-5.657312958136437,-0.2216874429313581
2.25,-0.1313371240523411,1.4210854715202004e-17,1000,1.0,0.0005674217069669185,-0.9640699346284118,-0.11179977827653574,0.7453694657103335,5.505206744793637,0.004523458727087453,-2.8629369735717773,0.4971504665257635,0.999919381445762,-47.5,0.0034064897,2.6959142684936523,0.020923791830619688,-0.003655499607001697,-0.010076452,3.7225573,0.0,0.8828063959278215,0.9469472153459857,1940,-3.1683507746571253,-0.2216874429313581
2.25,-0.08235119268437847,5.684341886080802e-17,1000,1.0,0.0007767062363448513,-3.934863936473492,-0.11179977827653576,0.7263531615396284,5.443168718363323,0.004523458727087453,-2.488295793533325,0.4620568020228547,0.9999234712237496,-47.5,0.003843962,2.5358405113220215,0.030697017155957164,-0.00499884571338581,-0.014887628,3.7245023,0.0,0.8285150831962961,3.356671328627246,1960,-5.008253512582769,-0.2216874429313581
2.25,-0.1315497807287611,-7.105427357601002e-18,1000,1.0,0.0005961641948849949,-0.8943222813681599,-0.11179977827653574,0.8319703650494745,5.995344199658326,0.004523458727087453,-2.883594036102295,0.44842365616545665,0.9999018107125751,-47.5,0.005040981,2.347083568572998,0.01693884446157426,0.004621396128833547,-0.013720609,3.7184198,0.0,0.8682469572481382,0.8815005371153828,1980,-2.870585403457928,-0.2216874429313581
2.25,-0.16897985842917115,-1.4210854715202004e-17,1000,1.0,0.0008656025999433392,-0.867334197572832,-0.1000313805632162,0.7164602252177523,4.165001935456292,0.0052245142471480715,-2.642118215560913,0.46464176547111247,0.9999294977602072,-42.5,0.0022049518,2.2988903522491455,0.018578474348074504,0.0022758179043682178,-0.005583507,3.7191205,0.0,0.8502281200877856,0.8537282481774983,2000,-1.0754375740742719,-0.2216874429313581
3.375,-0.07340761603182182,7.105427357601002e-18,1000,1.0,0.0002393542119020584,-0.7716581077697079,-0.11768397713319553,0.9186118139998379,3.0797259054796546,0.004069059578502995,-2.7411410808563232,0.47456200123378056,0.999853095791071,-50.0,0.0068300264,2.3911609649658203,0.018563301073708637,0.0005253399002126551,-0.014951643,3.7232094,-0.0050000000000000044,0.9432384836110371,0.7884207903334295,2020,-3.720454900152578,-0.2216874429313581
3.375,-0.09331311618676409,7.105427357601002e-17,1000,1.0,4.23824785672953e-05,-0.9401857585662092,-0.11768397713319553,0.9150879982700592,3.425742952161069,0.004069059578502995,-2.384693145751953,0.5006376940822475,0.9998518309319122,-50.0,0.002826569,2.693773031234741,0.018315429512992285,0.002940534892029637,-0.010005762,3.7330127,-0.0050000000000000044,0.989917374333036,0.8438356236028745,2040,-3.68767627100625,-0.2216874429313581
3.375,-0.09158175055636093,1.4210854715202004e-17,1000,1.0,0.00013502095281699156,-0.8235034014657338,-0.11179977827653574,0.9327447234611701,6.685350256893637,0.004523458727087454,-2.822444200515747,0.4884630922983254,0.9998481513871257,-47.5,0.0028029238,2.6556594371795654,0.018968283818911885,0.004177670102228946,-0.012111254,3.7375321,0.0,0.9701769240796289,0.8341978160905019,2060,-1.447664247020807,-0.2216874429313581
3.375,-0.08400426694063935,0.0,1000,1.0,0.0010464824827452585,-0.8758300884849688,-0.10591557941987596,0.6197100551797072,4.320308781714047,0.0049086102833024794,-2.52944016456604,0.5073373980170219,0.9999371828675037,-45.0,0.003384074,2.837310552597046,0.024247737442793398,0.0014934272772831854,-0.011644007,3.7328029,0.0,0.7870163025522937,1.8213692794475271,2080,-1.7275178597714587,-0.2216874429313581
3.375,-0.07470091931708157,0.0,1000,1.0,0.00035233968484729163,-0.80918791117711,-0.11179977827653576,0.8312852328112271,5.816152969314258,0.004523458727087453,-2.5141654014587402,0.4897520693970028,0.9999027517683474,-47.5,0.0018662028,2.3204150199890137,0.017282712477556562,-0.006085683368155081,-0.00688366,3.7274241,0.0,0.9221260484509397,0.7688339026254698,2100,-2.2040474722856676,-0.2216874429313581
3.375,-0.07379553910566028,3.552713678800501e-17,1000,1.0,0.00016557974244786483,-2.120729423295899,-0.11768397713319553,0.7737825761490619,2.2798561601810805,0.004069059578502995,-2.6911096572875977,0.4918435222231142,0.9999061049561162,-50.0,0.0022522332,2.275373697280884,0.023194201374640358,0.0004033241208258973,-0.0070755724,3.729781,-0.0050000000000000044,0.9633954617775942,2.6121042550213307,2120,-3.15215074178205,-0.2216874429313581
3.375,-0.12264094549953006,0.0,1000,1.0,0.0006952272525160142,-0.8485355074424478,-0.11179977827653574,0.7694459657503385,6.147170641540882,0.004523458727087453,-2.598480224609375,0.4883362165536708,0.9999164648677706,-47.5,0.0016868713,2.2791008949279785,0.01959401826471652,0.0032239630634739763,-0.006857896,3.7292533,0.0,0.850168736143269,0.9082739584881196,2140,-1.1590710976604082,-0.2216874429313581
3.375,-0.08106613986875164,1.7763568394002505e-17,1000,1.0,0.0004540435203544598,-3.9681788080395686,-0.11179977827653576,0.7981156795980228,5.6656458751582806,0.004523458727087453,-4.222198486328125,0.5866390685357212,0.9999132390998771,-47.5,0.003920461,2.425943613052368,0.038302729802776755,0.00017777443244951875,-0.012948695,3.7289858,0.0,0.900173669768855,4.033830345353433,2160,-3.0325759549240665,-0.2216874429313581
2.25,-0.17398240486113353,0.0,1000,1.0,0.00030536848895554866,-0.8020420862794336,-0.11179977827653576,0.8550394091520243,6.411493884656416,0.004523458727087453,-3.160611867904663,0.46530558661898114,0.999894767699426,-47.5,0.0008269937,2.6032111644744873,0.01713545710803032,0.002001498221261777,-0.004474868,3.73593,0.0,0.9368529819064308,0.7960374248284494,2180,-1.573161001042111,-0.2216874429313581
2.25,-0.24672304353443905,0.0,1000,1.0,0.0004103162905125887,-1.0676489265518707,-0.11179977827653574,0.8634499847526013,5.7754166039062955,0.004523458727087454,-3.113126754760742,0.4793977873358881,0.9998917880484036,-47.5,0.0019232328,2.2959370613098145,0.018101768312020747,0.0018780798290514032,-0.0065732915,3.7373343,0.0,0.9150956062054061,1.0288285613968713,2200,-1.9430460487119443,-0.2216874429313581
2.25,-0.17065384586807342,0.0,1000,1.0,0.00013482000564960891,-1.096528304415859,-0.11768397713319553,0.8560165382814825,1.5411888877169195,0.004069059578502995,-3.2645177841186523,0.6068572913102208,0.9998864870273713,-50.0,0.0022240644,2.484470844268799,0.025172108305370762,-0.0009496345803365029,-0.006635974,3.736513,-0.0050000000000000044,0.970671998459625,2.0977887982977594,2220,-2.9054549025042515,-0.2216874429313581
2.25,-0.13917030372133013,0.0,1000,1.0,0.0007301696612810841,-3.2071103147394173,-0.11179977827653574,0.6961898982524497,5.374435924601669,0.004523458727087453,-4.041521072387695,0.54357873117803,0.9999252410704307,-47.5,0.0021976137,2.3732545375823975,0.026574591200944755,0.007850273293155128,-0.005797265,3.7246375,0.0,0.8388589408844482,3.669207606634776,2240,-1.8336660894916526,-0.2216874429313581
2.25,-0.12374212688440457,-1.4210854715202004e-17,1000,1.0,0.0006632899039269787,-2.6703228256852523,-0.10591557941987598,0.7381559190969054,4.938437084059848,0.0049086102833024794,-2.8806819915771484,0.5747095505217262,0.9999253651022258,-45.0,0.0028555358,3.534646987915039,0.028685911961883873,-0.003646606165601947,-0.00873567,3.7120466,0.0,0.8668828063120473,2.5300810551216153,2260,-1.6025853517387876,-0.2216874429313581
3.375,-0.07639271521079354,2.842170943040401e-17,1000,1.0,0.0007143027064515988,-0.8534986492533665,-0.10591557941987596,0.6463766547077345,4.447184759794445,0.0049086102833024794,-2.8274898529052734,0.5390140275204476,0.9999349680820816,-45.0,0.006825058,2.262873888015747,0.01983557588165627,-0.004493523271613784,-0.01502762,3.7057252,0.0,0.8545829474167811,0.7787775054731825,2280,-1.4984598997051857,-0.2216874429313581
3.375,-0.1112992647299543,8.526512829121202e-17,1000,1.0,0.0012552233372162256,-0.9569136738290535,-0.10591557941987598,0.4741533094706648,4.219870319919247,0.0049086102833024794,-2.497342586517334,0.4976856988440775,0.9999455420930153,-45.0,0.001615737,2.1699271202087402,0.01595111368531539,0.002452479509090876,-0.0070778895,3.7134216,0.0,0.7445362333461214,0.9092589871211689,2300,-1.8535513301075073,-0.2216874429313581
2.25,-0.10475064356671646,-2.1316282072803006e-17,1000,1.0,0.0005923393287283065,-1.0393022739962146,-0.11179977827653576,0.7243569267687494,4.819664081934756,0.004523458727087453,-2.830540657043457,0.502374863437895,0.9999225706511973,-47.5,0.00091184094,2.3450398445129395,0.01840800576852565,-0.0028062180070782114,-0.0036796224,3.7118988,0.0,0.8718865310680429,0.9517724529298787,2320,-3.436998444782152,-0.2216874429313581
3.375,-0.10278503254905809,9.947598300641403e-17,1000,1.0,0.00011987977953466683,-2.367539182732062,-0.11768397713319553,0.935542903725668,6.203365764862102,0.004069059578502995,-2.785642147064209,0.5248105609134451,0.9998420967093116,-50.0,0.010785605,2.688204765319824,0.0223321591213113,0.006797956668420337,-0.051441092,3.7031178,-0.0050000000000000044,0.9711821193661995,3.4648851414108655,2340,-3.003586810392635,-0.2216874429313581
3.375,-0.04371341671455593,-3.552713678800501e-17,1000,1.0,3.5436025545039145e-05,-0.8180713470222162,-0.11768397713319553,0.9451224556448261,3.1617708922592187,0.004069059578502995,-3.0716471672058105,0.5143911813175759,0.9998282821151132,-50.0,0.0026918647,2.1164162158966064,0.018669772664757875,-0.004190047476822953,-0.009998144,3.7014408,-0.0050000000000000044,0.9912920330242281,0.7420493065549766,2360,-3.3834698601074025,-0.2216874429313581
3.375,-0.10649708407255822,0.0,1000,1.0,2.3724361028728775e-05,-1.0300269631379313,-0.11768397713319553,0.981939065388471,3.972242032862768,0.004069059578502995,-2.6901016235351562,0.509696702209004,0.9997167269016516,-50.0,0.0034582214,2.079792022705078,0.019068973054213144,-0.0008746399768163621,-0.012060811,3.6992655,-0.0050000000000000044,0.9943124229516664,0.9711390745212579,2380,-3.6432075633625587,-0.2216874429313581
3.375,-0.05572467348282226,0.0,1000,1.0,2.7734644463079618e-05,-0.8520740242345348,-0.11768397713319553,0.9810784614641752,3.844285075388455,0.004069059578502995,-2.7049267292022705,0.5388060770360876,0.9997210517618507,-50.0,0.0023200922,2.404026508331299,0.019120255934531087,-0.004097332901788691,-0.008088391,3.6956964,-0.0050000000000000044,0.9934791874879303,0.8403727693726779,2400,-3.7527623549672704,-0.2216874429313581
3.375,-0.11844621359021403,-4.9737991503207014e-17,1000,1.0,1.0427483328647672e-05,-0.9618518867864554,-0.11768397713319553,0.9936519761667013,3.069205077325346,0.004069059578502995,-2.592402935028076,0.5185852833514092,0.9995103792395124,-50.0,0.0018300355,2.494633674621582,0.017850482490069278,0.006083183839651475,-0.008707603,3.6918106,-0.0050000000000000044,0.9975109631974527,1.6012638741884102,2420,-2.792561894497881,-0.2216874429313581
2.25,-0.2329807779637631,-5.684341886080802e-17,1000,1.0,0.0005789638070162587,-1.1510683795497338,-0.11179977827653576,0.8177351650504526,6.420242779130296,0.004523458727087453,-2.8389673233032227,0.529436339744625,0.9999048639588833,-47.5,0.0010870547,2.241720676422119,0.019315053712445414,0.0008891507054331285,-0.0050929855,3.6944451,0.0,0.8728427023090685,1.1030537015586657,2440,-1.42490132024576,-0.2216874429313581
2.25,-0.15660369395907037,-7.815970093361102e-17,1000,1.0,0.001713108690093713,-0.7490997446165917,-0.1000313805632162,0.5893570598525099,3.9759814071179425,0.005224514247148072,-2.6104559898376465,0.48469877008357243,0.999941484772582,-42.5,0.0023827981,2.4532697200775146,0.015710863601881685,0.0037108432690798384,-0.009115661,3.6938224,0.0,0.6870266347867228,0.751207291667206,2460,-1.0090834436785343,-0.2216874429313581
2.25,-0.14807063846371601,1.4210854715202004e-17,1000,1.0,0.00027938798950645385,-1.2013671618015298,-0.11179977827653576,0.8237390115736288,4.945594950648689,0.004523458727087453,-2.7453184127807617,0.542182413564163,0.9999047705304197,-47.5,0.0028984335,2.2692995071411133,0.021830190136806746,0.0007984886816092933,-0.0066299643,3.6855311,0.0,0.938246848202484,1.0993656698786827,2480,-2.116292723027801,-0.2216874429313581
2.25,-0.2424175446794834,2.842170943040401e-17,1000,1.0,0.00014831151939293213,-1.142959898314681,-0.11768397713319553,0.8609276914491798,2.5561965920523573,0.004069059578502995,-2.8969857692718506,0.48967081499317205,0.9998831747207869,-50.0,0.0033776104,2.0944859981536865,0.016957665367686746,0.009003378012479826,-0.012150209,3.6658866,-0.0050000000000000044,0.9684022157017107,1.0089658050708659,2500,-4.010921343468684,-0.2216874429313581
2.25,-0.12355782003933564,-7.105427357601002e-18,1000,1.0,1.8948367927247397e-05,-1.042876648010799,-0.11768397713319553,0.9871642175108422,3.1895990262529454,0.004069059578502995,-3.0460870265960693,0.5228704094387691,0.9996366317530462,-50.0,0.0029003583,2.089348793029785,0.01967252347485343,-0.004578398376403239,-0.006411575,3.6574368,-0.0050000000000000044,0.9953492381077569,0.7620904090654591,2520,-2.978096072404807,-0.2216874429313581
3.375,-0.13655018874281086,4.263256414560601e-17,1000,1.0,0.0005259643653463239,-0.8706499820196762,-0.11179977827653576,0.7877083075482123,6.106015449709902,0.004523458727087453,-2.7356820106506348,0.5169017576427387,0.9999115034144399,-47.5,0.008812028,2.7407636642456055,0.018929095307529353,0.005347640432059085,-0.02334031,3.660378,0.0,0.8897140337574488,0.8948518179516661,2540,-1.1128281047102881,-0.2216874429313581
2.25,-0.1689337906470755,0.0,1000,1.0,0.0005689623473524748,-0.992214339086851,-0.11179977827653574,0.8186533206785553,6.513386417003802,0.004523458727087453,-2.6081790924072266,0.47944922195207895,0.9999053446183591,-47.5,0.0014833594,2.012382984161377,0.016793132362301122,-0.0029395404963708303,-0.0064002,3.6652772,0.0,0.8752095465910187,0.9052705792476022,2560,-1.339722552712142,-0.2216874429313581
2.25,-0.09807941537024453,2.842170943040401e-17,1000,1.0,0.0005362291019936895,-1.0320404911838246,-0.11179977827653576,0.8199030627954927,5.788833589321633,0.004523458727087453,-2.3901607990264893,0.5188936726755207,0.9999055263481537,-47.5,0.003697702,2.5479013919830322,0.020654757228089207,-0.007521242047518581,-0.010768971,3.6628244,0.0,0.8815268373333743,0.9711435212932631,2580,-2.254327965920446,-0.2216874429313581
2.25,-0.1301313718323363,2.842170943040401e-17,1000,1.0,0.00010297712153240435,-1.0991562587724788,-0.11768397713319553,0.9424514515870225,3.540853001645283,0.004069059578502995,-2.6582770347595215,0.49515825777502687,0.9998290775385317,-50.0,0.004749664,2.680800437927246,0.01926349354562238,0.005763490538787604,-0.012951914,3.6684103,-0.0050000000000000044,0.9772294202056804,1.0595820290874363,2600,-3.3182883749217114,-0.2216874429313581
2.25,-0.1868492230246775,0.0,1000,1.0,3.873057264154063e-05,-1.0630960944838903,-0.11768397713319553,0.9104899530064808,2.4480336667743057,0.004069059578502995,-2.8510913848876953,0.5206766328165576,0.9998580060492334,-50.0,0.0028737749,2.8077023029327393,0.02012149795173184,-0.004587807242869799,-0.010273589,3.6738281,-0.0050000000000000044,0.9906851196418673,0.9849379435355651,2620,-3.113089560701283,-0.2216874429313581
2.25,-0.12826400103978813,1.4210854715202004e-17,1000,1.0,0.00031558099307621185,-0.9816142851085037,-0.11179977827653576,0.8259641372604807,6.476980520923314,0.004523458727087453,-2.9228527545928955,0.541430995292403,0.9999037868600669,-47.5,0.0029177207,2.281726121902466,0.02288942648119307,-0.005198341306522224,-0.010318163,3.6650453,0.0,0.9321968843069812,1.0826239118043564,2640,-1.6230929630817217,-0.2216874429313581
2.25,-0.18817449919041246,2.842170943040401e-17,1000,1.0,5.1570060976662687e-05,-0.956429977342588,-0.11768397713319553,0.9768353405250381,3.621240001260398,0.004069059578502995,-3.064256429672241,0.5131022918165311,0.9997465052727058,-50.0,0.0056349346,2.0814285278320312,0.01612219913133093,-0.005297654684678496,-0.012383578,3.6546547,-0.0050000000000000044,0.988445032057326,0.9210981432891746,2660,-3.1581229859322573,-0.2216874429313581
2.25,-0.1361462634273339,2.842170943040401e-17,1000,1.0,2.765986120429139e-05,-1.269626970016437,-0.11768397713319553,0.9232095232209222,1.8530896946109563,0.004069059578502995,-2.600745439529419,0.5111536308462629,0.9998394018543922,-50.0,0.0023450109,2.4034574031829834,0.020046023044097097,0.0033088383147819654,-0.006718337,3.6630723,-0.0050000000000000044,0.9933682751759169,1.2038911878320948,2680,-3.541054395998843,-0.2216874429313581
2.25,-0.1905273741451092,1.7763568394002505e-17,1000,1.0,1.1668416772112136e-05,-1.2894456274742552,-0.11768397713319553,0.9913044981601031,5.523454564941016,0.004069059578502995,-2.612806797027588,0.5136765855581561,0.9996045353077148,-50.0,0.0031328306,2.162684917449951,0.018816527849630796,-0.015239455737249951,-0.010469381,3.6703234,-0.0050000000000000044,0.9971506415428032,1.193742343849459,2700,-3.8351466313805767,-0.2216874429313581
2.25,-0.2539418033673428,-2.842170943040401e-17,1000,1.0,0.00036065195334254626,-1.841092773162122,-0.1133018265402904,0.8850398358020954,7.3930058916757195,0.004237833703126262,-3.231466770172119,0.5215091546143386,0.9998814665155672,-47.9,0.0052552526,2.341442584991455,0.031895281294600016,0.005960964316371797,-0.017820012,3.6753452,0.0,0.9152849492215079,2.3595801857876553,2720,-2.245981426346652,-0.2216874429313581
2.25,-0.252210162793519,4.263256414560601e-17,1000,1.0,6.035106359993622e-05,-1.1661564727003735,-0.11768397713319553,0.9691161811903066,2.3526405021136148,0.004069059578502995,-2.785947322845459,0.484061116171831,0.9997626342466343,-50.0,0.0051630368,2.300584077835083,0.017227974995530776,-0.00022430917472025807,-0.014494154,3.67666,-0.0050000000000000044,0.9851694155038662,1.0226963284303445,2740,-3.5368704376336666,-0.2216874429313581
2.25,-0.11099839222140144,0.0,1000,1.0,0.0007077215630153816,-3.7156578557353823,-0.1085766066300427,0.7666461803296349,5.202425704650757,0.004615929998312755,-4.554774761199951,0.5225807201313571,0.9999157769626904,-46.65,0.005781769,2.2393088340759277,0.029221905237578078,0.0039105403985553715,-0.016576862,3.6854856,0.0,0.8519338071347524,3.344822648989718,2760,-3.5390875081765,-0.2216874429313581
2.25,-0.18354628160060382,-1.4210854715202004e-17,1000,1.0,0.0012906807292008167,-3.575461062643214,-0.1000313805632162,0.5610320275030822,3.580375931722087,0.005224514247148073,-2.8131282329559326,0.5108878351468901,0.9999438043096839,-42.5,0.005473018,2.227956771850586,0.04390668392040925,-0.010542571041701025,-0.015758112,3.6857607,0.0,0.7534072403224399,3.612345690476219,2780,-3.4390671660971233,-0.2216874429313581
3.375,-0.1704207088975236,3.552713678800501e-17,1000,1.0,0.00022333995781681251,-1.2262376827230637,-0.11768397713319553,0.7803763911485093,4.426236805463308,0.004069059578502995,-2.5025136470794678,0.4843548533643156,0.999903149361295,-50.0,0.0062910565,2.8061437606811523,0.020571054707847064,-0.0027986391045902643,-0.10046897,3.6796937,-0.0050000000000000044,0.9508464363571321,3.0005908110452633,2800,-2.5402266168301786,-0.2216874429313581
3.375,-0.09578089083312079,-2.842170943040401e-17,1000,1.0,0.0005027923117326696,-2.348769583853112,-0.11179977827653574,0.760056497982288,5.082523876412651,0.004523458727087453,-2.7746949195861816,0.5547886819883103,0.9999216279910353,-47.5,0.0028777535,2.4375216960906982,0.029289932022953186,-0.0025759827912186567,-0.013873615,3.6718867,0.0,0.8923566102170583,0.8594410537251113,2820,-4.075709926788443,-0.2216874429313581
3.375,-0.23633957092324273,0.0,1000,1.0,0.0008943702993411019,-1.3473236868407432,-0.10601970878177283,0.6644443418070349,4.760319159845238,0.004888773311709184,-2.895066499710083,0.512060752338978,0.9999317734906445,-45.3,0.0016991114,2.424675226211548,0.019147931024529517,-0.0033162231446350957,-0.007576426,3.6666574,0.0,0.817062249582271,0.9952202323045757,2840,-0.9444703078404438,-0.2216874429313581
3.375,-0.2239783031856641,-5.684341886080802e-17,1000,1.0,0.0006872648200155737,-1.9301425800245724,-0.10591557941987596,0.7083854426515287,4.301389609377295,0.0049086102833024794,-2.635061264038086,0.47021108400252176,0.999929314723529,-45.0,0.0020138524,2.168896198272705,0.018119103373752644,0.00016479246017139326,-0.0069748224,3.6519566,0.0,0.866524347499605,1.0166119914689085,2860,-1.9099174082955508,-0.2216874429313581
3.375,-0.24516743972577387,0.0,1000,1.0,0.00019040173764342465,-1.25415182308741,-0.11768397713319553,0.9108180478801027,2.1584054114311906,0.004069059578502995,-3.21785831451416,0.4732114642666766,0.9998692036759722,-50.0,0.0026879173,2.418543577194214,0.01722596466041529,0.0004238004735562061,-0.0077773407,3.6457422,-0.0050000000000000044,0.9533546779710328,1.194963077072342,2880,-4.401293349641757,-0.2216874429313581
2.25,-0.11655564185837283,4.263256414560601e-17,1000,1.0,0.00036869806943889874,-0.6994639109616364,-0.11179977827653576,0.6054237364104043,4.21254853767797,0.004523458727087453,-2.6766653060913086,0.4711986305840116,0.9999351593940619,-47.5,0.0014987959,2.5256400108337402,0.015971037413740355,-0.0020725857414249983,-0.0048225108,3.643353,0.0,0.9184928669288297,0.7157459631425949,2900,-3.0022876834107715,-0.2216874429313581
2.25,-0.1702210943745449,2.842170943040401e-17,1000,1.0,0.0011902468920781332,-1.5004499492716723,-0.10591557941987596,0.5877114268813796,4.045858887167863,0.0049086102833024794,-2.61582088470459,0.5374904060230422,0.9999387057187972,-45.0,0.002807895,2.2565479278564453,0.023734215092177373,-0.008229914032597886,-0.010179273,3.6455564,0.0,0.758022585698643,2.7482357247170355,2920,-2.280423980416963,-0.2216874429313581
2.25,-0.22047912427899427,7.105427357601002e-18,1000,1.0,0.0005030018904424759,-1.210397264044498,-0.10591557941987596,0.7070036950097911,4.131992682252821,0.004908610283302479,-2.7625365257263184,0.5221996237873934,0.9999278918764468,-45.0,0.0036765316,2.3766002655029297,0.019901185946566462,-0.0020393655942901666,-0.011253194,3.6449604,0.0,0.8984829676165805,1.132656855147049,2940,-1.8393824858566177,-0.2216874429313581
2.25,-0.1829491098439321,2.4868995751603507e-17,1000,1.0,0.00020041808156309585,-0.9198801189231786,-0.11768397713319553,0.8457897000825811,2.5595464952118228,0.004069059578502995,-2.770691156387329,0.5189328334843273,0.9998873479766512,-50.0,0.0036427246,2.528491497039795,0.018500643677939875,0.0007792333776072748,-0.010423375,3.637402,-0.0050000000000000044,0.9573153796382938,0.8419273149987098,2960,-3.905971080248928,-0.2216874429313581
2.25,-0.1854657158551272,1.1368683772161603e-16,1000,1.0,4.2316959578452965e-05,-0.8844075437242543,-0.11768397713319553,0.8375113154336602,1.989342343833669,0.004069059578502995,-2.8698697090148926,0.47115355070026443,0.9998920992858461,-50.0,0.0022035907,2.2430834770202637,0.016688498596074876,0.0013347367279361825,-0.0063324505,3.6351595,-0.0050000000000000044,0.9900961188442197,0.835508518044776,2980,-3.3068154811492336,-0.2216874429313581
2.25,-0.2537132565791253,-1.4210854715202004e-17,1000,1.0,0.0001038241258946645,-0.9811965490385857,-0.1158733780241435,0.9404936717320025,7.317857612730528,0.003974636516775468,-2.749274492263794,0.49556807339524256,0.9998463243680762,-48.65,0.0015861695,2.0980610847473145,0.019685263740370662,-0.0048531682346245044,-0.0047894623,3.6237488,-0.0050000000000000044,0.9738980903579852,0.8743171891628952,3000,-2.3484331939967746,-0.2216874429313581
