_max_obs,_MeanReward,Steps,PolicyLoss,ExplainedVarOld,_mean_act,_std_act,_lr_multiplier,_max_act,_Episode,ValFuncLoss,_max_adv,_mean_obs,Beta,_std_discrew,ExplainedVarNew,_std_adv,_std_obs,_max_discrew,_min_obs,_min_adv,_min_act,_mean_discrew,_mean_adv,KL,_min_discrew,PolicyEntropy
0.9606507915521502,-49.9,1000,-0.016166046,-3.9219199992108376,0.015780544938868844,0.3649716058714725,1.0,2.1305625438690186,20,0.002831294355357529,2.8362264384241964,0.0591871387299966,1.5,0.004055658184711146,0.352765761431832,0.9999798190375645,0.017798240729017145,-0.0050000000000000044,-0.6506814820833177,-2.8086059386497473,-2.3261778354644775,-0.11760538735836258,-1.0302869668521453e-16,0.010154877,-0.2216874429313581,3.6875374
0.6748363236545875,-49.6,1000,-0.01257513,-0.06646236862071486,0.0259678540557361,0.36957098158743373,1.0,2.1122069358825684,40,0.0025128386496101225,3.1485203298926767,0.01940719317158507,2.25,0.004018429176475152,0.3975197780425225,0.9999689340791674,0.012798352800593552,-0.004950125000000005,-0.585933259685701,-1.7155178813634793,-2.1345887184143066,-0.11639097967608418,-2.4868995751603507e-17,0.0092283925,-0.2216874429313581,3.6763813
0.6604119900665254,-48.8,1000,-0.0092979,0.4092186327305709,0.024103479034965857,0.38029452834634625,1.0,2.1153104305267334,60,0.0010662830385171817,3.051497423444234,0.015248370864240439,2.25,0.003921270866152528,0.7345157348604736,0.999954361745499,0.01200048714100295,-0.0050000000000000044,-0.3429848628553089,-1.8541151038347048,-2.425837993621826,-0.11526494944379612,3.552713678800501e-18,0.0036310644,-0.2216874429313581,3.6645818
0.40484224957711784,-49.5,1000,-0.006498022,0.725921513691097,-0.019316530661366415,0.36578967434661447,1.0,1.9380472898483276,80,0.0002955409322997,2.7045769982541437,-0.009344124103969757,2.25,0.004009851191065631,0.9265099758396749,0.9999343440598213,0.009228793753555783,-0.0050000000000000044,-0.46597374320701307,-1.5458105996303466,-1.9890648126602173,-0.11685926077639451,-3.552713678800501e-17,0.0031672153,-0.2216874429313581,3.6753144
0.7293220963938188,-49.85,1000,-0.0076447222,0.920189876831525,0.0012506791170453654,0.38540601044912876,1.0,2.1806936264038086,100,7.854230448181562e-05,3.321428787943188,0.006123847087684834,2.25,0.0040412876723052394,0.9810748662010597,0.9998758074980342,0.014694908222035506,-0.0050000000000000044,-0.5305850436570587,-2.050089069719723,-2.523714303970337,-0.11747255089925494,-1.0658141036401503e-17,0.003733246,-0.2216874429313581,3.6650054
0.5817811937456814,-49.65,1000,-0.0050063245,0.977631664643913,-0.007088286472135223,0.3737104239522947,1.0,2.199038505554199,120,4.2031079661420795e-05,3.548218806262901,0.0009150174156191004,2.25,0.004020411210111155,0.9896732497090247,0.9997544340462056,0.01609263418034254,-0.0050000000000000044,-0.7244710793698871,-4.144897954589375,-2.2729454040527344,-0.11732071807508081,1.7763568394002505e-17,0.0027583337,-0.2216874429313581,3.6567621
0.5364130962643667,-49.9,1000,-0.010112951,0.9920487467342956,-0.0021785169594804757,0.36728675595930865,1.0,2.3361146450042725,140,1.995231831477988e-05,4.858096872328772,0.008934675781635258,2.25,0.004046371861244911,0.9951714549664057,0.999602256345521,0.011669223523143436,-0.0050000000000000044,-0.388356895725565,-2.6368770724589674,-2.4839906692504883,-0.11742645022476617,4.263256414560601e-17,0.005756692,-0.2216874429313581,3.6477175
0.36278250361571124,-49.65,1000,-0.007367361,0.9917916672020824,-0.04784476959647145,0.37076322891705954,1.0,2.155956983566284,160,2.332150507018286e-05,5.00527484457972,-0.007342560263889501,2.25,0.00402323119079783,0.9942446223180321,0.9996133933340073,0.013129130293651856,-0.0050000000000000044,-0.7378534397204126,-3.1956813046450674,-2.415334939956665,-0.11735100813778543,-1.0658141036401503e-17,0.0034464293,-0.2216874429313581,3.644352
0.48720678540030454,-49.2,1000,-0.008456044,0.9826636348505514,-0.037384171320183665,0.3791560920729098,1.0,2.176241159439087,180,5.460870839992339e-05,3.4537444195582125,-0.01436772153157017,2.25,0.0039215667938280775,0.9861463578535359,0.9997069602222116,0.0158641020669472,-0.0050000000000000044,-0.777958887744321,-3.207103728658842,-2.337571620941162,-0.11573996864605092,-2.1316282072803006e-17,0.004198744,-0.2216874429313581,3.6556392
0.6004771976661994,-49.25,1000,-0.0066907145,0.9768111218794717,0.008684526713797823,0.38349130837875367,1.0,2.189181089401245,200,6.227471634895046e-05,3.26299822089465,0.013113874915779937,2.25,0.003953724728978134,0.9842589987974579,0.9997423331746381,0.014473085526737305,-0.0050000000000000044,-0.7486313473308984,-4.228930632635052,-1.9358556270599365,-0.11637640581992002,1.0658141036401503e-17,0.0024629768,-0.2216874429313581,3.6579957
0.7764625534167656,-47.8,1000,-0.0069638165,0.9583275843687797,0.014024101855116896,0.3699593998566267,1.0,2.1373960971832275,220,0.00014832376364071214,5.1815969330383265,0.0034866119130410912,2.25,0.003872654263618219,0.9619091542677586,0.9998031151271934,0.015226250686579235,0.0,-0.5137097895375978,-2.026368127732164,-2.2508909702301025,-0.11300451226203216,1.4210854715202004e-17,0.0033205445,-0.2216874429313581,3.6501477
0.6557499814992973,-48.7,1000,-0.0053388826,0.9811723668854937,0.012838677139603533,0.3802523496913627,1.0,2.171874761581421,240,6.552719343725288e-05,4.4866373707234715,0.00888116188026924,2.25,0.003861219145544528,0.9831906694016566,0.9997191316016518,0.012402706611394735,-0.0050000000000000044,-0.48047027520448726,-1.8235892309898198,-2.337252140045166,-0.11476024532908317,2.842170943040401e-17,0.0022878628,-0.2216874429313581,3.6619139
0.7197347410247542,-48.0,1000,-0.007678098,0.9403087075264106,0.024818579052196584,0.3814305487164031,1.0,2.074331283569336,260,0.0002229608969092354,5.350239225970075,0.016536460836188815,2.25,0.003910372700303182,0.9438573861296707,0.9998374889733972,0.012139529410751216,-0.0050000000000000044,-0.3799651223752872,-1.1136689249115457,-2.3179612159729004,-0.11301083298598702,-1.4210854715202004e-17,0.0030755273,-0.2216874429313581,3.680818
0.36373838162563654,-49.55,1000,-0.005824552,0.9833355547165099,-0.0356261532290373,0.3750426694693583,1.0,2.463418960571289,280,5.388366605660417e-05,3.1952653985734867,-0.001064080250425675,2.25,0.003986987766344119,0.9876460854030659,0.9996743477049229,0.011091327646138387,-0.0050000000000000044,-0.4404416894040936,-2.076104595448447,-2.324392318725586,-0.1166467425750973,-2.842170943040401e-17,0.0028333126,-0.2216874429313581,3.6874428
0.49966292292983583,-48.9,1000,-0.008250389,0.9794726876258673,-0.10134705791668966,0.4165878154934637,1.0,2.0486083030700684,300,5.1016576971168265e-05,3.638839281247702,-0.019551635937477482,2.25,0.003895714484865844,0.9877184645759538,0.9997235006203389,0.015444427800694823,-0.0050000000000000044,-0.7652192277584319,-1.9987494720797379,-2.6254589557647705,-0.11521108072987227,2.842170943040401e-17,0.004376852,-0.2216874429313581,3.6859927
0.7279627826827021,-49.1,1000,-0.0072376216,0.9821208146155721,-0.023718645845656285,0.39390866171662753,1.0,2.2726287841796875,320,4.755481096722482e-05,3.917566254409858,0.001315445238960119,2.25,0.003920336990122405,0.9879545292085877,0.9997282934502951,0.015185239362805266,-0.0050000000000000044,-0.5927286995739312,-3.577886342985909,-2.2889509201049805,-0.1161181347022328,2.842170943040401e-17,0.0029900456,-0.2216874429313581,3.6740382
0.7904116640870738,-48.5,1000,-0.005505025,0.9771611462271848,-0.057095286314841356,0.39923559671838466,1.0,2.0647995471954346,340,7.197241935291361e-05,4.44307936862975,-0.012905040261068928,2.25,0.0038803638056366,0.9817070289668811,0.9997357424609553,0.017160498614612513,-0.0050000000000000044,-0.8073232986751746,-2.586378453211135,-2.040926456451416,-0.11503238126262565,5.684341886080802e-17,0.002130057,-0.2216874429313581,3.6683483
0.5031452463796839,-49.05,1000,-0.00920108,0.9842433060894881,-0.05587571422592737,0.4023085798723526,1.0,2.1710283756256104,360,4.79911180835009e-05,6.336520369609738,-0.007879847137328814,2.25,0.00394610119393095,0.9878494520514498,0.9997019288003817,0.017176848176391316,-0.0050000000000000044,-0.8608876810237015,-1.8012602817898475,-2.6113779544830322,-0.11613777905454596,3.1974423109204506e-17,0.0038935358,-0.2216874429313581,3.6780334
0.4704629314169193,-49.6,1000,-0.009336857,0.9920761879205037,-0.08043916002474726,0.3808762850757538,1.0,2.0748767852783203,380,3.030029410533652e-05,5.963180940031099,-0.012535003155664321,2.25,0.004000622226680706,0.9924261205200927,0.9995941229405769,0.012924728496714302,-0.0050000000000000044,-0.59252659970492,-1.7069023313539502,-2.1545262336730957,-0.11697958751857201,1.4210854715202004e-17,0.005884098,-0.2216874429313581,3.6736856
0.7147846673542126,-46.85,1000,-0.008477761,0.9170473888442298,-0.0953186748274602,0.40439979167729695,1.0,2.149745225906372,400,0.0002359235700382782,3.699326703552874,-0.016759973523487924,2.25,0.003797404368092035,0.9388948795340957,0.9998478354387076,0.020517413993655666,-0.0048762437656093794,-0.8011774019724999,-1.5796035976334286,-2.0473005771636963,-0.11018854605619335,1.2789769243681802e-16,0.0040189917,-0.2216874429313581,3.6801915
0.43682129640793316,-48.35,1000,-0.007342197,0.9383826986816984,-0.10380497510964051,0.40148689142868677,1.0,2.2406868934631348,420,0.00021186230801639218,4.020056640331828,-0.02838852805879715,2.25,0.003921749228232892,0.9502207671552023,0.9998276556479128,0.01230990747757145,-0.0050000000000000044,-0.7000885760379225,-1.2699450866541881,-2.289268970489502,-0.11324432404736558,5.684341886080802e-17,0.0027815741,-0.2216874429313581,3.6893578
0.6568241118127522,-49.2,1000,-0.018108318,0.986566729459757,-0.06585814889660105,0.39307352835096926,1.0,2.0442395210266113,440,5.4727921394846156e-05,4.454327825665619,-0.009481302251823661,3.375,0.003944413010391615,0.9911213746374814,0.9996739844329209,0.011586325021199039,-0.0050000000000000044,-0.5510560946939205,-2.332735700691727,-2.3028268814086914,-0.11647392187707678,1.4210854715202004e-17,0.0079280725,-0.2216874429313581,3.6948848
0.4515627104908038,-47.1,1000,-0.0034105973,0.9307097531176584,-0.06208767993142828,0.42059402758718817,1.0,2.00331974029541,460,0.0002261863263482119,5.177875187367241,-0.001465092945560085,2.25,0.0038842872044209946,0.9462567477796381,0.9998334601069555,0.013826120697181938,0.0,-0.6278674194726939,-1.2836898503646184,-2.2538163661956787,-0.10944930493257245,2.842170943040401e-17,0.0006608174,-0.2216874429313581,3.6843324
0.4309736389233101,-49.3,1000,-0.008615349,0.9571855641218955,-0.06125270234164782,0.40663672506831067,1.0,2.0495078563690186,480,7.530035991411338e-05,4.693149517808867,-0.0027177090284554407,2.25,0.0039998541819698235,0.9813986749649074,0.9997859369765824,0.012766264099304597,-0.0050000000000000044,-0.5968817191263996,-1.6948332886702042,-2.148146629333496,-0.11575617438763786,-2.842170943040401e-17,0.0033075367,-0.2216874429313581,3.6787004
0.8028363906370342,-47.3,1000,-0.0029408904,0.8994726922135015,-0.07842952304909705,0.39698899946628174,1.0,2.127056360244751,500,0.0003277981634123451,4.617264777958447,-0.013147809076919056,1.5,0.003860132500305793,0.9177074467707648,0.9998683272412332,0.01425380037864308,0.0,-0.662009510665701,-1.0364658044232842,-2.7166943550109863,-0.11134471636461606,2.842170943040401e-17,0.001208021,-0.2216874429313581,3.6817875
0.41747415910041136,-45.55,1000,-0.011700443,0.8237328234266591,-0.09876434951153351,0.42066368278223143,1.0,2.3359594345092773,520,0.0006292640377953915,4.172530072536907,-0.02563371409656715,2.25,0.003973786134982266,0.8420589349897859,0.9998961365710459,0.016736458325432163,0.0,-0.7010419676653065,-0.9990728292741381,-2.6197705268859863,-0.10516946199767588,-2.842170943040401e-17,0.00790076,-0.2216874429313581,3.6681051
0.466254112928683,-49.3,1000,-0.008108686,0.9705357247311214,-0.039872489311906976,0.4309250866421875,1.0,2.662766933441162,540,0.00010301834103202362,3.099724612621759,0.006501458107159082,2.25,0.003990928043717068,0.9900441985269582,0.9997550275301248,0.016174398036867828,-0.0050000000000000044,-0.7281393124576864,-3.148825211890342,-2.4260361194610596,-0.11613102509590005,-4.618527782440651e-17,0.0043284283,-0.2216874429313581,3.6634588
0.7069103265873355,-47.15,1000,-0.009604915,0.9451010613000115,-0.04567432491411455,0.4067604194151341,1.0,2.249608278274536,560,0.00020967224915102367,6.308589206455135,-0.006417290624613446,2.25,0.0037430246026954545,0.9441693494408986,0.999831876427811,0.014274344087839773,-0.0050000000000000044,-0.5052283243979102,-1.6594566309705499,-2.234645366668701,-0.1120367045585965,1.4210854715202004e-17,0.003033458,-0.2216874429313581,3.681339
0.6627855803373961,-46.95,1000,-0.005807159,0.9393683037133348,-0.03694371638330631,0.40005549412515606,1.0,2.334282398223877,580,0.0001931106735772644,4.062065838967855,0.0049364438580280995,2.25,0.003639507855390517,0.9471772800382414,0.9998266952550372,0.014866236473229029,-0.0050000000000000044,-0.7635504840592932,-1.7125855774971837,-2.4015069007873535,-0.11079218580561936,2.842170943040401e-17,0.002020221,-0.2216874429313581,3.702251
0.4787471253503786,-47.1,1000,-0.0052003376,0.9392009319855864,-0.06720473065320402,0.4450581969071952,1.0,2.290780544281006,600,0.0002250897144661377,5.305496055003022,-0.0015881085649514428,1.5,0.0038105274355572176,0.9409488310682488,0.9998303089914514,0.016091139735406296,0.0,-0.6406772730338732,-1.5111270943545783,-2.3352420330047607,-0.11072601268898498,-1.4210854715202004e-17,0.0014471498,-0.2216874429313581,3.7087073
0.46168578190302023,-45.25,1000,-0.0114823,0.889290129257401,-0.039462957953335716,0.4357775246091723,1.0,2.29780650138855,620,0.0003940375334645404,4.019927546998399,0.004315162048761684,2.25,0.0035468060316113793,0.8944646286141753,0.9998670275584027,0.01621762093588291,-0.004950125000000005,-0.5589841826348176,-1.5138217688371183,-2.3862786293029785,-0.10680608035921979,2.842170943040401e-17,0.0068941982,-0.2216874429313581,3.6867986
0.5285457168110481,-47.15,1000,-0.0068300874,0.9502316019982021,-0.07638760955934412,0.40986439550099063,1.0,2.1513280868530273,640,0.00017173368870915506,3.6575033245418784,-0.00870493105029685,2.25,0.0036371034465888775,0.9564860582706971,0.9998189209996109,0.012772240824416761,-0.004975000000000005,-0.7052840953601377,-1.8807695574511671,-2.2668111324310303,-0.11141545749677047,0.0,0.0024154072,-0.2216874429313581,3.703257
0.6863714197520853,-47.65,1000,-0.009428321,0.9654516731957113,-0.012945328945294023,0.394558711716614,1.0,2.346041440963745,660,0.00016604679665132825,4.712921795735998,0.01975521678592199,2.25,0.003726160404079763,0.9700507585823657,0.9997967798573784,0.014097558450869846,-0.0050000000000000044,-0.6120816346279017,-1.7960733036980234,-2.293499231338501,-0.11434228653705951,-4.263256414560601e-17,0.0036572702,-0.2216874429313581,3.7212105
0.6411157942779999,-46.45,1000,-0.006847943,0.9455279866457639,-0.05131983483966906,0.44183555512398914,1.0,2.543067455291748,680,0.00016396696326360355,3.6036278519542337,-0.0011309317862176968,2.25,0.0036931143104790153,0.9562815792928717,0.9998206686920542,0.015718525616614607,0.0,-0.5579944787768181,-1.5330876687243395,-2.268247604370117,-0.10933710332786055,-1.4210854715202004e-17,0.002318669,-0.2216874429313581,3.712604
0.6145064448285722,-45.2,1000,-0.006920111,0.8801770092063088,-0.06722821233142168,0.40864998771229183,1.0,2.5084519386291504,700,0.00040832024881254863,5.019136614313524,-0.0029076677752294723,2.25,0.003740160621706135,0.8934669606212408,0.9998756711808714,0.01721874837774709,0.0,-0.6672430392540344,-1.2351023879426892,-2.4187145233154297,-0.10644809902110972,1.4210854715202004e-17,0.0034317567,-0.2216874429313581,3.6963472
0.44017590031934545,-43.7,1000,-0.016894016,0.8533704780050332,-0.06695646196533926,0.4180677259322305,1.0,2.3019797801971436,720,0.00047507817353128166,4.158890077749011,-0.012668729578098673,2.25,0.0036505920033581356,0.8724615912124918,0.9998880246014188,0.013992783427852727,0.0,-0.5257756518036104,-1.2306268076610194,-2.331206798553467,-0.10282590950368942,2.842170943040401e-17,0.005525752,-0.2216874429313581,3.6929355
0.6438184273423496,-44.85,1000,-0.007531695,0.9128319135311325,-0.04533175944717368,0.4466154749169551,1.0,2.1197285652160645,740,0.00030025897817254434,4.593303097609228,0.006641608454361443,2.25,0.0034213758564787876,0.9122596426940761,0.9998498954966005,0.015517031558327177,0.0,-0.5480036911072637,-1.9761273193539932,-2.750530242919922,-0.10606258317615973,7.105427357601002e-18,0.0027421175,-0.2216874429313581,3.6874092
0.732775477068562,-46.65,1000,-0.005357846,0.8770986374637424,-0.02370919654960744,0.44014174124336636,1.0,2.406235933303833,760,0.00019467117500130045,4.469267964949814,0.014188036465389091,2.25,0.0037115851002831306,0.9480474819045087,0.999873555468811,0.01719649947869658,0.0,-0.4428542381494186,-1.5786146931156362,-2.05715012550354,-0.11076888639500564,2.842170943040401e-17,0.001789816,-0.2216874429313581,3.660372
0.7964196370118495,-44.45,1000,-0.011852196,0.8893642833604141,-0.011184868502081372,0.4332053914312745,1.0,2.1865036487579346,780,0.0003307533819081491,4.042955759908691,0.021993202558219047,2.25,0.0033857854268882735,0.9030131264029501,0.9998668834388975,0.01834115761322718,0.0,-0.39719365843088716,-1.278099346510914,-2.4711344242095947,-0.10575473533554444,8.526512829121202e-17,0.0052414713,-0.2216874429313581,3.6559622
0.6932961093383345,-45.4,1000,-0.008883175,0.9428530807875244,-0.04864301466394681,0.41626265558473274,1.0,2.47369647026062,800,0.00017561313820853598,4.031058899604018,0.004893210052340725,2.25,0.0034094806451776833,0.9534208709362875,0.9998250775859309,0.014594493752277761,0.0,-0.5357376373767009,-1.633579574148401,-2.426334857940674,-0.10893226054931957,0.0,0.0031843695,-0.2216874429313581,3.6496112
0.5992158126736252,-44.15,1000,-0.008171925,0.9151576779102104,0.033787585663609204,0.4110210469958424,1.0,2.5009775161743164,820,0.00029042745614519725,4.746670003354499,0.035066891922279415,2.25,0.003285952504290294,0.9135418822374698,0.9998486621808915,0.01458436601036061,0.0,-0.3823382786265187,-2.133744579376404,-2.364293336868286,-0.10682277432944176,7.105427357601002e-18,0.0025194108,-0.2216874429313581,3.642488
0.7359284418174414,-44.0,1000,-0.0064392667,0.917215020916463,0.030029172831098547,0.40235784711700157,1.0,2.541053533554077,840,0.00026443060849029067,3.1286990143992095,0.04376858352207533,2.25,0.0034290310329812782,0.9279954258477543,0.9998541534709565,0.014524957473266863,0.0,-0.4110753138151829,-1.6074504410513786,-2.231693983078003,-0.10595933716643881,0.0,0.002934135,-0.2216874429313581,3.626757
0.6031960731135133,-42.0,1000,-0.0097040525,0.8289387757997806,-0.008318961036391556,0.3859913562597852,1.0,1.9876468181610107,860,0.0005651584508235823,4.3335375585488025,0.020312499277237387,2.25,0.003451180831101067,0.8382868700668048,0.999891699723426,0.014882783848176913,0.0,-0.41086955709949274,-1.8213989924917555,-2.1176092624664307,-0.10128197647539841,0.0,0.0040907185,-0.2216874429313581,3.6178231
0.48628663782178194,-39.45,1000,-0.010428734,0.7953038104223833,-0.059392225925810636,0.4159040336576839,1.0,2.5305001735687256,880,0.0006182610138205886,3.311696648359569,-0.00479464213016126,2.25,0.003049418125606168,0.8079141827756314,0.9998945111582938,0.013141205449316982,0.0,-0.3679446315630734,-2.096572511778254,-2.2303218841552734,-0.09266529833518805,-7.105427357601002e-18,0.0042457855,-0.21688397771348095,3.6181529
0.6880391692695643,-39.75,1000,-0.007554039,0.8373551608456102,-0.02211941684433259,0.4219090663902599,1.0,2.267284393310547,900,0.000515888640764152,4.059037583342134,0.011492157697367085,2.25,0.0033543128964553933,0.846689962140586,0.9998873394001413,0.013520246175610196,0.0,-0.46537393462632287,-2.403556649786807,-2.456730604171753,-0.0924224443782331,-1.4210854715202004e-17,0.0030035374,-0.2216874429313581,3.6200006
0.6309409897578114,-38.05,1000,-0.009822124,0.712902981316733,-0.029585361038916746,0.4115914940840775,1.0,2.7096519470214844,920,0.0008816933507886208,3.2091318713207615,0.010552362327794076,2.25,0.003796968395179914,0.7756275491745273,0.9999183448649457,0.013637603539259907,0.0,-0.42659020917814056,-1.6430252532662297,-2.175638198852539,-0.09018181327139328,0.0,0.0034826188,-0.2216874429313581,3.6171834
0.6602496987683545,-36.25,1000,-0.0052411063,0.692283099569352,-0.058996063051978125,0.41695193467927705,1.0,2.4906272888183594,940,0.0009813168483919243,3.2326430706329035,-0.0025367021247240237,2.25,0.0035155298934413893,0.7241894456373701,0.9999207413181039,0.01350371633898892,0.0,-0.5233974356148899,-1.9408514687316631,-2.593754529953003,-0.08412680963738174,5.684341886080802e-17,0.0024160834,-0.2169793288967862,3.6234026
0.4566952434111851,-34.85,1000,-0.015119598,0.6888154778074796,-0.000552083738730289,0.4242480304507006,1.0,2.3179101943969727,960,0.0006658829677082087,2.7197338317243878,0.020633250489239526,2.25,0.003124500648163929,0.7876650205631753,0.999915150983735,0.013250671864784406,0.0,-0.3435854068832823,-2.0727680004567373,-2.5137062072753906,-0.08075880426186814,1.4210854715202004e-17,0.005032939,-0.2216874429313581,3.6354544
0.492137621634054,-32.95,1000,-0.009926042,0.7119325933509182,-0.021212604766944424,0.4251729864819398,1.0,2.5188345909118652,980,0.0006048158156366441,2.7754593026311043,0.01621411311091025,2.25,0.002919101092692295,0.7928410286339101,0.9999127632948046,0.01268026351156727,0.0,-0.3430156030468622,-2.878773557843318,-2.9962711334228516,-0.07927358214088619,2.842170943040401e-17,0.003344718,-0.2079546055168188,3.6264648
0.5528957767997259,-33.75,1000,-0.008503316,0.7833533295733335,-0.0450560807675356,0.437905201828017,1.0,2.340610980987549,1000,0.0005510388218538354,2.5524120048328327,0.008789846664270084,2.25,0.003053941287635099,0.8255505685223575,0.9999036562250817,0.014085752709060345,0.0,-0.3531246116496728,-2.7518754550399978,-2.589561700820923,-0.07948992886555235,3.907985046680551e-17,0.0035645168,-0.2216874429313581,3.6344156
0.41206805416736664,-33.5,1000,-0.0076832864,0.7286769746220232,0.014288523241179064,0.41348467421794793,1.0,2.263148546218872,1020,0.0005415003498455682,2.753495215861172,0.012837650739870851,2.25,0.0030690572032123003,0.8244425361926903,0.99990765723501,0.012070805967460699,0.0,-0.3136392854952153,-2.158447011051782,-1.9774134159088135,-0.07779549029003045,0.0,0.002552749,-0.2216874429313581,3.6378064
0.5025673038431004,-30.5,1000,-0.009252642,0.7528238349162965,-0.004210135551169515,0.4165166084745629,1.0,2.0303549766540527,1040,0.0007613092069842089,2.76216491562586,0.012841806703881247,2.25,0.0029093001158228943,0.7384677985463435,0.9999046855043109,0.012794605300048273,0.0,-0.27780505674827344,-2.2530420545022762,-2.385415554046631,-0.07033743513386395,-8.526512829121202e-17,0.003144368,-0.21676206855635807,3.635142
0.49976226374174243,-34.75,1000,-0.009403298,0.7206493253136448,-0.02592457791022025,0.4164059969487449,1.0,2.1084749698638916,1060,0.0005719965822161285,2.766498424134397,-0.0004783052663183549,2.25,0.0029348053513515476,0.8052914394598725,0.9999069397778505,0.011560521097599794,0.0,-0.33082314244297845,-1.9350277783801757,-2.337918281555176,-0.08042044344809832,-4.263256414560601e-17,0.003226204,-0.21277590457724777,3.6316423
0.4430465432192965,-28.7,1000,-0.010395532,0.6800782700420681,-0.030270870846230535,0.4315821486061398,1.0,2.164825677871704,1080,0.0007033217432201026,3.035283881999548,0.003326972331615549,2.25,0.002542022070525756,0.748311188016682,0.999906944080804,0.011678451526563913,0.0,-0.31675177344297756,-3.095985119260811,-2.2476389408111572,-0.06423414390956936,1.4210854715202004e-17,0.003248672,-0.19821148394394697,3.6253958
0.48549767028981966,-35.8,1000,-0.013932906,0.7339783485773326,-0.0143855128523428,0.4341978644634992,1.0,2.5809812545776367,1100,0.0005745930645499026,2.7507203812517917,0.019156023065674755,3.375,0.0028115053207711806,0.7956583579582885,0.9999028587452151,0.0125611224078908,0.0,-0.3274014776881121,-2.6111932898233654,-2.34138822555542,-0.08286564373342156,1.4210854715202004e-17,0.006094417,-0.2216874429313581,3.6089675
0.5548743936243798,-32.2,1000,-0.0076046903,0.6922898722120812,-0.02779997544363141,0.4224687355284965,1.0,2.2192907333374023,1120,0.0007795218076801809,3.07397422268421,0.0051692579499523035,3.375,0.0028836372295749477,0.7331148086294168,0.99991060594683,0.012028752119173073,0.0,-0.33056176669440546,-1.8965180305834517,-2.2363839149475098,-0.07452766172743859,-7.105427357601002e-18,0.0019873427,-0.2070585891158424,3.5878997
0.4349401985097058,-26.85,1000,-0.009308053,0.6794031560002286,-0.02888544714753516,0.43346892799913356,1.0,2.2206215858459473,1140,0.000493160229608735,2.859181898398174,0.0021535185055746274,3.375,0.0023340868300888093,0.7905386096953001,0.9999061220720067,0.014127805236049853,0.0,-0.30679060758033916,-2.358113727804999,-2.8023838996887207,-0.059212702686701535,0.0,0.0022143896,-0.20266440570496524,3.5884237
0.45988997598671805,-24.0,1000,-0.0058304016,0.4767816181201321,-0.008390871635783696,0.4316447534120298,1.0,2.47894549369812,1160,0.0005869420005572585,2.897324297164958,0.00733061945872432,2.25,0.0017485324616790345,0.715924233628416,0.9999120741476161,0.012708429051747086,0.0,-0.3159994563878683,-2.0038836122846675,-2.5843558311462402,-0.05092179916605735,7.105427357601002e-18,0.0014306434,-0.18873695439490062,3.584083
0.4123738224587337,-23.8,1000,-0.00954657,0.456178169355713,-0.049030636332696304,0.4245138054063963,1.0,2.2907357215881348,1180,0.0006681255937039085,2.4412029530154054,0.002457995928957976,2.25,0.0016762485052185766,0.6123177253828285,0.9999101790735054,0.00900416150007357,0.0,-0.32760592645024345,-2.764330456286853,-2.2046329975128174,-0.05343797661562383,-3.552713678800501e-18,0.0041049193,-0.19250214628891782,3.5791025
0.3091543409533873,-24.2,1000,-0.00870244,0.47648579312208494,-0.027977133500389755,0.40965707522949113,1.0,2.117764949798584,1200,0.0006116409028986214,1.8537867741856389,-0.010343995403112599,2.25,0.002248174510998819,0.7303844469319015,0.9999201050528284,0.009613969990274364,0.0,-0.3091919543036448,-2.334674562117434,-2.453125476837158,-0.05325893541281434,4.8405723873656825e-17,0.0031232114,-0.18888953341617248,3.5794406
0.3292409396079698,-22.8,1000,-0.015777363,0.3696703119086253,0.011835012972005643,0.4356277839254027,1.0,2.586221218109131,1220,0.0005286050594572539,3.2585947851593353,0.012421591915905025,2.25,0.0010829739269713613,0.5121181053920514,0.99989488052268,0.011201308386562912,0.0,-0.32413404818316344,-2.431337720966699,-2.3789114952087402,-0.049515982897830026,-2.842170943040401e-17,0.005950017,-0.13971222587755275,3.5605922
0.36313867314252996,-16.15,1000,-0.010143782,0.2744068721929258,-0.00791409011016367,0.44310534822519493,1.0,2.2440035343170166,1240,0.00038272655707787505,2.787965571755695,0.009267665828696078,2.25,0.0007359817470773664,0.578319569237991,0.9998848591446238,0.011187122249124668,0.0,-0.3075147449743812,-2.501473915212134,-3.096778392791748,-0.03212515176507546,-2.842170943040401e-17,0.003963191,-0.13128289805996224,3.5561843
0.3809404646750753,-20.05,1000,-0.015258182,0.5670253491412146,-0.02849667863571085,0.442886498459628,1.0,2.3837060928344727,1260,0.00041291324205272855,2.466098497035286,-0.0029105003359022018,3.375,0.0013778754125691444,0.7013479161942624,0.9998910372914802,0.011645492909812696,0.0,-0.3139339701000377,-2.4629317986950627,-2.50789213180542,-0.04534780964415888,-2.842170943040401e-17,0.006349769,-0.16248753196599164,3.5455046
0.39639894438546036,-16.9,1000,-0.011145924,0.07101395652428988,-0.018531694612815043,0.4641512474578495,1.0,2.608600616455078,1280,0.0006517942819458869,2.0162491842831836,-0.0015500970972898516,3.375,0.001022956945250577,0.3687188252692981,0.9999119513289586,0.010631544464513207,0.0,-0.268507969820755,-3.0687953238677266,-2.223762035369873,-0.03812597603910525,5.684341886080802e-17,0.0036036503,-0.1431532877550575,3.5299973
0.3458232598931399,-17.05,1000,-0.0092655625,0.5597502927725828,0.02625388511712663,0.4675201075191746,1.0,2.792346477508545,1300,0.00033308047729218817,2.3149409591242116,0.01364663560931109,3.375,0.0009254103249752654,0.6648419830117345,0.9998704098160648,0.010482285990060186,0.0,-0.32205753731388276,-3.488328705611518,-2.9461050033569336,-0.033799735231721785,-2.842170943040401e-17,0.0025051865,-0.13530112207126066,3.4983673
0.4074659877957921,-17.1,1000,-0.008893339,0.5391896738888671,-0.0387420085023623,0.4641379750476755,1.0,2.8015975952148438,1320,0.0005060160881900628,2.1663331559944847,-0.006450628097006334,3.375,0.0011971480158249844,0.5983683056700099,0.9998881323425695,0.012826230440499835,0.0,-0.31276514011688406,-2.8275460649946766,-2.5044853687286377,-0.037403781311253964,-3.552713678800501e-17,0.002587297,-0.14877190506363228,3.4708917
0.37239147612192947,-17.2,1000,-0.010183979,0.25184964441706836,-0.004305201188020874,0.4412693425896439,1.0,3.4557085037231445,1340,0.00036453439014021334,1.923223397938418,0.0071073528939840855,3.375,0.0009967590653429757,0.6344054267387198,0.99990014905329,0.012828853279068561,0.0,-0.2945576684628472,-4.091194381203829,-2.3323380947113037,-0.03399866844063383,2.842170943040401e-17,0.0028997262,-0.18834227930382785,3.4613562
0.3504308274832567,-14.05,1000,-0.012638036,-0.07612267474518641,-0.023300494144903497,0.44521535876850454,1.0,2.2706246376037598,1360,0.00039382612737384536,1.9897046627342903,0.00021586269264377248,3.375,0.0006424153036635781,0.43895212722316657,0.9998968384411375,0.01113874388838866,0.0,-0.2823414013715248,-4.119248572525122,-3.2563061714172363,-0.025631486336429504,2.842170943040401e-17,0.0028694058,-0.1185436487711175,3.4428453
0.3766394970301852,-14.8,1000,-0.007637817,0.46405952354922364,0.022828192314365878,0.4323243897985872,1.0,2.3053178787231445,1380,0.0002091057135056847,3.1987563831635333,0.014538547944402232,3.375,0.0005534168899871248,0.62900792525846,0.9998599797619808,0.010429128683314894,0.0,-0.2676901566795949,-2.930754078723329,-2.571475028991699,-0.027840558855780743,-1.4210854715202004e-17,0.0022206148,-0.11447591618109665,3.4277825
0.37125930356409803,-13.0,1000,-0.010801254,0.4068153583893541,0.0038672413588501514,0.4321244472771545,1.0,2.4184818267822266,1400,0.00027648740619043975,2.442302148810178,0.009833965302612262,3.375,0.0006226203347716075,0.5573858958634161,0.9998639911569784,0.011445067276934423,0.0,-0.27259290356353727,-3.481088615441654,-2.3477678298950195,-0.02676856542843015,4.263256414560601e-17,0.003561016,-0.12689837736515155,3.4077086
0.3266141453632133,-11.65,1000,-0.013049932,0.3743534124827719,0.002110523079521954,0.44595642809455455,1.0,2.5563552379608154,1420,0.0002237712904472407,2.296016323600089,0.013978083831751868,3.375,0.0004261201113729788,0.4836758114668164,0.9998378453706568,0.010850797268835536,0.0,-0.25032117579764757,-3.7347262486358943,-2.545654296875,-0.022404070488452867,4.263256414560601e-17,0.003538905,-0.08739123903239443,3.368369
0.32839534697536343,-9.95,1000,-0.011159514,0.13368603162422898,-0.03559573992318474,0.43544553476288567,1.0,2.76216197013855,1440,0.00014706575770600622,2.338169894188421,-0.009361630091739915,3.375,0.0002415870286869397,0.40355892933062254,0.9998150410991745,0.009227071531007444,0.0,-0.2889853944600966,-3.889599673656547,-2.335649013519287,-0.017568747875723073,7.105427357601002e-18,0.0034387778,-0.0862945386805946,3.3396354
0.3560778295261858,-8.7,1000,-0.011403159,0.39202329365999133,-0.0024606951215537264,0.4160654818333105,1.0,2.2623331546783447,1460,8.669236095733544e-05,3.8797334098707954,0.010474004098574253,3.375,0.0001874383537301747,0.5426429169383309,0.9997669193595297,0.01012699859678883,0.0,-0.2726390559423119,-2.8032937945358354,-2.6780667304992676,-0.016703830822531456,-7.105427357601002e-18,0.004214506,-0.07782272422590547,3.3295143
0.3174707312650932,-7.3,1000,-0.009123829,0.20960670323465846,-0.022999825452105143,0.4502416068803308,1.0,2.3182082176208496,1480,9.539836109971354e-05,2.7869315508023527,-0.0032144487184642416,3.375,0.0001470761730515335,0.3715414992290872,0.9997684397487566,0.010786499326441793,0.0,-0.2770579788739855,-4.223625468937681,-2.8191075325012207,-0.01159016049280922,0.0,0.0026711333,-0.06092714116317413,3.3044817
0.3054572860742682,-6.35,1000,-0.009931871,0.28027106437027915,0.04077569517976372,0.429623974792544,1.0,2.8783552646636963,1500,7.993520897487596e-05,2.0886594848358833,0.012864323521872605,3.375,0.00014061088463009135,0.4390915958071474,0.9997366338041813,0.009597538920824232,0.0,-0.2643960204177448,-3.5245010083314288,-2.63358473777771,-0.01113268588756934,-3.1974423109204506e-17,0.0035334316,-0.0624920899741879,3.2773044
0.31046661666961567,-5.5,1000,-0.008402193,0.06498991600340998,-0.012691877908888273,0.45651281908864577,1.0,2.5674889087677,1520,6.896102641160178e-05,2.187224484876971,0.0036317647714570207,3.375,9.602910188932587e-05,0.29069298482668104,0.9997145769449957,0.010023302591723784,0.0,-0.3029931388441685,-3.1282743665471284,-2.51254940032959,-0.009346422504927489,-1.4210854715202004e-17,0.0022364585,-0.04549344731533922,3.2560294
0.31950476608530265,-5.75,1000,-0.013260711,0.43710953364008887,0.017475481001456503,0.450209029313635,1.0,2.886958122253418,1540,5.224354144474391e-05,1.943282478780347,0.015388173236230573,3.375,9.770819834896718e-05,0.4695499504335253,0.9996849346686689,0.01096602770868325,0.0,-0.2708619926571523,-4.434976785982498,-3.3447999954223633,-0.00914197758924781,2.842170943040401e-17,0.0043175938,-0.055296302537163826,3.2345996
0.31434112956983495,-5.2,1000,-0.012184179,0.16276303028054728,0.03033701100212056,0.43462038539534587,1.0,2.9008913040161133,1560,5.509435332031291e-05,2.179825402231814,0.01754907095826525,3.375,7.205999910862943e-05,0.23583291185589106,0.9996736624848712,0.00987375025313124,0.0,-0.2618690092079122,-5.513398727541817,-2.7097702026367188,-0.007403656493932308,-2.842170943040401e-17,0.0038313742,-0.048481553266069496,3.222187
0.3117609266928266,-3.9,1000,-0.010435981,0.07857629722351622,0.004911580879706889,0.44713076895342585,1.0,3.136874198913574,1580,3.719581115743788e-05,2.186879632853185,0.021521978004569533,3.375,5.045662284116187e-05,0.26618396485152696,0.9996323072768639,0.008369483997867267,0.0,-0.2676618208097437,-4.824367849258982,-2.2603824138641357,-0.005499408259069732,2.1316282072803006e-17,0.0031982695,-0.045027954784746006,3.198204
0.305537145652443,-3.85,1000,-0.011380032,0.15289664125692148,0.024272584846243263,0.44427520662472375,1.0,3.106818437576294,1600,2.767787441528649e-05,2.1936466317999974,0.019761593509043756,3.375,3.5151884687185986e-05,0.26459143107684446,0.9995610250483243,0.010050812476171386,0.0,-0.27001995129707984,-5.712819780488908,-2.3326568603515625,-0.0035970974429121397,-5.684341886080802e-17,0.00355406,-0.033480538906561386,3.1617486
0.30063945804701203,-3.7,1000,-0.0073224325,0.22473792107325818,0.07211154682468623,0.4270546158760077,1.0,2.632439374923706,1620,1.514803445809885e-05,2.2488196263986886,0.02133694764989153,3.375,2.7257810654006653e-05,0.4443610926970505,0.9994771547286413,0.008351528530194703,0.0,-0.2330371530062443,-4.357699691795983,-2.484097957611084,-0.004219596831910387,2.1316282072803006e-17,0.002384834,-0.02780046686876839,3.1449833
0.32210351883130256,-3.95,1000,-0.00966703,0.018177274797380738,0.028817861060611905,0.4580347468789904,1.0,3.000141143798828,1640,2.364372071428094e-05,1.9968213672519337,0.013482398794059854,3.375,3.348604443243263e-05,0.29718678543238086,0.9995596045524662,0.010726478828038488,0.0,-0.26459227294159054,-4.658857208477893,-3.2697248458862305,-0.00456837103965553,4.9737991503207014e-17,0.0031337556,-0.03438158204956315,3.1309195
0.32740558030351863,-4.25,1000,-0.016237354,0.12557698225193725,-0.017872085625305772,0.455089551711829,1.0,2.7299587726593018,1660,2.854304661202043e-05,1.491427460263695,-0.003554871514682622,3.375,3.762750478797063e-05,0.24495192949754085,0.9995931492077307,0.011369581408002866,0.0,-0.27598678537705906,-6.762735827628586,-2.78086519241333,-0.003907011498414401,0.0,0.0051490297,-0.043113421527674875,3.0937557
0.3280778125155127,-3.3,1000,-0.0089541115,0.19757477433562587,-0.01571680249698693,0.45434156362953926,1.0,3.03251576423645,1680,1.5335523499669142e-05,1.9061048016311402,-0.0029891564521805094,3.375,2.012430489613114e-05,0.2581673093099307,0.9994336675506128,0.011626048320190078,0.0,-0.2706002577731234,-6.080899154063358,-2.9368972778320312,-0.002011007053264231,-3.552713678800501e-17,0.0022868477,-0.02938488837333107,3.074908
0.30719906459229507,-2.85,1000,-0.014874591,-0.3840790989504175,-0.002367239085957408,0.43569182946022356,1.0,3.1714556217193604,1700,8.766022000719486e-06,2.6828353105968668,0.0028395369203943932,3.375,1.0632345153873148e-05,0.19226959901540042,0.9993776276916511,0.01112951895711089,0.0,-0.2836980578742375,-6.308229447986012,-2.891319751739502,-0.001285815435604205,-1.4210854715202004e-17,0.0049308566,-0.028988961129636753,3.0693464
0.3051706897515268,-3.2,1000,-0.0076167383,0.05948077983098521,-0.004936829281155951,0.4550576098802204,1.0,3.054924726486206,1720,1.9688980327779273e-05,1.9459508325160721,0.005621053104708075,3.375,2.6239955256958374e-05,0.25979947893538724,0.9994847545326563,0.010674632730900448,0.0,-0.26880444283532823,-5.0628326736867,-3.348905086517334,-0.002992095547494604,0.0,0.0022244817,-0.0361102279773569,3.0594196
0.3053750890708694,-2.85,1000,-0.015188882,0.028833341259719036,-0.013497143631917424,0.45173911889484175,1.0,2.7468185424804688,1740,1.3523028218901466e-05,1.9588756611009657,0.004378692393108006,3.375,1.8074737043802103e-05,0.2584815426058059,0.9994114675580218,0.010480312302609531,0.0,-0.2950644800687687,-5.928172734893998,-3.5539021492004395,-0.002475061226932505,2.842170943040401e-17,0.0047084684,-0.02867024127037557,3.0262702
0.31518881101079194,-2.9,1000,-0.010887874,-0.2467295869091619,-0.03694334330316633,0.46283015928804033,1.0,3.232872486114502,1760,1.3331183447518372e-05,1.978973037381518,-0.009600584676564437,3.375,1.3392451783405042e-05,0.005262234101458985,0.9993868410037979,0.012270954394016,0.0,-0.3039768069515519,-5.190446162420638,-3.087550401687622,-0.0020240562300022674,2.842170943040401e-17,0.003922627,-0.02475124687812502,3.0017917
0.2985353043092891,-3.45,1000,-0.008608265,0.00049655430740847,-0.003218907952774316,0.451241077893617,1.0,2.888681650161743,1780,1.9052111658626152e-05,1.6315950789416203,0.006757405382902362,3.375,2.2456831232252937e-05,0.1686582400106038,0.9994730712034465,0.01245137448456384,0.0,-0.29113021718363563,-5.9214378933155825,-3.192652702331543,-0.0026930865981604777,0.0,0.0024403234,-0.029627490643734402,2.9815402
0.3293646849181507,-2.5,1000,-0.015496692,0.13780704483421558,-0.026370291378349064,0.4529197798025425,1.0,2.743025302886963,1800,8.352901924943165e-06,2.042354122238082,-0.0024278088466312617,3.375,1.1608460249267734e-05,0.33128408312870905,0.9992098239070012,0.011585219195068858,0.0,-0.2944362822755678,-5.266541521468287,-3.2498621940612793,-0.0017256205141264352,2.842170943040401e-17,0.005080536,-0.024605320394912818,2.958281
0.29298736756723753,-2.45,1000,-0.010536408,0.003124248917221295,0.0327135572557454,0.43461350338037813,1.0,3.189025640487671,1820,7.775876131507802e-06,2.3436676620328933,0.021628025869474963,3.375,1.0778585196444157e-05,0.2785876334592806,0.9992600337101347,0.010540002049979904,0.0,-0.2719279936102495,-5.427987156979673,-2.7185943126678467,-0.001408463701404599,-1.0658141036401503e-17,0.003837873,-0.02437165381103767,2.9407055
0.32449699663696646,-2.85,1000,-0.021723805,0.07734875081372783,-0.0029996422727126626,0.45155847483227346,1.0,2.6286604404449463,1840,1.104254408768774e-05,2.2447369917141695,0.005099756444654378,5.0625,1.4699104735154796e-05,0.2611279016845942,0.9993494309611299,0.011931483309973486,0.0,-0.3181783837304488,-6.5717432242924465,-3.186391830444336,-0.0017536180139290053,4.9737991503207014e-17,0.0067210738,-0.024394496933187987,2.9150784
0.2727431733094156,-2.4,1000,-0.007570558,0.005665357886093791,-0.04233403068210464,0.4305968430350668,1.0,2.66221022605896,1860,6.872947618603067e-06,2.2492916163588617,-0.011047373889235958,5.0625,9.72780717135903e-06,0.2934746331249526,0.9992091116545258,0.009153581597212232,0.0,-0.2632325191658943,-5.526831396917942,-3.569535255432129,-0.001857504121119801,-4.4408920985006264e-17,0.0016721992,-0.019850499375000018,2.8996565
0.3072146223621122,-2.45,1000,-0.0060178405,0.09117872090131951,-0.018860935360658915,0.45488324623196535,1.0,3.486967086791992,1880,8.245309069466707e-06,2.1709548443379743,0.00471868647111524,5.0625,9.929111354126792e-06,0.16958246846369796,0.999226132554227,0.012342109329198032,0.0,-0.28663780249100684,-7.9134484397043945,-2.87219500541687,-0.0013182054453668513,1.4210854715202004e-17,0.001507631,-0.019850499375000018,2.8943272
0.2994728183313732,-2.35,1000,-0.010225072,0.022338143912422392,-0.03115621612314135,0.4559449727571597,1.0,2.9130454063415527,1900,6.207759384937512e-06,2.4785280766004263,-0.00927157039927705,5.0625,6.76932554457339e-06,0.11184989316070959,0.9991316362852495,0.010529421202644903,0.0,-0.2698612875645792,-8.716465218365414,-3.3314108848571777,-0.0008357209651040744,0.0,0.0023047705,-0.024677735049906353,2.8925548
0.3078739097709863,-2.65,1000,-0.006275275,0.056196504948724635,-0.0100421048165299,0.46187100908874307,1.0,3.0972752571105957,1920,7.034846182522165e-06,2.3891749838326546,0.011845633724391288,5.0625,9.011825023235995e-06,0.28000325164426365,0.9991889762720455,0.012743476902675388,0.0,-0.29076106465816787,-7.440903276983875,-3.4076380729675293,-0.001409049675331453,-2.1316282072803006e-17,0.0017043207,-0.019850499375000018,2.8835647
0.30117796625757826,-2.55,1000,-0.0076524047,-0.138123172576623,0.0041505981257651,0.4679643007698027,1.0,3.5053162574768066,1940,8.477967941969803e-06,1.9059976965497112,0.009983838011878065,5.0625,9.426980394044347e-06,0.11206006375458966,0.9992398286074003,0.012350661297691643,0.0,-0.2935250646630924,-4.722324001984123,-3.2485456466674805,-0.0015438965857679867,0.0,0.0018016789,-0.01897591188907738,2.8882022
0.30202107340643713,-2.55,1000,-0.010656457,-0.03806754068502083,-0.010840546005172655,0.44235059109156816,1.0,2.9591286182403564,1960,7.048419734160742e-06,2.017209459962282,-2.9870033289163476e-05,5.0625,9.02957366102463e-06,0.21971582685449897,0.9992090235870275,0.012469541586704781,0.0,-0.2834943027846904,-6.504353311013723,-2.858027696609497,-0.0010552922875660788,-2.842170943040401e-17,0.0024020672,-0.02350745731434912,2.880516
0.30607320408224736,-2.35,1000,-0.008144417,0.1814097768090953,0.000873621920356527,0.45994192650914856,1.0,3.2648837566375732,1980,5.698219875155296e-06,2.4804271682179686,0.013722189444026965,5.0625,6.756282564038073e-06,0.1574015066806953,0.9990376151370987,0.011281897007885774,0.0,-0.2673654303304183,-5.927351857084875,-2.921142816543579,-0.0011410398842858396,2.1316282072803006e-17,0.001707721,-0.019562969844091657,2.8700166
0.29473694934479017,-2.1,1000,-0.0072849104,-0.017389799188674004,-0.02183789937524125,0.4550463425526058,1.0,2.9719982147216797,2000,4.83176518587709e-06,3.0335846090885683,-0.007224593297993476,5.0625,5.108130856346446e-06,0.08979679331123436,0.9989517181110327,0.012162187257594348,0.0,-0.29552261156195797,-6.4745053959953625,-2.851222038269043,-0.0006827781628107069,-1.4210854715202004e-17,0.0019557157,-0.014925125000000013,2.8621864
0.29593961493890875,-1.75,1000,-0.008098989,0.0034513561112395896,-0.02194966297945939,0.42410300693066105,1.0,2.9699201583862305,2020,3.860559972193221e-06,2.143340851091602,-0.00681484629888572,5.0625,4.811656085419102e-06,0.19888050452810857,0.9989085350190494,0.008704583343218898,0.0,-0.297451428402437,-6.546483616887648,-3.666315793991089,-0.0008822876575846786,0.0,0.00194593,-0.01942556213936624,2.8658442
0.2949702740731732,-2.0,1000,-0.007385006,0.3019620686174401,-0.016644945485983043,0.4474013713549075,1.0,3.1123573780059814,2040,3.87924773950098e-06,2.923233715439906,0.004797235895617122,3.375,4.5621367343350654e-06,0.17642070643172703,0.998763492986406,0.011576167504969169,0.0,-0.27993455059062533,-7.122657716781949,-3.362617015838623,-0.0006155114220344709,2.1316282072803006e-17,0.0013953898,-0.019248663652837686,2.8516607
0.2961808137099664,-2.05,1000,-0.012635475,0.014603067265758107,-0.04263989317463711,0.44564628005700563,1.0,2.780550956726074,2060,3.892163530268908e-06,2.4784717911919056,-0.0074523450537779985,3.375,5.8103308900016374e-06,0.33118274586191465,0.9989974050689469,0.0102045079857655,0.0,-0.2779133203661318,-6.895034048611259,-3.511681079864502,-0.0008967476871278724,1.4210854715202004e-17,0.002874445,-0.024306044653901064,2.8522546
0.32013961160269994,-1.8,1000,-0.012731937,-0.1493176582825393,-0.014972863284638151,0.45217222841460236,1.0,3.001098871231079,2080,4.042022819709081e-06,2.591666014484169,-0.0011311214467935296,3.375,4.171199272799029e-06,0.0342408456606752,0.9989365075411866,0.009972210606008603,0.0,-0.2916231169154345,-8.024581585887711,-3.5637521743774414,-0.0006395307181069977,-1.7763568394002505e-17,0.0032675888,-0.014925125000000013,2.862299
0.28770222012150676,-2.2,1000,-0.009789653,0.21971677699371361,0.023175989287905395,0.458236692099694,1.0,3.411921977996826,2100,5.530179943805104e-06,1.97430218434734,0.009096000240641111,3.375,7.662851712302889e-06,0.325574706539729,0.9990207934768848,0.011594250217114221,0.0,-0.2791300680285217,-6.38718836450119,-3.04655122756958,-0.0009470317836714613,-4.263256414560601e-17,0.002767757,-0.022925833678268368,2.846065
0.3116423006203463,-1.85,1000,-0.01315285,0.17670617834915348,-0.007718841248657554,0.4324890209324169,1.0,3.042593479156494,2120,4.233718790349877e-06,3.1689344676604656,0.0011843951559291756,3.375,5.826536335688677e-06,0.2747106951826134,0.9988976040263252,0.009133437354824055,0.0,-0.26350644567829723,-6.974435398031678,-3.418701648712158,-0.0011939924926740626,-4.618527782440651e-17,0.0042925044,-0.018895501746467494,2.8168392
0.29814539505170734,-2.05,1000,-0.012011476,0.1784799691902189,-0.004742895047180355,0.4474170561673707,1.0,3.5175576210021973,2140,3.2850048722856222e-06,2.8936717219001924,-0.005546984601084444,3.375,4.5843085480248955e-06,0.300090220159432,0.9988332815911545,0.010142338950447334,0.0,-0.2808528940931616,-9.341220785554803,-3.2717065811157227,-0.0005713018330820379,7.105427357601002e-18,0.0029037467,-0.019850499375000018,2.8037577
0.31338729794534653,-1.65,1000,-0.02009735,0.19730096380546325,0.07451103647507261,0.4423059157455202,1.0,3.4523861408233643,2160,1.7735252674527352e-06,3.438362016280614,0.02465489768707426,3.375,2.6485309926759513e-06,0.3425764639883597,0.9985488496409998,0.009221726935133713,0.0,-0.26482605464579895,-7.994453372331165,-3.1165995597839355,-0.0003030959201865573,4.263256414560601e-17,0.00519708,-0.014925125000000013,2.8001957
0.30965517801249476,-2.25,1000,-0.013680242,0.3658507779661325,-0.01732249186770059,0.4341283472621677,1.0,3.4993677139282227,2180,3.314481011199605e-06,2.7277537707167374,-0.0008318253632739711,3.375,5.805952842710632e-06,0.43398782418180704,0.9988643736405042,0.011721982036708031,0.0,-0.2719064208546729,-8.483196526758617,-3.425715446472168,-0.0007836548644849767,-1.7763568394002505e-17,0.004210848,-0.019850499375000018,2.7958584
0.2923047534845935,-2.1,1000,-0.021794066,0.17344868429638383,0.007510465998318978,0.45717310965863506,1.0,3.3551268577575684,2200,4.157039082291382e-06,1.7580360371755277,0.011983633805347081,5.0625,5.5186064944790505e-06,0.24806923207972553,0.9989348013956515,0.010963423396854523,0.0,-0.2873881976888054,-7.713776655149486,-3.1265792846679688,-0.000827371118727566,-1.4210854715202004e-17,0.00602563,-0.019850499375000018,2.7827175
0.29520015920409215,-1.95,1000,-0.0070245657,0.1377399202731634,0.028329261895734818,0.4470155588810526,1.0,3.742577075958252,2220,3.021758579764418e-06,2.966216711876656,0.018942445614980253,5.0625,4.572383246042689e-06,0.3457687617118971,0.9988570861112694,0.010647482629951544,0.0,-0.25968007123731296,-6.921758495367317,-3.3741297721862793,-0.0006501626599566503,-1.4210854715202004e-17,0.0016082368,-0.019850499375000018,2.7687984
0.31658271600451543,-2.45,1000,-0.00593162,0.22217275292315963,0.00805458433041349,0.4643422939974915,1.0,3.7097854614257812,2240,4.751340289783128e-06,2.4260134237978996,0.006118217640096984,3.375,7.476541465468741e-06,0.3667913670593901,0.999102994800749,0.01133133714014969,0.0,-0.277425345457337,-7.386384043075236,-3.220442771911621,-0.0009742447401763128,-3.552713678800501e-18,0.0010089007,-0.019850499375000018,2.762022
0.31469789917257424,-2.1,1000,-0.014180024,0.2764148213504902,0.01630842580233002,0.46014037084222426,1.0,3.7939319610595703,2260,3.1184770283852505e-06,3.2263057477556867,0.02024017446616993,3.375,4.522589144092408e-06,0.31506702322991864,0.9988038378597015,0.011280944615636815,0.0,-0.27180168001940946,-5.845792983394868,-2.821643114089966,-0.0006579367216727637,7.105427357601002e-18,0.0045519485,-0.014925125000000013,2.7472882
0.29933937293906027,-2.1,1000,-0.011332433,0.15946149967178813,0.003911379733122885,0.43892999381473696,1.0,3.385465383529663,2280,4.702421809536999e-06,2.506767300732391,0.002378036498418619,3.375,6.49629930357678e-06,0.2762615497262888,0.9989414761190296,0.010917435625185297,0.0,-0.2782662790557746,-8.45468443090917,-3.6679811477661133,-0.001049122900376549,2.1316282072803006e-17,0.0025846625,-0.02370276178451649,2.7135324
0.3127487217037451,-1.85,1000,-0.010863169,-0.001885342111632049,0.001819604419870302,0.4366226863091126,1.0,3.125596761703491,2300,6.350997936799919e-06,2.9961765832778218,0.007758341873928005,3.375,6.785234738693071e-06,0.07738271645331574,0.9990568681145232,0.011268150912584552,0.0,-0.2592267747583204,-5.599908014054537,-2.8500518798828125,-0.0010210956333811655,1.4210854715202004e-17,0.003254218,-0.019493749430062983,2.6941004
0.30967634706870406,-1.85,1000,-0.012877932,0.4180248338892858,0.005082061734196032,0.43974980144225967,1.0,3.1575117111206055,2320,3.833351302766424e-06,3.4520867776541486,0.012717079683135141,3.375,5.119896705188436e-06,0.28303824445957904,0.9987103584290185,0.00958543818853535,0.0,-0.2742004820748039,-6.20340547810915,-3.832570791244507,-0.0007175715371007657,7.105427357601002e-18,0.0033429132,-0.024303807456794415,2.684114
0.2942906561973076,-1.85,1000,-0.01535056,0.31069013536791756,-0.007063859371934086,0.4167570180862979,1.0,3.239511013031006,2340,2.421918319827055e-06,2.4388827600990393,0.0038822558051905907,3.375,3.808317947659385e-06,0.367962718411708,0.9986045423136438,0.009518196855621547,0.0,-0.2810864967653936,-6.24849737774162,-3.589561700820923,-0.0006055698985083749,1.509903313490213e-17,0.004997113,-0.014925125000000013,2.6655664
0.3180190949820295,-1.65,1000,-0.024444172,0.24002509432310948,0.00018999190477188676,0.42320760031259885,1.0,3.160818099975586,2360,1.895996435504788e-06,3.4010469470744726,0.002280777077654846,5.0625,2.729359301666225e-06,0.3751601230093641,0.9985014706383716,0.009740099946862642,0.0,-0.27411284048595774,-9.47646070569424,-2.9621925354003906,-0.0002742759993750002,-3.907985046680551e-17,0.006048083,-0.019850499375000018,2.6672003
0.31165086229146133,-2.05,1000,-0.015914269,0.39443062954774954,-0.00875323797389865,0.4501967770906815,1.0,3.106868267059326,2380,2.32161077888478e-06,3.400916982647275,0.010739230075801399,5.0625,4.211264235993474e-06,0.46659092894288057,0.9987015122805082,0.010832990245618422,0.0,-0.2920072326523741,-9.12344391232605,-3.7911641597747803,-0.0004416361647207855,7.105427357601002e-18,0.0036606267,-0.019680675652328877,2.6709197
0.3047784487927368,-2.3,1000,-0.010325039,0.31523473742917474,0.017373479892266914,0.46062725328285203,1.0,3.850126266479492,2400,3.1949996124176963e-06,2.9905208700485026,0.02514344472586385,5.0625,5.5134193417153864e-06,0.4249023279669307,0.9989193244187062,0.01190000654564332,0.0,-0.2642366375564496,-7.728941062955431,-3.2911288738250732,-0.0006730462698543936,-1.4210854715202004e-17,0.0019367719,-0.019292225480126955,2.6729188
0.3320110443842882,-1.6,1000,-0.010456052,0.03661195732481437,-0.009558318300638347,0.43208436171502773,1.0,3.151843786239624,2420,3.477713951366205e-06,2.816376510844032,0.018297425887481504,5.0625,4.645947026040392e-06,0.28541975031924094,0.9988146488364278,0.008159918894659921,0.0,-0.25334149921379234,-5.88196725546713,-2.84055233001709,-0.0008259407758495498,-2.842170943040401e-17,0.002061909,-0.01903728641217426,2.669811
0.31717901648837515,-2.1,1000,-0.012534432,0.3961637579243701,-0.03584958952094894,0.4633143922493646,1.0,3.679837703704834,2440,2.6569504705893425e-06,2.9865993186058257,-0.003298212860512484,5.0625,4.353522141851184e-06,0.4095112738110517,0.9987077895669058,0.012764677285461243,0.0,-0.2808419205210024,-7.81036899582485,-3.044525623321533,-0.00047234761449869257,2.842170943040401e-17,0.00346179,-0.01938067027890106,2.6661046
0.30337106328453306,-2.05,1000,-0.009904664,0.1550598533719807,-0.014971260682446882,0.43399319810787207,1.0,2.9996049404144287,2460,2.4817181349390396e-06,3.215903982002567,0.0007986334650536875,5.0625,4.399865645421112e-06,0.44747211585276203,0.9987861575487222,0.011324325513651787,0.0,-0.27611847694002084,-7.178074278689572,-3.0333948135375977,-0.0005509605716930955,0.0,0.0021965927,-0.019850499375000018,2.6709263
0.31456664909144255,-1.95,1000,-0.008661463,0.35382264791303175,-0.032386191409546884,0.45251494743732046,1.0,3.6908106803894043,2480,2.1599242352141886e-06,3.297238631662606,-0.01047307970529656,5.0625,3.919130086141541e-06,0.4736074549880597,0.9986466063167191,0.011176015068551587,0.0,-0.27571756645094897,-7.8813748951796905,-3.7296714782714844,-0.00044406962291589845,-1.7763568394002505e-17,0.0021323406,-0.019776987546781345,2.6714988
0.3184355118077268,-2.1,1000,-0.015763432,0.2675694570111061,-0.03329795730486512,0.4912643196570405,1.0,3.506153106689453,2500,2.47227560563033e-06,2.972238778756715,-0.0017369925014307783,5.0625,4.178433758089031e-06,0.4180286701735342,0.9987274164396509,0.011897715594829807,0.0,-0.30396729552326796,-8.000902759414931,-3.6821255683898926,-0.0005233075478928676,1.4210854715202004e-17,0.003055594,-0.014925125000000013,2.6530833
0.2876008431716108,-1.7,1000,-0.007376115,0.1927841482308803,-0.008851037603628356,0.45648855624436024,1.0,3.609771728515625,2520,2.831437393604616e-06,4.629721504494288,0.004742530381148012,5.0625,3.284560980070085e-06,0.13807034386143524,0.9985994426997271,0.010529558854933813,0.0,-0.30022387011192236,-8.566380645138997,-3.8877944946289062,-0.0004753001507065049,7.105427357601002e-18,0.0018232992,-0.014925125000000013,2.6477532
0.31165385090149983,-1.95,1000,-0.012330693,0.17361426749255116,-0.023166114025982096,0.473728213221458,1.0,3.7424919605255127,2540,2.0856307934651674e-06,3.5789321183127054,0.005508532314564853,5.0625,4.085366215594522e-06,0.4895249967265224,0.9987463651171979,0.011095092923409934,0.0,-0.27377418942230747,-8.451886474280826,-3.349236488342285,-0.0005378974241938326,0.0,0.0029921655,-0.019825872503125015,2.6478555
0.3124497077776973,-1.75,1000,-0.010529465,0.27759164981852935,0.010049829854047856,0.44097107325501106,1.0,3.3399908542633057,2560,2.345900714579308e-06,3.8194632521613077,0.005692839034089746,5.0625,4.065647527514942e-06,0.4733509651559231,0.9985649781051338,0.008839124484902367,0.0,-0.28988146461597225,-5.740256147252684,-3.1420748233795166,-0.0006208654435561939,0.0,0.0020226492,-0.019493749430062983,2.6451473
0.32814706191631954,-2.1,1000,-0.010811429,0.1968315470557589,-0.02210452755994629,0.4728529838088305,1.0,3.4498422145843506,2580,3.2203844539804986e-06,3.7986908263501116,0.0030643178702861665,5.0625,4.296959393914666e-06,0.25333103866989326,0.998811709195762,0.012671477907948519,0.0,-0.290299862947065,-8.51661553354745,-3.7958202362060547,-0.0005544430158004172,0.0,0.0025362845,-0.019850499375000018,2.6427615
0.3023508727829593,-1.6,1000,-0.008608855,0.21664701851076507,-0.03920413492061198,0.4558612490626946,1.0,3.685580015182495,2600,1.3325127512895643e-06,4.291323350646042,0.0025889093914828938,3.375,2.345811965012253e-06,0.450451255220347,0.9983924357740042,0.009185796960007373,0.0,-0.2716420067654248,-8.180955007024185,-3.10575795173645,-0.00025442550000000024,-1.0658141036401503e-17,0.0014392297,-0.014925125000000013,2.6443987
0.3103467946545411,-1.6,1000,-0.01603109,0.35478956150605545,0.00989802789175883,0.46204286964098007,1.0,3.494523525238037,2620,1.2273045846432703e-06,5.580145020359404,0.011444498739186593,3.375,2.2668436040242788e-06,0.46245699348613833,0.9983043115237901,0.010592375286666327,0.0,-0.29479070426945864,-8.856494624357474,-3.0731210708618164,-0.0002593014968781252,1.4210854715202004e-17,0.0051371115,-0.014925125000000013,2.651474
0.29651541868899917,-2.0,1000,-0.014637569,0.22157558553701417,0.03129329450707883,0.45726376465146634,1.0,3.8884458541870117,2640,4.338839641492289e-06,3.582122756764279,0.017626169446256564,3.375,6.055346994003169e-06,0.29953171734622297,0.9988925545799218,0.011897955746660735,0.0,-0.2841969051395167,-5.675659107335708,-3.2756128311157227,-0.0007263679057103398,0.0,0.005323996,-0.014925125000000013,2.64573
0.31211830197503077,-1.6,1000,-0.00937948,0.4533487917488541,0.010940275880566333,0.46088957101994266,1.0,3.697894334793091,2660,1.1065115649199156e-06,4.642281804473562,0.009578055177626044,3.375,2.1042342396436903e-06,0.5242274923212762,0.9979242947016612,0.010288981103652008,0.0,-0.2586657411900777,-8.03111047373894,-2.9614884853363037,-0.00024452525000000024,1.4210854715202004e-17,0.0024555104,-0.014925125000000013,2.6342077
0.28686469015425897,-1.95,1000,-0.017587308,0.4288928292677674,0.030475009919900913,0.46008064758394934,1.0,2.9894394874572754,2680,1.9493675931364134e-06,3.3016865270136084,0.014251548044918402,3.375,3.518303529381902e-06,0.51496063929787,0.9985524917511752,0.013987047966512827,0.0,-0.28587109192211846,-10.721302936896532,-3.229201316833496,-0.0003537536150187347,-2.1316282072803006e-17,0.003912016,-0.019850499375000018,2.641241
0.3089808347566523,-1.9,1000,-0.025341561,0.3722893415296359,-0.00375998387823347,0.45974355443671855,1.0,3.2256696224212646,2700,1.5709730860390807e-06,3.981992959108009,0.005172864710318746,5.0625,3.006326440630692e-06,0.49092082309524854,0.9985041948803699,0.012485351203145251,0.0,-0.2822998430728189,-10.225213385574087,-3.5820298194885254,-0.0003142257500000003,-2.1316282072803006e-17,0.007166908,-0.014925125000000013,2.653337
0.3042128162192677,-1.95,1000,-0.015872061,0.4556983866522849,-0.02914708256884478,0.5049799390233496,1.0,3.2957661151885986,2720,2.1905625929810616e-06,4.455645314155887,-0.0026158350566821355,5.0625,3.458651463327883e-06,0.39628636395048866,0.9985189031046957,0.012657800619840755,0.0,-0.2810463789561174,-9.183628145973698,-4.050487518310547,-0.0003390512493750003,-1.7763568394002505e-17,0.002669825,-0.019850499375000018,2.6579351
0.2913685731076676,-1.65,1000,-0.012030199,0.46572976137986766,-0.007922803569235838,0.4373695198319326,1.0,2.897231101989746,2740,1.2890090049558181e-06,4.603563792898742,0.004955518244114189,5.0625,2.7914016313642383e-06,0.5456417979428098,0.9982571514021605,0.010770530574047081,0.0,-0.28940460686004993,-8.545053822389075,-3.3334157466888428,-0.0003130459201865573,-1.0658141036401503e-17,0.0023946832,-0.014925125000000013,2.653195
0.32641699992534207,-1.85,1000,-0.011352758,0.5601177396670711,-0.032017625112086535,0.48454310210303225,1.0,3.668447732925415,2760,1.3715170411839129e-06,5.059126138866804,-0.002724717290856695,5.0625,2.864221875358988e-06,0.5805991327686209,0.998178755873737,0.012119684215633203,0.0,-0.26757869428755077,-8.893503683888508,-3.921225070953369,-0.0003042756250000003,5.3290705182007515e-18,0.0027484715,-0.014925125000000013,2.652216
0.2995451943644208,-1.85,1000,-0.012535911,0.5136798817312151,-0.0028345517793204635,0.46881264543668255,1.0,3.1787185668945312,2780,1.562579085663801e-06,4.721927645781263,0.0017766485059161074,5.0625,3.0324832424848825e-06,0.5390135965407034,0.9982987538210382,0.012057910978747319,0.0,-0.2762892524197804,-10.772634078448315,-3.8040523529052734,-0.00030920099937500027,1.7763568394002505e-17,0.0031307572,-0.019850499375000018,2.6486244
0.29162301842993443,-1.6,1000,-0.0120996,0.2836525437726314,0.017150479908537818,0.4822686065772735,1.0,4.067930221557617,2800,1.978003551991508e-06,5.366591457912435,0.01124344857849927,5.0625,3.049028946477885e-06,0.44454853161714714,0.9984208776674491,0.011285474583991864,0.0,-0.3032252131593222,-6.952814587336763,-3.6518478393554688,-0.0004583209273157075,0.0,0.002817525,-0.014925125000000013,2.653033
0.30659531190655087,-2.0,1000,-0.010248208,0.4335680779329887,-0.018704691470484248,0.48299285011734816,1.0,3.314697504043579,2820,1.839690825513381e-06,4.465115508563556,-0.004251430219173383,5.0625,3.850072319628101e-06,0.5458563099972668,0.9985655600470943,0.010936878872878007,0.0,-0.2915271277779,-9.747975761829258,-3.508103370666504,-0.0004018957555845955,1.0658141036401503e-17,0.002052806,-0.019609698464399035,2.6534126
0.29159470864110815,-1.9,1000,-0.00553305,0.2818818493243115,-0.029852560792700388,0.4851604785437703,1.0,3.2496628761291504,2840,2.922570848100632e-06,4.030804126396242,-0.003784604241040047,3.375,4.050642702304999e-06,0.34680995234818923,0.9986079570727115,0.011746441622762617,0.0,-0.2917346431060596,-7.399825599845434,-3.526350975036621,-0.000616880054681118,2.842170943040401e-17,0.0011188531,-0.014925125000000013,2.657264
0.30602289097663277,-1.8,1000,-0.009637585,0.4531017152349389,0.04298206100310199,0.4715208138269322,1.0,4.143719673156738,2860,1.6841504944335575e-06,3.934099448999952,0.010661419810000294,3.375,3.3079528631667504e-06,0.49732163710869726,0.9983328337355842,0.009579082207316071,0.0,-0.2633434820823275,-9.204468905233483,-3.2494287490844727,-0.000451130253977326,0.0,0.0018409161,-0.01903728641217426,2.6457548
0.3155795458552282,-1.95,1000,-0.012430305,0.29444830027177904,-0.03611536972381873,0.49939765117748514,1.0,3.192401170730591,2880,2.51492978063945e-06,4.320551143360852,-0.0029268045601858216,3.375,3.8871830037789155e-06,0.38169490290623553,0.9985808061979975,0.011885125667309107,0.0,-0.27368849140592527,-5.520626005034328,-3.591742992401123,-0.0005410833028555697,7.105427357601002e-18,0.004003417,-0.014925125000000013,2.630445
0.29914437866262666,-1.5,1000,-0.018148165,0.29046941470389953,-0.03494278306281194,0.47156202535044994,1.0,3.365900754928589,2900,1.7676920960777453e-06,4.756578318593253,0.00024761350320845867,3.375,2.988539218799702e-06,0.4086304204890918,0.9985116232212715,0.010260152646018693,0.0,-0.29526205958077956,-12.222848955239423,-3.524815559387207,-0.0003776736403996533,1.7763568394002505e-17,0.0051279287,-0.01920553635477563,2.6245618
0.30279788979769534,-1.9,1000,-0.019701654,0.2460283504096309,0.010378500966005958,0.5001713818163953,1.0,4.3643412590026855,2920,3.4630081546732517e-06,3.291579977107096,0.014454944042662368,5.0625,4.679666279154072e-06,0.2803280348009022,0.9987725565534735,0.011621702529162779,0.0,-0.3012486018538352,-6.436079109247045,-3.812817096710205,-0.0007127485541365683,2.842170943040401e-17,0.006227679,-0.014925125000000013,2.6176267
0.3107764879766702,-1.95,1000,-0.012197955,0.40994606862910277,0.008785583793418482,0.4975095299234762,1.0,3.9576683044433594,2940,2.077616970638577e-06,3.941299500560828,0.0027919432601804625,5.0625,3.957342802722657e-06,0.482001617083034,0.9985695325751075,0.010729733728431588,0.0,-0.2769211817680487,-7.321097044966271,-4.061337471008301,-0.0004507307789746133,0.0,0.0029323366,-0.0193141707086703,2.6147547
0.3361692830660344,-1.8,1000,-0.012056534,0.31742757521272646,0.018195387456333263,0.5327615078833072,1.0,3.388395309448242,2960,2.240488342985977e-06,3.8015687602524824,0.0020400442027145565,5.0625,3.268578322620218e-06,0.31735040838688855,0.9985492733139171,0.011426524303288617,0.0,-0.2831854160215307,-8.936630199286439,-4.027408123016357,-0.0003882664442197914,-1.4210854715202004e-17,0.002295076,-0.019403059953669408,2.6084766
0.2922825597532933,-1.85,1000,-0.009104121,0.23128596723038164,0.032672850209870374,0.4909297022798534,1.0,3.572101593017578,2980,1.4635763282923695e-06,3.2287910023120983,0.023457010561399483,5.0625,3.1456043813113787e-06,0.5453374076640523,0.9985894392135302,0.010031048292698793,0.0,-0.2848055385840239,-7.675110161095429,-3.2049574851989746,-0.0003987385092661221,-7.105427357601002e-18,0.0022718085,-0.014925125000000013,2.5907185
0.3110878311043347,-1.7,1000,-0.012194439,0.1799247352562674,0.015981608759844675,0.4596518335765463,1.0,3.8216285705566406,3000,1.701083219540277e-06,3.764712240151819,0.016495711316392308,5.0625,2.8327697367524877e-06,0.4038545418924301,0.9985110669487323,0.010215528579454835,0.0,-0.2737481778157716,-10.487314404825694,-3.635385274887085,-0.0003934429790448777,-2.842170943040401e-17,0.0027760968,-0.014925125000000013,2.5958323
